S01B00006275696C642F72656C656173652F7A69676265652E73333714
S21400400008100020116D00006DB00000B7310300ED
S214004010B731030075B000007DB00000B731030073
S214004020B7310300B7310300B7310300B7310300DF
S21400403081B00000C4740400B7310300B731030038
S214004040B7310300B7310300B73103002968000019
S214004050B7310300B7310300B7310300B7310300AF
S214004060B7310300B731030081B50000B731030054
S214004070B7310300B7310300B7310300B73103008F
S214004080B7310300B7310300B7310300B73103007F
S214004090B7310300B7310300B7310300B73103006F
S2140040A0B73103007D70000061700000B731030077
S2140040B0B7310300B7310300B7310300F100020047
S2140040C0658D0300618D030055F801007B8D0300AC
S2140040D0698D0300B10002006D8D0300E5E4010068
S2140040E031010200B7310300B7310300B7310300D6
S2140040F0B7310300B7310300B7310300B73103000F
S214004100B7310300B7310300B7310300B7310300FE
S214004110B7310300B7310300B7310300B7310300EE
S214004120B7310300B7310300B7310300B7310300DE
S208004130B73103009B
S214004134F0B5114A114C124E00F00105E3695F0711
S21400414413D40DB9334213D103EA00078F4207D1C3
S2140041540B4A1A40002A14BF6FF001000020F0BD7D
S214004164013AEBD16FF00200F9E74FF0FF30F6E7C3
S2140041746FF00100F3E700BF80969800000003503C
S214004184020001000B4B70B5D96911F480310DD1D2
S21400419401244FF48072084E084DF46020462C64C7
S2140041A41A61FFF7C5FF3464EC6070BD6FF0010060
S2140041B4FBE700BF0000035000100350002003502C
S2140041C438B541F6713301220C4C0021E569E363EE
S2140041D40B4B05F48035DA600223606121202361ED
S2140041E4FFF7A6FF10B92120FFF7A2FF0122054B17
S2140041F4DA600DB10023E36338BD00BF000003504E
S214004204001003500020035070B5134C6061E3693E
S2140042145B071ED40E4656F8043B8D18A361AE42C7
S2140042240BD10423002121202361FFF781FF58B915
S214004234BDE870402120FFF77BBF08210846FFF742
S21400424477FF10B10423236170BD56F8043BA361C5
S214004254E5E74FF0FF30F7E7000003502DE9F84399
S214004264154641F67132164B8946DF69DA63012238
S214004274064603F58053DFF8508007F48037DA608B
S21400428455B9284601220F4BDA601FB10022A3F568
S2140042940053DA63BDE8F88306F5005404EA08041C
S2140042A4A41BAC4228BF2C46494622463046FFF79C
S2140042B4ABFF0028E6D12644A1442D1BE0E700BF4F
S2100042C4000003500020035000E0FFFF45
S2140042D02DE9F04F4FF0FD0BC9B09A460DF11B09C2
S2140042E09DF8503108AFCDF80C90CDF808B0019786
S2140042F0059303890446009383790E4690464188C9
S2140043008288407810F012FC054650B10090A388D1
S214004310002062883A4910F04DFF284649B0BDE8B3
S214004320F08F99F8000032F034F838B12846A388A8
S2140043306288344910F03EFF8D25EEE75A4639462E
S21400434099F8000031F0CDFF8346002851D0529BEB
S2140043501BB1BDF84C3198424BD8002399F8009019
S2140043600793A9F14102012A5FFA8BF123D8384658
S2140043700139254ADFF898C05FFA81FE734513DBE2
S214004380059B04210792C3B907AF18221F489FED6B
S2140043901A7B02FB060420460A460830394684ED9E
S2140043A0027B15F05DFC11E010F8011F013351404F
S2140043B00CFB01F2E2E7059B33B123464A4638463A
S2140043C000960EF0F5FBA8E70829DED9B8F1000F35
S2140043D001D088F80090BAF1000F01D0AAF800B01A
S2140043E0529B002B99D05A46184608A915F038FC5F
S2140043F093E7012591E700BF0000000000000000E1
S214004400981E0400CD1E0400C59D1C81801000204F
S21400441093010001000000002DE9F04F93B0CDE9B4
S2140044200A32DDE91C530E9353EC102BCDE908013C
S214004430104619468DED060B1E9E14F09BFE80B1AD
S214004440DDE906014FF0FF32C54B14F0BBFE40B964
S214004450DDE906014FF0FF326FF4801314F094FE8E
S21400446070B1DDE908019DED060B0E9B1E96CDE9A9
S2140044701C53DDE90A3213B0BDE8F04F00F088B9EE
S2140044800022DDE90601002314F07EFE002800F07D
S2140044903381DDE906A303F1004BCBF30A5016F493
S2140044A08063A0F2FF3008BF06250F9314F090FB40
S2140044B09BA3D3E9002314F0F5FB9BA3D3E90023C9
S2140044C014F03AFACBF31304894644F07F51804641
S2140044D00022A44B504641F4401114F02BFA94A34A
S2140044E0D3E9002314F0DEFB02460B46404649465D
S2140044F014F022FA14F070FE044614F069FB8EA342
S214004500D3E900238046894614F0CCFB0022964B64
S21400451014F012FA14F060FE89A3D3E900230746CC
S2140045204946404614F0BEFB80463846894614F09D
S2140045304FFB85A3D3E9002314F0B4FB02460B46D9
S2140045404046494614F0F6F902460B46CDE90C23E0
S21400455014F0A8FBDDE90C23804689461046194670
S21400456014F0EAF90022CDE91001804B4046494696
S21400457014F0C2FC00227E4B14F0DEF902460B4615
S2140045804046494614F0B8FC00227A4B14F0D4F9A1
S21400459002460B464046494614F0AEFCDDE90C23C5
S2140045A08046894600204FF0804114F0C3F9024649
S2140045B00B464046494614F0BFF902460B46DDE975
S2140045C0100114F099FC07F2FF3700226A4B14F032
S2140045D0B3F900223B0514F065FB52465B46804665
S2140045E0894614F0EFFD002840F08980CDE90C895B
S2140045F004F16303C62B8CBF0527042731051BD5A2
S21400460053A3D3E900235046594614F0D1FD0028A1
S2140046107FD051A3D3E900235046594614F0B4FD89
S214004620002876D00027A542C6BF2C1B04F1FF3514
S21400463000253C4646F480660E9B9F422CBF4FF0FA
S2140046400008A3EB070816F0020903D0002F18BFD6
S2140046504FF000083CB1DDE90C235046594614F0F3
S2140046604BFC82468B46DDE906010022002314F04F
S2140046708BFD10B10BF100439B46DDE9080126F4E3
S2140046800063CDE90183DDE90A324BEC10AB0095FF
S21400469000F07EF802465FB3DDE9091316F0200F3E
S2140046A000F10105089E0CBF65204520B047DDE9F6
S2140046B008010523002205930A23002CCDE90232C7
S2140046C007F1FF374FEAD473B8BF64422A46019316
S2140046D004970A9B009433F0BDFC0246B9F1000F24
S2140046E006D00B9BC41A0B9B1A190E9BA34245D8E7
S2140046F0104613B0BDE8F08FDDE906ABCDE600222C
S214004700404649461A4B14F0F7FB013CCDE90C0134
S2140047106EE7002D90D00F9B002B8DD0013D8BE7D0
S214004720FB799F501344D33FB3C8608B288AC63F9B
S21400473061436F63A787D23F71A379094F930A40FD
S2140047401655B5BBB16B0240EF39FAFE422EE63F76
S2140047502D431CEBE2361A3F0000000080842E41F9
S214004760FFFFEF7F0000F83F0000E03F00002C4016
S21400477000002440000018400000F03F2020DDE943
S2140047800913089DA8470134ADE700BF00000000EC
S2140047902DE9F04F5BEC10AB97B0CDE90501DDE9F4
S2140047A02058CDE90723504652465B465946229F7D
S2140047B014F0E0FC70B90323CDE902870193AA4BFD
S2140047C00093DDE90501DDE9072333F075FB17B03B
S2140047D0BDE8F08F4FF0FF326FF480135046594615
S2140047E014F0D2FC28B10423CDE9028701939F4B35
S2140047F0E6E74FF0FF32504659469D4B14F0E2FC78
S21400480068B19C4A07F00403002B08BF03229A4BAA
S2140048101CBF13460422CDE902870192D0E750461A
S2140048208DA3D3E90023594614F0CCFC38B98CA3E9
S214004830D3E900235046594614F0A6FC68B1DDE9DA
S2140048400723DDE905014BEC10ABCDE92187209568
S21400485017B0BDE8F04FFFF7DFBD0022002350463B
S214004860594614F091FC002800F091805B465246B1
S2140048700020002114F05EF8012382468B4609933F
S21400488017F4806400F08580092D40F285800024AE
S21400489030210EABA5F109020134202C03F8011BD0
S2140048A0A5EB040901D09442F6D15946504614F0BF
S2140048B093FC724B054603EBC90393ED007B8DED2D
S2140048C00A7B14F085F902460B465046594614F00A
S2140048D031F8DDE90A2314F0E5F902460B46CDE986
S2140048E00C2314F0A1FC064614F062F902460B46AF
S2140048F0DDE90C0114F01EF802460B46CDE90C2348
S21400490000225F4B14F05EFC002848D0013630468B
S21400491014F04EF902460B46DDE90A0114F03EFC9F
S21400492008B100260135B9F1000F45D1284614F02C
S2140049304FF902460B465046594613F0FBFF00223D
S2140049404F4B14F021FC10B9E90700D501350A21B8
S2140049500EAB1A19202C0AD095FBF1F001FB10556E
S214004960303502F8015B013405460028F2D107F025
S2140049700302012A55D1B8F1000F52D0099A12B994
S21400498017F00C0F01D008F1FF38302240E00990F4
S21400499076E74FF0060988E7A946002485E7002257
S2140049A0DDE90C01364B14F0EFFB0028BBD10EB14D
S2140049B0F007B8D50136B6E70A210EAB1A19202C37
S2140049C00DD0B6FBF1F001FB1063092E03F13003A6
S2140049D009F1FF3904F1010402F8013B11D8302136
S2140049E0A1440EAA202CB2D04C4504F101030AD1F2
S2140049F004F158020DEB02042E2204F8202C1C466B
S214004A00A5E70646DBE7A1541C46EBE71A5501343A
S214004A10444506D2202CF9D1CDE9028701940EAB8D
S214004A20CEE6202CF8D0099B3BB12D2204F158038A
S214004A306B4403F8202C0134EEE77A0704D504F122
S214004A4058032B226B44F4E73B07E5D504F15803E3
S214004A5020226B44EDE700BF0000000065CDCD418D
S214004A600000000065CDCDC16E3C0400723C040021
S214004A70FFFFEF7F653C04006A3C0400A882040048
S214004A800000E03F0000000070B58EB02C22002130
S214004A9003A814F055FF64234FF002320893CDE9C3
S214004AA005230B2301218DF834305B4B8DF8101055
S214004AB01D880D4040F0A980084637F089FD0A227F
S214004AC0564B574C1A704FF42873ADF812304FF00F
S214004AD0FF332360534B54491B8820460B82534BAD
S214004AE0534A1B68CD828B61524B0D621B884B82EA
S214004AF0514B1B68CB611BF091FB20B14FF41B712F
S214004B004E4838F0A3FE0521206833F08CFC20B117
S214004B1040F27D21494838F099FE206813F0C6FE21
S214004B20474B2068196833F041FD0C2538F0B8F97A
S214004B306843099038F0B4F968430DEB0501079017
S214004B40206815F0BFFD20B140F295213B4838F0B3
S214004B507DFE25681DF00CFF00220146284633F036
S214004B609DFD20B140F29721344838F06FFE40F2A8
S214004B700353344D344E2B80052396F90000AB705A
S214004B807F2801D11BF040FC3378EB7038F088F9B1
S214004B9000EB80008000A88038F082F90023C00077
S214004BA04FF0FF31E880AB604FF0FF3018A3D3E939
S214004BB0002337F05FFE2549206833F028FD206883
S214004BC002A934F044F920B14FF434711B4838F090
S214004BD03DFE042220680DEB020133F0BCFC0428E5
S214004BE004D040F2D721154838F030FE01A9012044
S214004BF033F0C7F806F07EFA01201CF097F82FF085
S214004C005BF81CF0BDF81BF097FB0EB070BD00BF44
S214004C100A0020FF4203000016550020B05B00206B
S214004C20484D0020DA9B0400E8610020E09B040069
S214004C30F9C50300D89B0400DC9B04009D730400A8
S214004C40D85F00203C4D0020F76400206DC60300AE
S214004C500348044B834202D0034B03B11847704706
S214004C602C6500202C65002000000000064B07493C
S214004C70C91A891048BF0131491003D0044B0BB143
S214004C8001481847704700BF2C6500202C6500209F
S214004C900000000010B5064C237843B9FFF7D8FF94
S214004CA0044B13B10448AFF300800123237010BDFA
S214004CB0681600200000000080BF040008B5044B02
S214004CC01BB104490448AFF30080BDE80840CDE7B7
S214004CD0000000006C16002080BF0400A3F5803A98
S214004CE0704700BF154B002B08BF114B9D46FFF7C2
S214004CF0F5FF00218B460F461148124A121A14F08F
S214004D001FFE0C4B002B00D098470B4B002B00D0FF
S214004D1098470020002104000D000B4815F056F9B6
S214004D2014F0E6FD200029002EF0C5F815F03CF939
S214004D30000008000000000000000000081000202E
S214004D4008100020145C002035A0010038B500F0E3
S214004D5019FF012805D000F015FF022801D000F049
S214004D6029FF064D2B783BB900F00CFF01280446BE
S214004D7002D12EF097F82C7038BD00BF02560020E6
S214004D8070B50C46088800F0E9FC94F844300546F7
S214004D90834214D004F11C0630462EF01FF884F827
S214004DA044502EF01FF83221A06430462EF011F841
S214004DB094F844100248BDE8704013F0AFBC70BDD4
S214004DC088DC030010B50446008800F0C7FCA37812
S214004DD084F84400834202BF0123E3702371074B2B
S214004DE004F11C00C4E9073400F0AAFD224620881E
S214004DF00349BDE8104000F0C5BC00BFAF2B030060
S214004E00814D000070B5C37804460D461646002B4B
S214004E1032D1C1B11F4813F081FCE36CA6600BB120
S214004E20E06D9847E368F61A63699E4221D2217EB8
S214004E3019480131C9B2217613F070FCA36D13B185
S214004E40217EE06D9847E5702DF0CCFF0DB32379F9
S214004E50FBB9A268238A801A83421AD201230F481C
S214004E60237113F05BFC236D9BB1E06DBDE87040D1
S214004E70184701232376E6E70029E4D1084813F013
S214004E804DFC636DE6602571002BDCD0E06D984725
S214004E90D9E770BDA5DC0300B6DC0300E4DC030044
S214004EA0D1DC0300F8B51E46838804460D46174637
S214004EB00BB18680F8BD817800882DF099FE01231D
S214004EC0E370084BE5802781A680C4E903340C34E0
S214004ED0204600F035FD29462046BDE8F8402DF076
S214004EE078BF00BFFB2B0300816810B5B1FA81F1D3
S214004EF00446490900882DF0F2FEA168A088B1FAA0
S214004F0081F149092DF0EBFE034B1A68A24204BF5B
S214004F1000221A6010BD00BF8416002010B504469B
S214004F200146044813F0FAFB2046BDE81040FFF7A0
S214004F30DBBF00BFFADC0300C36870B50446A3B14C
S214004F4000880E4E04F11005336813B10C4B1B7825
S214004F506BB1217A2DF0C3FE64210A4B34602361C5
S214004F602846BDE870402DF034BF8088E9E7064843
S214004F7013F0D4FB054B32212361F1E784160020A1
S214004F80035600201D4F000013DD0300914F000064
S214004F9010B50446034813F0C1FB2046BDE8104098
S214004FA0FFF7CABF49DD030010B50446E0B10F485D
S214004FB013F0B4FB0123E360636853B9217A2088B9
S214004FC02DF08DFEA36B7BB1E06B0121BDE8104098
S214004FD018472046FFF788FF04F110002DF0FEFE6C
S214004FE02046FFF7A9FFEDE710BD00BF5FDD030019
S214004FF010B50446F8B1104813F090FB0023E360A8
S21400500063686BB9A1682088B1FA81F149092DF06F
S21400501066FEA36B7BB1E06B0021BDE8104018472D
S2140050202046FFF761FF04F110002DF0D7FE204662
S214005030FFF782FFEDE710BD6ADD030010B50446FA
S21400504068B1074813F06AFBE36820461BB1BDE869
S2140050501040FFF7CDBFBDE81040FFF7A5BF10BD5D
S21400506076DD030010B50E4C0E48214613F056FBB5
S21400507082210D4813F052FB82210220A21E00F06E
S21400508019FC014630B134F8022C0848BDE810403F
S21400509013F044BB0648BDE8104013F03FBB00BF0A
S2140050A09A4E002085DD0300A0DD0300ABDD030083
S2140050B0EFDD030038B5104C82212246022000F0B6
S2140050C0E9FBA51C014678B122880C4813F026FBA4
S2140050D02A460B4B03F13C0153F8040B8B4242F873
S2140050E0040BF9D13B23238035F8021C054A0648F9
S2140050F0BDE8384013F012BB984E0020FADD0300DE
S2140051007ADE03009A4E002058DE030010B50446EF
S2140051100146084813F002FB012C074805D12DF084
S214005120C4FDBDE8104000F0F3BEBDE810402DF011
S214005130BEBD00BFB6DE03003C5F002070B5002495
S214005140184D194E3378A34217DC0024174D184E1D
S2140051503378A34217DC0024164D174E3378A3424B
S21400516017DC00F00FFD0128144818D12DF09DFD26
S214005170BDE87040124800F017BD2846FFF722FE33
S21400518001346035DEE728462DF075FD01343435F0
S214005190DEE728462DF0A8FD01344035DEE72DF089
S2140051A086FDE5E75C1D0020075600203C1F00201A
S2140051B0085600201C1C0020065600203C5F0020DD
S2140051C00D5100002DE9F74FFFF774FFB04B01A813
S2140051D001932DF0ADFD054614F0AEFAAD4CC2B20B
S2140051E01F2A627004D9AC4813F098FA00F064FAEB
S2140051F02946A01C14F034FD01A82DF099FD0546A3
S21400520014F09AFAC2B21F2A84F8212001D9A348C2
S214005210EAE7294604F1220014F022FD01A82DF049
S21400522087FD002604462578002D59D1DFF8A89280
S2140052309B4FFFF783FF99F800203978994813F0C1
S2140052406DFA99F800303E78DFF860B21E44F6B288
S214005250012E38BF01265B46DA464FF482714FF6C0
S214005260FF720135AE421D7059809A8003F10C031F
S214005270F7DC00258C4C8D498648CAF8084000F0BB
S2140052803DFD9AF80700DAF8083000EB400003EB23
S214005290800000F049FB9AF80730DFF81C820133E3
S2140052A08AF807303B78AB4200F37D8100254FF04B
S2140052B00C08DFF820B299F80010A94200F38681A6
S2140052C031467A4800F09EFB019B71491A468B4294
S2140052D040F09781764803B0BDE8F04F13F01EBA51
S2140052E0532D0FD163784C2B40F0F880A378502BC9
S2140052F040F0F48001226F4B1A7001A82DF018FDC3
S214005300044690E72AD8412DF7D9423D102DF4D80F
S21400531001A353F825F000BF89530000FB5200009C
S214005320FB520000FB520000FB520000FB52000044
S214005330FB5200000F540000FB520000FB5200001E
S214005340C55300006F530000FB520000FB520000E4
S214005350FB520000FB52000047550000692DCCD1DF
S214005360601C2DF0F2FC80B22DF025FDC5E74C4BFD
S214005370012019780023504A994202F1A402BCDDAC
S21400538002F8A20C0133F7E7601C00F06BFA054642
S214005390E01C2DF0F9FC01210246284600F098F9A1
S2140053A060224648464C03785A43A118A5524FF44B
S2140053B0FA620A824FF448724A61424A01330A6529
S2140053C003709AE7601C00F04DFA002234268146EE
S2140053D03D4F114600F07CF938783C4D06FB00F353
S2140053E025F80390EA18E3781046693B18BF0123B6
S2140053F093702DF040FC3B78002103FB06550126F8
S214005400334A33441560516016743B7075E7601C70
S21400541000F028FA00221146814600F059F934229D
S214005420294D2A4F287802FB00F327F80390F91835
S214005430E3780846693B18BF01238B702DF01BFCF0
S214005440244A00231146906BB8B901EB831134232C
S2140054502A7802FB03738B635EB91D4A33461146F6
S21400546052F8040B78B93422287800FB027241F80F
S21400547023202B7801332B703FE70133042B02F1F6
S2140054804002E0D1E8E70133042BE9D1F1E700BFA1
S2140054909A4E00205C5E0020D5DE0300ECDE0300A2
S2140054A005560020FCDE03000017002088160020AA
S2140054B031DF030003560020801900200756002025
S2140054C05C1D00201B2D0300085600203C1F0020FA
S2140054D03C5F00208018002004560020601C00F06E
S2140054E0C1F90746E01C2DF04FFC01210246384664
S2140054F000F0EEF86023474D474C2A78A42053432B
S214005500E118E7524FF44873444F0B824B613B78E7
S214005510DFF820C158430CEB00010CF800304FF4C4
S2140055200070488003200871887102EB420004EB8B
S214005530401432200133DBB201324B718C6081F8AB
S214005540A0002A7061E7601C00F08CF900228146FA
S214005550334F114600F0BCF83B78324D9A0145F8BF
S2140055600290012205EB83139A60E3785BB1E01C9E
S21400557000F078F900220446114600F0A9F83B78BE
S21400558005EB83135C602849284A0B789C0102EBE4
S214005590831013553A78013305EB821501324563C3
S2140055A03A700B70A9E63DB11BF8053C03EB4303CC
S2140055B004EB8304CBF808405946404600F026FF2B
S2140055C0013508F1A4080BF10C0B6BE63978294479
S2140055D0481E08FB00A008FB01A1C07900EB4000B4
S2140055E004EB800458468C6000F022FD39781048A1
S2140055F0294408FB01A100F071FC01350BF1400BBA
S21400560059E613F8011D00297FF45FAE3B2102F82E
S214005610011C5AE6075600205C1D00200556002097
S214005620065600201C1C002004560020801800206F
S214005630101C00208019002007B5022101200DF162
S214005640060200F027F938B9044813F067F8BDF8E9
S214005650060003B05DF804FB0020FAE74EDF030007
S21400566007B50221ADF806000DF10602012000F094
S21400567021F9014610B1034813F050F803B05DF865
S21400568004FB00BF6FDF030010B5FFF7D5FF04462D
S2140056900146074813F042F80121064813F03EF889
S2140056A024B9BDE810400120FFF7DABF10BD00BFE7
S2140056B09FDF0300B1DF030008B5044813F02EF89F
S2140056C000F008F92DF07BFB2DF076FBC7DF03001A
S2140056D00B460E4910B40446087808B90120087035
S2140056E00B48210A405CE1B273B1012A04D0032AB8
S2140056F008D00023012201E0134602225DF8044B85
S21400570003F00ABF0023F8E70422F7E70A56002052
S214005710A27404003021074A030AD35C01224B43DB
S21400572041F21001C0B203F1A043824003F570338A
S2140057305A507047A27404003021074A030AD35C0B
S21400574001224B4342F21001C0B203F1A043824053
S21400575003F570335A507047A2740400084A030ACF
S214005760D15C1422302313FB012303F1A04303F57D
S21400577070331B68C0B223FA00F000F001007047D7
S214005780A27404002DE9F04F304B8B461978824600
S21400579085B009B9012119702D4C23782BB90392D5
S2140057A02DF017FD0123039A23702A494FEA1A2386
S2140057B0CF5C00243021284D5FFA8AF801FB04F301
S2140057C0E85C00283BD10121E4B2E954302604EB22
S2140057D0440005EB0019484606FB04531F491030E9
S2140057E0C3E902B2A3F802A008F0A4FB414638467B
S2140057F003F0D2FE022827D1102316FB073303F14D
S214005800A04303F570331B6823FA08F313F0010F67
S21400581014BF01230323302202FB045520464A46C8
S2140058200F492B712DF0D7FC0123224641463846FE
S214005830CDE9003303F02AFE05B0BDE8F08F013451
S214005840102CBBD1FF24C1E70023E4E70A56002052
S21400585009560020A274040040200020692D030091
S2140058607B2D030080B10278A2F14103032B0BD8F5
S21400587040783038C0B2082806D8054B134413F8D1
S214005880413C40EA032070474FF6FF70704700BF68
S214005890A274040008B50B4642B1014604480068ED
S2140058A002F0BEFCBDE808402DF07FBA022008BD1D
S2140058B0D05F002008B50B4642B101460448006898
S2140058C002F036FEBDE808402DF06FBA022008BD93
S2140058D0D05F0020F0B50026124F8DB0FF23009356
S2140058E00A223346386802A92DF08CFFC0B102ABFD
S2140058F01D4603EB800404E055F8043BB34228BF82
S2140059005E1CAC423868E9D9296802F097FF002887
S214005910F2D02D28F0D00DB0BDE8F0402DF045BAFD
S2140059200DB0F0BDD05F002028B1034B0360034BE1
S214005930436000238360704719000003505F002017
S214005940FF2307B50021044A0093083008F076FAD2
S21400595003B05DF804FB00BFCD2D03000B460449E1
S214005960024608680349097808B12DF042BA704724
S214005970482300200C560020F8B50C4618B122210A
S2140059800E4837F063FF246823685E795F883046E8
S2140059903946FFF7E3FF08B98120F8BD8568002D7A
S2140059A0FAD0A368E27C3046F9B2A847044600283D
S2140059B0F2D131F05FFA2046EFE700BFD4DF0300F4
S2140059C0F8B515460D4A044610680D4A0B46117880
S2140059D050B122462DF00DFA034628B100210C27BF
S2140059E0C678B14201DB0020F8BD07FB01F45A6817
S2140059F01019125BAA42F7D00131F2E748230020C3
S214005A000C5600202DE9F74F04460D460026454B60
S214005A10454F1860454B197033010021F85C01367C
S214005A200EF0F0FE0C2EF7D10C2D28BF0C254FF0F3
S214005A30000901953C4EDFF800A13D4DDFF8FC80E3
S214005A40019B4B4502DC03B0BDE8F08F23784FF096
S214005A50000B337063887380A388B380A379C6F87D
S214005A600880B371E379C8F8005088F804304FF026
S214005A700003A768A8F80630E3795B450ADC012135
S214005A8016F8100B0EF0BEFE08F1080809F1010921
S214005A900C34D5E74FF0000338886B812880FB78FC
S214005AA04FF0000C2B81BA78C5F804A0002A0092AB
S214005AB00CBF802240222A7379680AF10C026345E3
S214005AC013DC03EB43030AEB830ABB6843B1009A7B
S214005AD04FF6FF71B2FA82F2164B520931F05AF9BC
S214005AE014350BF1010B0C37C6E7B1F800E00CF1EA
S214005AF0010C22F80CEC91F802E00C3202F816ECDD
S214005B0091F804E00C3102F815EC11F809ECBEF13E
S214005B10010F14BF4FF0100E4FF0110E02F814ECE8
S214005B20CDE700BF482300209C3900200C560020FB
S214005B304C290020795900004C230020CC2B002053
S214005B40014B1860704700BF4423002070B51288D0
S214005B5005460E46FFF734FF044670B102790499F5
S214005B60806813F03FFF064B1B680BB9002070BD22
S214005B7028462288F1B29847F8E78620F7E700BF64
S214005B804423002008B50DF075FF022806D0012832
S214005B9006D0044B18784000C0B208BD0120FCE7D0
S214005BA00220FAE70B560020014B1860704700BF32
S214005BB040230020034B1A781AB901221A700AF003
S214005BC035B870470B5600200022064B10B51A70E9
S214005BD0054B1C682CB1FFF7D5FF2346BDE81040E7
S214005BE0184710BD0B5600204023002037B504464A
S214005BF0002832D00DF03EFF022830D1608931F007
S214005C00B6FCE079237A003818BF0120012B637AAE
S214005C1008BF40F008000BB140F0100063890BB1DC
S214005C2040F00400257CA188A2790DB1E36873B921
S214005C300C4B0FF045F9217808460FF0BDF930F00F
S214005C40A0FF002814BF0320002003B030BDCDE91C
S214005C500035054B0FF034F9EDE70220F5E701209B
S214005C60F3E700BFB12B040050FB0300034B044ACC
S214005C705B7C012103201370FFF71CBE3C5F0020F5
S214005C800D56002010B50446FFF7F0FFB4F57F4F21
S214005C9010D10D4B1A88134400229A70FFF7E2F9D0
S214005CA00A48FFF74DFEBDE810404FF496710748CE
S214005CB02DF08FB84FF601739C4204D1BDE810401A
S214005CC003482CF0DABF10BD984E0020745F002009
S214005CD03C5F002010B5074C012122460320FFF749
S214005CE0D9FD28B92378044A003B18BF0123537412
S214005CF010BD00BF0D5600203C5F00200822F8B5FE
S214005D004B4B36241A70322230255A70DA70DA710C
S214005D104FF400121C711C72464C9D70C464464CB5
S214005D205D710465454C31258465454C4264C46507
S214005D30444C01224466444C9D718466434C85184D
S214005D400467434CC5674467202480F8784080F891
S214005D50844000F12104C0F888403E4C3E4DC0F817
S214005D608C403E4CC0F88050C0F894403C4C80F8C4
S214005D704820C0F8984080F854203A4C80F86020BC
S214005D8080F86C2080F8902080F89C20C0F8B8300E
S214005D90354BC0F8A440C0F8BC300F24022380F86E
S214005DA0A84080F8C030314C314BC0F8AC40C0F849
S214005DB0C430304C304BC0F8B040C0F8C83009246E
S214005DC082232E4D80F8B44080F8CC302C7C2C4BAF
S214005DD0C0F8A000C0F8D03044B12A4B80F8D820D4
S214005DE0C0F8D43005F11103C0F8DC304FF0000CD9
S214005DF0CA798E6802EB42039F00443006EB8303A9
S214005E0026F807C0586001200C349870DC70131810
S214005E10CB71FFF75FFFFFF7B5FE012806D12B7C9D
S214005E2023B1BDE8F84015482CF027BFF8BD00BFE9
S214005E300E560020BC74040001002000BB74040051
S214005E4002002000BA74040003002000B9740400A5
S214005E50040042000700300005004200B874040049
S214005E601200100100404200FDFF2100A67404004D
S214005E70B67404000600420000FF44013C5F0020A8
S214005E80984E002001FF100170B50D4606461446D8
S214005E9013460A4601460D4812F040FC25B9204636
S214005EA0BDE87040FFF7EEBE072D05D1214630460F
S214005EB0BDE8704000F070BA062D05D12146304688
S214005EC0BDE8704000F06EB870BD00BF46E003004D
S214005ED00148FFF735BE00BF895E00004FF4C013CF
S214005EE030B5036001230371074B8C688360CA7961
S214005EF002EB420304EB83056860044844F8230081
S214005F00531CCB7130BD00BFBD74040004000101FA
S214005F1038B50024044D55F8040B08B12CF0E0FF0A
S214005F2001340A2CF7D138BD2C2C00200229024659
S214005F3008B50ED004D839B910462CF0FCFF06E0A0
S214005F404029F9D0412907D110462CF0EAFF00205D
S214005F5008BD2CF0FAFFFAE7014812F0DFFBF6E77F
S214005F6079E0030011461A46024B53F82000FFF76B
S214005F70DDBF00BF2C2C0020426B094BD2681A7084
S214005F8082785A70C2789A70826B12B190F83C2070
S214005F90DA70007804210930014AC0B2FFF78ABCE3
S214005FA017560020024B53F820002CF0EABF00BF23
S214005FB02C2C002038B504460078084D09302A46B7
S214005FC00421C0B2FFF766FC30B96B78A370AB78DB
S214005FD0E370EB7884F83C3038BD00BF17560020DD
S214005FE038B504460078114D09302A460421C0B25F
S214005FF0FFF750FCC8B9A3782A78022B0CD004D837
S21400600063B920462CF097FF01E0FF2B0AD020460C
S214006010BDE838402CF064BF002AF2D120462CF0B0
S21400602080FFF4E7002AF9D1EBE738BD17560020C9
S214006030F8B504460B78224A0D4642F82300437012
S214006040FFF7B8FF636B1F4ADC639A632046FFF7CF
S214006050C7FF20462CF044FF4FF4801363600423F0
S2140060602372636BA06B0C33E360174BA21C236197
S2140060700123A261237560B1144A84F82030E261DE
S214006080E21C6262124A84F82C3004F13C03A262DD
S21400609023630627E979AE6801EB4103002826F85A
S2140060A0237006EB83020CBF02230423D370012364
S2140060B09370084B043493604B1C5460EB71F8BD2E
S2140060C02C2C00205F2F03000340300101FF30011D
S2140060D002FF1001655F000002464179D378084848
S2140060E00139042B00EB811008D8012B04D80BB91A
S2140060F02CF017BF2CF01FBF2CF027BF704700BF37
S2140061008018002002464179D37808480139042BCC
S21400611000EB811008D8012B04D80BB92CF00BBF6C
S2140061202CF0FFBE2CF011BF704700BF8018002077
S21400613030B587B004464579FFF724FD012822D103
S214006140E2786B1E042A1ED8DFE802F00431031F33
S2140061502800104663784FF480728DF804304FF4B0
S2140061608273ADF806300623ADF8083001238DF8AB
S2140061700B3000238DF80A0001A8CDE903238DF823
S2140061801430FFF733FD07B030BD0A4A02EB831325
S2140061905B6BD868003818BF0120DBE7054A02EBC6
S2140061A083135B6BD868B0FA80F04009D2E7002012
S2140061B0D0E700BF8018002030B587B00446457988
S2140061C0FFF7E0FC012829D1E3786A1E042B25D8C6
S2140061D0DFE803F00B0B0B032600164B03EB8213D2
S2140061E05B6BDB68003B18BF012362788DF80A30D2
S2140061F08DF804204FF482720123ADF806200622A3
S2140062008DF80B30ADF8082000234FF4807201A8FB
S214006210CDE903238DF81430FFF7E8FC07B030BD56
S214006220044B03EB82135B6BDB68B3FA83F35B0907
S214006230DBE700BF8018002010B586B00446FFF7E5
S214006240A1FC012812D16378094A8DF804304FF476
S2140062508273ADF806304FF48073CDE90223002335
S21400626001A804938DF81430FFF7C0FC06B010BDEB
S2140062700800070110B586B00446FFF783FC012826
S21400628020D16278104B8DF804204FF4827294F877
S214006290A01094F8A10059701870ADF80620049369
S2140062A04FF480720223094901A88DF81430CDE915
S2140062B00212FFF79BFC94F8A130013B18BF0123A4
S2140062C084F8A13006B010BD1B560020080005015A
S2140062D010B583780446E3B10379022B06D14379DF
S2140062E00C48013B00EB83102CF02FFEA379022B09
S2140062F002D12046FFF71CFF2046FFF7BBFF022314
S2140063006078A4F86C305522BDE8104012212CF0BD
S21400631092BD10BD801800204388094A08211380CA
S2140063208388538083681B8A938090F8A03093718B
S2140063308379D37100780430C0B2FFF7BBBA00BFD0
S2140063401A4F002038B50D4604460178104812F062
S214006350E5F94FF602739D420CD163791BB10D4AE5
S21400636012789A4201D2012363712046BDE8384074
S214006370FFF7D2BFB5F57F4FF7D120462CF063FE6E
S214006380A378022B0CBF01220022A3689A70ECE7C8
S2140063908FE0030004560020024B53F82000FFF75E
S2140063A0D1BF00BF542C002038B504460078134DEA
S2140063B004302A460821C0B2FFF76CFA20B1BDE8C7
S2140063C038400F4812F0AAB92B8863806B88E978AA
S2140063D0A380AA88A3681A82AB7984F8A030EB79E8
S2140063E0A37119B1074B1B788B4205D2064812F0F1
S2140063F095F923780133637138BD00BF1A4F00202A
S214006400A9E0030004560020D2E00300F8B50446D5
S2140064100B78484A0D4642F823004370FFF7C4FF46
S214006420A268454B0226D364444BA11C5365444BDB
S21400643044481365444B04F10C0CC2E916344FF47F
S2140064404013E36001236161E16240491032216339
S2140064502265211D3E4AA1633E49626504F1A00201
S214006460A061E163E265E01C611D3B4A2062616455
S2140064703A483B492266A21D2374237784F82830C5
S21400648084F8343084F84030A16484F84C6084F892
S214006490583084F864306062A266E879AA6800EB37
S2140064A0400102EB8107C7F804C04FF0060C2D4FE1
S2140064B042F82170C118C9B201EB410142F821C06F
S2140064C002EB810700217960274F84F88030276728
S2140064D0264F84F89830A767254F264BE767264F48
S2140064E084F8746084F88C60C4F89C3004F16C0600
S2140064F0831CC4F88470C4F89060204F204EDBB232
S21400650003EB4303C4F89460C4F8887002EB830678
S2140065107034746008261B4C42F82340C31CDBB260
S21400652003EB430302EB8304043042F8236061600C
S214006530E871F8BD542C0020B32F0300F52F03009C
S214006540D162000010003001A92F030001FF3001C6
S21400655004FF200102FF200105FF300100FF30018B
S21400656003FF2101070001084A002100BE74040051
S21400657051001000C0740400C174040055002100CE
S2140065806F0018001200010400239B6AB3F5804FC9
S21400659003D21968064A914203D000230370836031
S2140065A07047012202709A689B694260F7E700BF55
S2140065B007B0CD5E024B034A1A602EF0F1B800BF5A
S2140065C00000002002020FF073B53F4B04461A7815
S2140065D01AB102221A7002B070BDCDE9002200285E
S2140065E0F9D001261E7037F03FF8384D384B18604A
S2140065F016F076FE2B785BB902F0C4F940B9354840
S2140066000823354A3549006801F00AFE00B92E70A5
S214006610334B5A68E260334A9A601A6E22605A6EAA
S2140066206260D3F87021A2601B6E5C042CD52E4AE3
S214006630D368D807FCD42D4B1A68531C29D04FF4C6
S214006640801393402A4A13660423294C4FF0804255
S21400665023664FF480632366102323664FF40053AB
S2140066606846236601A9226663662CF004FD009B3B
S2140066702366019B63662B78002BACD0164B1A68FA
S21400668022665B686366A6E71A4AD368D907FCD415
S214006690D1E7194B1B78002BD6D1184B5A68144BF0
S2140066A012B94FF480121A66154A526812B94FF49E
S2140066B000121A66134B5B68002BC5D14FF480029C
S2140066C00B4B1A66C0E700BF1E5600201F56002060
S2140066D08C2C0020D05F0020902C00200071080039
S2140066E00080004455CEAC00000004409C5F0020B3
S2140066F000900044000004501D5600200080055005
S21400670000C005500000065038B5224D04462B78D0
S214006710012B02D001232B7038BD0028FCD02CF0B2
S214006720CFFC013009D02CF0CBFC40F2011398428C
S21400673003D0194AD368DB07FCD42268174B1A66C5
S21400674062685A66A268C3F87021E268D40744BF3C
S21400675000229A60124B1A68013213D1114A12783D
S21400676082B911494968C80748BF1A600F4A52687B
S214006770D10744BF01221A600D4A5268D20744BFAF
S21400678002221A6016F0B4FD0A4B186836F067FF4E
S2140067900023C0E71E56002000000440008000448E
S2140067A09C5F00201D5600200080055000C005504C
S2140067B0000006508C2C002070B50024A36AB3F5A8
S2140067C0804F23D21A68134B9A421FD1124E337849
S2140067D013F0FD0518D14FF480341048FFF7F4FE8F
S2140067E0032004F033FA0E4B0320DC6004F012FAA8
S2140067F00C4B1C61AB6ADB69984704460748FFF7F9
S21400680083FF0CB901233370204670BD4FF48174AA
S214006810FAE700BF07B0CD5E1D5600207C2C002096
S21400682000A000440090004413B5204B1B7803B929
S214006830FEE700231E4CCDE900336A4608231D49B7
S214006840206801F0EDFCF8B91B4AD2F84031D2F8C6
S21400685040211F2B4FF0010311D9203A9340019A93
S2140068601A43019208236A461249206801F060FE26
S214006870124B134A1A602DF093FF02B010BD9340DE
S214006880009A1A430092EDE72D28F1D10A4AD2F871
S2140068904031D2F840211F2B4FF0010385BF203A2C
S2140068A093409340019398BF0093DBE71E56002069
S2140068B0D05F002000710800008000440000002027
S2140068C00B020FF038B50025AB6A0446B3F5804FCF
S2140068D010D21B6BB3F5804F0CD20748FFF774FE3F
S2140068E0AB6A20461B6B5B689847BDE83840024899
S2140068F0FFF70ABF38BD00BF982C002013B5002450
S214006900A36A0190B3F5804F13D21B6BB3F5804F8B
S2140069100FD20948FFF758FEA36A01211B6B01A896
S2140069209B69984704460448FFF7EEFE204602B0EF
S21400693010BD4FF48174F9E7982C002070B500263E
S214006940B36A0446B3F5804F0D4612D21B6BB3F5FF
S214006950804F0ED20848FFF737FEB36A20461B6BFF
S21400696029469B69984704460348FFF7CDFE204614
S21400697070BD4FF48174FAE7982C002070B500269D
S214006980B36A0446B3F5804F0D4612D21B6BB3F5BF
S214006990804F0ED20848FFF717FEB36A20461B6BDF
S2140069A02946DB69984704460348FFF7ADFE2046B4
S2140069B070BD4FF48174FAE7982C0020F8B50027D4
S2140069C0BB6A0446B3F5804F0D46164611D21B6BC4
S2140069D07BB10948FFF7F8FDBB6A20461B6B3246C1
S2140069E029465B6A984704460348FFF78DFE204613
S2140069F0F8BD4FF40174FAE7982C002070B5002615
S214006A00B36A0446B3F5804F0D4612D21B6BB3F53E
S214006A10804F0ED20848FFF7D7FDB36A20461B6B9F
S214006A2029469B6A984704460348FFF76DFE2046B2
S214006A3070BD4FF40174FAE7982C0020F0B50027DB
S214006A40BB6A0446B3F5804F0D461646ADF5337D5A
S214006A5020D21B6BB3F5804F1CD21048FFF7B4FD55
S214006A60BB6A20461B6B40F2C1225B6A01A99847AD
S214006A70044630B10948FFF747FE20460DF5337D42
S214006A80F0BD836A32461B6B2946DB6A01A898472D
S214006A900446EFE74FF40174EFE700BF982C0020A0
S214006AA010B50024A36AB3F5804F10D21B6BB3F564
S214006AB0804F0CD20748FFF787FDA36A1B6B1B6B42
S214006AC0984704460348FFF71FFE204610BD0124E2
S214006AD0FBE700BF982C0020F0B58FB0044601A855
S214006AE00E461546FFF7EEFE9DF80C30012B12D130
S214006AF0B5F5402F27D8B4F5402F24D86319B3F541
S214006B00402F20D821462A46304613F0A9F8002404
S214006B1020460FB0F0BD0027BB6AB3F5804F15D2F4
S214006B201B6BB3F5804F11D20A48FFF74DFDBB6AC9
S214006B302A461B6B314620465B6B98470446054841
S214006B40FFF7E2FDE4E740F20244E1E740F2011419
S214006B50DEE700BF982C0020F0B58FB0044601A8F1
S214006B600E461546FFF7AEFE9DF80C30012B1FD1E2
S214006B70B5F5402F06D8B4F5402F03D86319B3F502
S214006B80402F13D940F2024420460FB0F0BDE25821
S214006B90013225D104339D42F9D82A463146204693
S214006BA02CF0BEFA0028EDD00024EDE70023F2E733
S214006BB00027BB6AB3F5804F15D21B6BB3F5804F29
S214006BC011D20A48FFF700FDBB6A2A461B6B314606
S214006BD020469B6B984704460448FFF795FDD3E78D
S214006BE040F20344D0E740F20114CDE7982C002091
S214006BF070B58EB0044601A80D46FFF763FE9DF8FB
S214006C000C30012B22D144EA0503C3F30C03002BFE
S214006C1033D1B5F5402F04D940F2024420460EB0D9
S214006C2070BDB4F5402FF7D82544B5F5402FF3D8FE
S214006C30204604F500542CF06CFAAC4202D0002832
S214006C40F6D1E9E70028E7D00024E7E70026B36A94
S214006C50B3F5804F14D21B6BB3F5804F10D20A48A1
S214006C60FFF7B2FCB36A29461B6B2046DB6B9847DE
S214006C7004460548FFF748FDD0E740F20444CDE758
S214006C8040F20114CAE700BF982C0020BFF34F8FD4
S214006C900549064BCA6802F4E0621343CB60BFF3B3
S214006CA04F8F00BFFDE700BF00ED00E00400FA05CF
S214006CB070B5D0B1C9B10E4E431E013913F8014F5D
S214006CC02046325D02F00302012A11F8012F08BFA8
S214006CD004F12000B55C05F00305012D08BF203245
S214006CE0801A01D1002CE9D170BD0120FCE700BF5D
S214006CF0C99A04000348044A0449121A92102CF058
S214006D005BBA00BF34410000D0420000B05C0020F7
S214006D1008B5154B83F30A8800F030F8FFF7EAFF52
S214006D20124B13498B4212D30020124B12498B424E
S214006D3018D3FDF7D7FF186850F82240586840F877
S214006D402240013298688242F5D30C33EAE70022EB
S214006D50F8E71C6844F8220001325C68A242F8D3C7
S214006D600833E4E70022F8E70800002088BF0400A4
S214006D7094BF040094BF040094BF0400124B134A4F
S214006D8070B59A60D3F88820114D42F47002C3F8AB
S214006D9088206FF0010205F50054226641F2FF726A
S214006DA062660222C3F8D020BFF34F8FBFF36F8F07
S214006DB04FF44036032003F049FF0320E66003F05B
S214006DC029FF2E6170BD00BF00ED00E0004000000E
S214006DD000800044014B1860704700BFA45F00208D
S214006DE0054B1860054B1B6F03F00703032B01D1FF
S214006DF034F0ECBC704700BFAC5F00200080005051
S214006E002DE9F04104464FF001080C250D4E0CB953
S214006E10BDE8F08194FAA4F0B0FA80F00F2808FAE2
S214006E2000F2C8BF103824EA0204CABF05FB00629D
S214006E3005FB0062B4325768002FE8D09168C0B2F4
S214006E40B847E4E7A82C002008B50C4836F0AAFCA2
S214006E50192003F0EDFE28B1192003F0F7FE1920E3
S214006E6003F0D8FE1A2003F0E3FE28B11A2003F040
S214006E70EDFE1A2003F0CEFE002008BD20770400A9
S214006E802DE9F0410E461746054618B30F2923D8BC
S214006E900378DBB1013BDBB2022B19D8104AD35C76
S214006EA06A78D340DB0717D50E4BD3F81043ACB93E
S214006EB036F0DAFB80463A462846314602F026FC93
S214006EC0404636F0CCFB2046BDE8F0817F23E7E75E
S214006ED00023E5E72224F6E72124F4E70224F2E77C
S214006EE01475040000C0035010B5044610B30378B0
S214006EF0E3B1013BDBB2022B1AD8104AD35C6278AE
S214006F00D340DB0718D536F0AFFB01226178237833
S214006F108A4030214B4341F2100103F1A04303F5B0
S214006F2070335A5036F09BFB002010BD7F23E6E7F7
S214006F300023E4E72220F8E72120F6E71475040092
S214006F4010B5044610B30378E3B1013BDBB2022B65
S214006F501AD8104AD35C6278D340DB0718D536F0CF
S214006F6083FB0122617823788A4030214B4342F22A
S214006F70100103F1A04303F570335A5036F06FFB4F
S214006F80002010BD7F23E6E70023E4E72220F8E791
S214006F902120F6E7147504002DE9F0410D4616464B
S214006FA09846044600284FD000294DD00178002985
S214006FB040D04B1EDBB2022B3ED8254AD25C63780B
S214006FC0DA40D20701D4FF2940D1022E01D9042E7F
S214006FD03CD136F049FB23780746FF2B05D03246D6
S214006FE02046296802F0D8FB28602B68013309D1B7
S214006FF02378FF2B06D1174B6078D3F824142CF097
S2140070003FFE286029684B1C18D00C23124A03FB4D
S2140070100122069BC2F8048093602378FF2B04D0DD
S21400702001230E4A8B40C2F82434384636F017FB4C
S214007030002007E07F22C2E70022C0E7384636F08D
S2140070400EFB2D20BDE8F0812220FBE72120F9E78A
S2140070501475040000C00350A82C002000D0035074
S21400706008B502F049FB044B00F05530C3F8200485
S214007070BDE80840FFF7C4BE00E0035008B502F0C4
S2140070803BFB044B00F0AA30C3F82004BDE80840E0
S214007090FFF7B6BE00E003502DE9F04F1446054654
S2140070A00E469B46C36B87B001225B6902A96068E7
S2140070B09847EB6B01225B6903A93046984702A804
S2140070C02CF08FFC074648B10023A37563754FF07C
S2140070D0FF33A360002007B0BDE8F08F03A82CF0B4
S2140070E08DFC0123A375237E04EBC303DE611F849E
S2140070F06368B3420ED1206003A82CF0A1FC4FF0C9
S214007100FF332075A360237D043B022B26D8002383
S214007110A375DFE723681A1A53425341A37503A8E1
S2140071202CF08EFC237D834218BFA77503A82CF095
S21400713069FC074602A82CF065FC874218BF0023AE
S21400714003A818BFA3752CF065FC074602A82CF010
S21400715061FC87421CBF0023A375D4E703A82CF06C
S21400716051FC80B1EB6B022230465B6904A998475C
S21400717004A82CF056FC0346207D032839D8DFE807
S21400718000F03838040903A8F3E7CC22237E04EB8A
S214007190C3031A8401F06EFC109B187003A8277EA8
S2140071A02CF024FC04EBC70787F82200237E03A8F4
S2140071B004EBC303B3F8209093F822702CF022FC63
S2140071C0804603A82CF026FC8246B8F1000F15D0A6
S2140071D0EB6B022230465B6904A9984704A82CF0A2
S2140071E0E5FB6075637D6BB90023A3754FF000085F
S2140071F038E0227E04EBC2021384CBE703A82CF00F
S214007200C0FBEEE794F81680B8F1000FEED0B9F1A7
S214007210000F09D1DFB10123E375637E002B4FD148
S214007220012F42D1677614E06B6C06EB0A015A42D6
S21400723086EA010010421CBF0022A2755A1E0A40B0
S2140072409B1A9945D0D8A37D002BE3D1CEE7E37DEA
S21400725043B94FF000084B465246314628462CF0BC
S2140072600BF9A060A27D12B123694B4423611A4931
S214007270237E097899422AD901332376BBF1000F81
S21400728027D032B3E37D23B3B8F1000F21D1032F0B
S2140072901FD0A1684B1C1CD0109B2246009328468A
S2140072A00123FFF7F9FEA07513E095F8343063B9B3
S2140072B0EB6A0133CFD1032FCDD10123A376C8E7E4
S2140072C0012FCFD0032FC4D1F7E79846C3E700239A
S2140072D0A375A07DFFE600BF387504002DE9F04FCA
S2140072E00E46984600238BB004464FF0FF311046FA
S2140072F017468DF8133001F0A7FBB6F5801F20D295
S214007300314605AA04F108002CF0BDFA451C0146DA
S21400731003D1237CBBB92D2010E0384601F094FB46
S2140073200122394620460DF113032CF0F7F8002809
S214007330EFD09DF8133088F8003000200BB0BDE881
S214007340F08FB01CE5D1E56A691C36D12046616A2B
S2140073502BF0D8FF0546B31C18BF0123DFF8CC90EE
S2140073600193636A626C0293236805A902FB053ADF
S214007370E36B05225B695046984705A82CF0CCFBCA
S2140073802CF0EFFB50462CF0F7FB4FF0000B82463C
S21400739001464B1C05D0636C81EA0A025B4213422D
S2140073A011D0294620462BF0ADFF029BAB422CD0D5
S2140073B0BBF1000F2CD10546D3E72368ED1A636CAA
S2140073C0B5FBF3F5C7E7484601F03EFB0DF11303A6
S2140073D049462046019A2CF0A1F8034690B1B21C0B
S2140073E003D0D9F80020B2420CD19DF813200393A5
S2140073F00D4B88F8002049461A68384612F030FCD3
S214007400039B9B46D9F80810C3E7BBF1000F82D058
S214007410B6F5801F91D2314698F800307A6804F1AC
S214007420080001F03FFA88E7347504008434002031
S2140074302DE9F3410446174698460E46184D816AD4
S214007440E36A8B4201D04B1C02D102B0BDE8F0814A
S214007450284601F0F9FA0122294620460DF10703D5
S2140074602CF05CF838B14346294620469DF80720A4
S214007470B8470028E9D0A9684A1C04D169682046A4
S2140074802BF0CDFF0146012EDAD16B6881EA0302AC
S214007490636C5B421A4218BF4FF0FF31D0E700BF63
S2140074A0583400202DE9F04F4FF0FF334FF6FF72AF
S2140074B00025044600F10806C0E909238BB0C36224
S2140074C005620563304688462CF0AEF920462BF060
S2140074D0E9FE60BB204641462BF064FF20462BF0B9
S2140074E0E1FE60BB5E200BB0BDE8F08F2368E26B68
S2140074F0606C576900FB0530052205A9B84705A84A
S2140075002CF00AFB012807460CD1294620462BF012
S2140075101AFF012F024600D10132294620462BF0E1
S214007520E0FE03E02CF022FB0028EED10135E369F3
S2140075309D42DBD320462BF0B5FE0028CAD000259E
S2140075404FF0FF394FF6FF73CA46A846C4E9085302
S214007550E36998450AD3A5EB0905012D2CD84FF60B
S214007560FF72636A93423CD16720BCE72368E26BF4
S214007570606C576900FB0830052205A9B84705A8C6
S2140075802CF0CAFA834605A82CF09DFA0746584602
S2140075902CF0E7FA68B1574538BFC4F82480B945DF
S2140075A028BFB946BD4238BF3D46BA46236A0133B6
S2140075B0236208F10108CBE74FF6FF7300256362EC
S2140075C0E3699D42CBD2676C2068E36B052207FB1C
S2140075D005005B6905A9984705A82CF074FA0135E3
S2140075E0EEE7E26B676C2068694607FB03005569A7
S2140075F00522A84768462CF066FA626A2368606C23
S2140076004B4D00FB02302CF0B7FA4FF0FF33A06270
S214007610E3622A466FF00101204605ABFFF75EFEE7
S214007620002846D1AD6829462046E5622BF016FEB6
S214007630206320B92046E16A2BF0F1FEE06229467D
S21400764020462BF0ECFE0546A36A9D4233D1204629
S2140076502BF0D7FD00278046B946E36999453CD311
S214007660B84559D92046616A2BF04CFE00260546DF
S21400767004F1400AB74212D8626C2368694602FBDE
S2140076800539E36B05225B694846984768462CF047
S2140076901AFA534602464946E06B2CF06FFA294622
S2140076A020462BF02FFE0136B0450546E2D1642079
S2140076B019E7A56AB7E7294620462BF0CFFD236BCE
S2140076C0294603440746236320462BF0A8FE0546BA
S2140076D0002FB9D1C4E90B07B6E7636C256805220D
S2140076E003FB0955E36B05A95B692846984705A87F
S2140076F02CF012FA2CF035FA58B128462CF03CFA49
S214007700014620462BF0AAFD636C143B984208BF46
S214007710013709F10109A0E730462CF085F800236F
S21400772020461946034AFFF783FE0020DBE600BF2B
S214007730B03400200B3503002DE9F041036B904672
S214007740826B07689A4288BF8363426C436A90B034
S21400775002FB0377C36B0E46052201A95B6904464C
S2140077603846984701A82CF0D7F901280146307012
S21400777057D0656CE26B2368606AD2F814C005FBCC
S2140077800030052206A9E04706A82CF0C5F9012816
S2140077904FF0000523D0D4E90A3201219342CDE907
S2140077A00B458DF834800E958DF83C102AD119467D
S2140077B020462BF034FE236B626C14339B1AE06277
S2140077C023630C9B53B99DF83C303BB1626A616CF5
S2140077D02368E06B01FB02312CF056F90C9DE36B3D
S2140077E005225B6901A93846984701A82CF094F950
S2140077F030702846236BA26B9A4288BFA36310B0F2
S214007800BDE8F081237C33B91C490BAA04F10800BB
S21400781001F096F8D5E72046194A0BABFFF708FEAD
S214007820CFE7237C23BB2246164904F1080001F06B
S21400783087F8616A20462BF086FD616A421C204666
S2140078402BF04FFD054620B9236B626C1344143BA6
S21400785023632046A16A2BF0E2FD2368A062C01ACB
S214007860636CB0FBF3F0606220462BF01BFEB6E7BD
S21400787000232046044AFFF7DBFDDAE7DD7F000041
S214007880597F0000A53503004135030073B50D464A
S214007890D11E4A421C461B7E4A419A4226D129687E
S2140078A02368994222D3636899421FD8114E0DF17E
S2140078B007033246FFF712FDC0B972686B689A423A
S2140078C014D19DF80730DA1E53425341227E93426C
S2140078D00CD1636901336361D4E90323934205D273
S2140078E02968A26842F8231001332361012002B000
S2140078F070BD00BFB03400202DE9F04F9B4689B024
S2140079009DF848309046514A0193136907465B45F7
S2140079100D46C0F09580D94653680093B9F1000F24
S2140079207BD0FB6B01225B6905A90098984705A8E8
S2140079302CF064F8454B1B68984240F0848005A8FC
S2140079402CF068F80428064615D105A82CF069F82E
S214007950009B04461E44019B002B3ED1804512D955
S2140079601C46A8EB0008384600992BF058FDA9EBFA
S21400797004090090D2E7FB6B02225B69009806A917
S214007980984706A8E2E7A0EB08045C4528BF5C46DB
S214007990032C4644ABEB040B1DD9FB6B2946304643
S2140079A05B69A208984724F0030304F0030A1E4408
S2140079B01D44DDF80480BAF1000FD4D0FB6B012221
S2140079C006A930465B6998475246284606A912F033
S2140079D047F95544C7E7A246EBE7824600F00303A3
S2140079E002932B1803930644039BA6EB0A00A3EB13
S2140079F00A05029B9A4514D1BAF1000FB3D0FB6B6F
S214007A00012206A95B6998475246284606A912F045
S214007A10E3FA0028DDD04FF03609484609B0BDE845
S214007A20F08FFB6B012206A95B6998470422284663
S214007A3006A912F0D1FA0028EDD1AAF1040AD3E77C
S214007A404FF06309E9E74FF06F09E6E7DC34002002
S214007A502DE9F0410F4616469846044688B060B3B6
S214007A6090F83450FDB101212BF011FC00210E9B43
S214007A70CDE90511CDE902379DF83C30CDF80480FC
S214007A808DF81C30237C04968BB90D4901AA04F1AD
S214007A90080000F055FFDDE90553E06B002E08BF37
S214007AA01D462BF08DFD284608B0BDE8F081204627
S214007AB0044A01ABFFF7BCFCEDE70546F3E700BF61
S214007AC06F3503008D7800007FB590F8426004465D
S214007AD001920DF10B030A46304611492BF078FD52
S214007AE0012E0546E36B17D132465B6903A998471A
S214007AF09DF80B10039B019A59B19BB243EA0243CF
S214007B00012228460393E36B03A99B69984704B0B8
S214007B1070BD62F30F03F3E701229B6901A9F5E745
S214007B20DC3400202DE9F04F99B00E460D920A691C
S214007B30416C0B931439D31DB3FBF1F3013302EB05
S214007B40C302036B04469342C0F001820023DFF8B1
S214007B5004940893E36A48461946059300F074FFB8
S214007B60D6E9033707930B9B022B4DD1CC2F40F061
S214007B70D7810D9B3BB1314620462BF07FFD656CCF
S214007B801490012044E00120079B656C1B68149349
S214007B9000F0010000280CBF04230823782F0E9362
S214007BA049D8059A6B1E1340ED1A3B1D9D423CD2E8
S214007BB0002F3DD0082D3ED80023042506934FF015
S214007BC0040A336806990B98C9F80030C9F8107093
S214007BD02BF03AFF4FEA9A030F93059B89F814009F
S214007BE00393002309930C9304930A93616C039BFD
S214007BF04A1E1A408B1A27B35544AB4223D8236B30
S214007C005B1A134423632FE1782F656CB9D8F07D97
S214007C100D9B002BBCD0E36B01225B69706816A934
S214007C20984716A82BF0EEFEB4E700250695C6E7A3
S214007C3004250697C3E7012300254FF0080A06939C
S214007C40BFE75345DBD3A3EB0A029742039BB84634
S214007C5028BF90469742534428D90122D9F81010DD
S214007C6089F817208F4226D10399C9F80410049288
S214007C7099F817200AB399F818100398CA1C09EB4C
S214007C80C202506004980131A2F80880907289F808
S214007C901810B8F1000F07D00B9A022A40F0818026
S214007CA0099A72B1012209929B46ABE0049A002A17
S214007CB018BF0322DBE70222D9E7039AC9F804209B
S214007CC0E7E70C9A4244032AEED9E26B1846956918
S214007CD014A901220993A847099B05460028E1D06C
S214007CE03D2D40F01E8104F1080303932368059A96
S214007CF0606CA2EB030ABAFBF0FA00FB0A302BF02A
S214007D003BFFE16A804620462BF089FBA26A82424E
S214007D1000F00F81626CD9F80830511E0B40216BC1
S214007D202768891A0B442363089BE062DF1BB7FBB6
S214007D30F2F7BA4540F0FA80059BB3EB080A12D07A
S214007D40E36B4FEA9A0241469B6998478346E36A8B
S214007D50059A5344E362236B03989B1A43442363B8
S214007D602BF062FDDA462368616CE06B01FB07319D
S214007D702BF077FE20462BF095FA20462BF092FB50
S214007D802063BAF1000F00F0D4803269616CD31D15
S214007D901439B3FBF1F3013302EBC3029042A5D2D0
S214007DA0BFE00D9A002A77D1B8F1030F4FEA980288
S214007DB06ED9E16B18468D6907991093A847109BFA
S214007DC00546C0B918F0030515D0079A28F0030B2E
S214007DD002EB0B019B444FF0FF3215A815922A4682
S214007DE0109311F03DFFE26B5846956915A90122E4
S214007DF0A8470546109B9B46079A42440792002DCB
S214007E0040F08B80049B16A80193069B009399F87C
S214007E1014204346316800F0CDFDE36B0F9A9B6952
S214007E20039816A99847039A051E089B18BF134681
S214007E30089343465246204603992BF01DFB236BBE
S214007E4008F10302A3EB0A0322F003029B1AC9F807
S214007E5008002363002D7FF443AF0C9BA7EB0807B5
S214007E6043440C93CDF80CB0204603992BF0D7FA78
S214007E7000250390002F7FF4B9AE364A3168936828
S214007E8004F10800E36252680B9B00F00BFD49E02A
S214007E909B46454607999EE79B4606F120021092B0
S214007EA0F27D7068A2B1002296F818C00A99D5B281
S214007EB0AC4511D9109D02F1010E35F832508D42B5
S214007EC028D90E9806EBC2020144D069084403E0A4
S214007ED00E9A0A990A441044E26B15A955690122C4
S214007EE01193A847159A0A9B1392E26B043395697F
S214007EF05846012213A90A93A847119B054603EB8F
S214007F000802A2EB0B02042A7FF679AF28B90BF120
S214007F10040BC5E77246491BC9E7CDF820B088E7D1
S214007F2070252F46384619B0BDE8F08F4FF0000A8E
S214007F3019E73269616CD31D1439B3FBF1F30133D1
S214007F4002EBC302236B9342BFF404AEE9E71C279F
S214007F50E8E700BF84340020032A2DE9F3410646F3
S214007F600D4617461C4606D1237A012B23D0012046
S214007F7002B0BDE8F081DFF86080096842460DF186
S214007F800703FFF7ABF960600028EDD19DF80720E6
S214007F90237A032AE8D0D8F804106A689142E3D11D
S214007FA0012B2969D4F80CC007D172690CEB0103C8
S214007FB0934202D92074207CDAE708316144E160FC
S214007FC03B46012229463046FFF7ACFD606000289C
S214007FD0CAD00020CCE700BFB03400202DE9F34122
S214007FE0089C032A1746266806D1237A012B24D03C
S214007FF0012002B0BDE8F081DFF8908030464246AE
S2140080000DF10703FFF76AF960600028EDD12568D7
S214008010D8F80400A96AD5F844C04840CCF100035B
S2140080201840227AE1D1012A09D1E268D8F8103046
S21400803013447269934202D92074207CD9E72868D9
S214008040EB6A1B1A081AB3FBFCF3B0FBFCF0834286
S2140080500BD1706CF36A421E1340326B121A134433
S214008060284633632BF0DBF9E862D8F81020E36883
S21400807008321344E36001223B4604492068FFF7B8
S21400808051FD60600028B0D00020B2E7B034002078
S2140080902DE9F0410025604B0E46D3F800800446DB
S2140080A01D6018B921252846BDE8F08190F8347087
S2140080B007B30A6803689A4240F0A3804A68436898
S2140080C09A4240F09E808A6883689A4240F099807F
S2140080D0CA68C3689A4240F094800A6943699A4223
S2140080E040F08F808A69C36B9A4240F08A804B6961
S2140080F08361D8E768223946856B11F021FCD6E902
S2140081000212336804F1080023607368A563636095
S214008110336963617369A3612BF098FBB36904F15B
S2140081204000E3639B68984720B9676C17B16368A3
S214008130B3FBF7F794F84330E761002BB2D0002387
S214008140656C2366002D64D0002F62D02368B3FBD5
S214008150F5F205FB1233002B55D16668B6FBF5F336
S21400816005FB1363002B4ED120462BF067F8A3695E
S214008170043303449E4248D340F634726369CC3BD2
S214008180934244D8B5F5805F43D3032120462BF0B5
S2140081907EF8D4E90001E36B1B6898470546E36B5D
S2140081A00220DB689847CDB941462046FFF77AF9AA
S2140081B06428054604D141462046FFF773F9054674
S2140081C0666C5DB9236A2046143E5E432BF036F893
S2140081D0A369043303449E4238BF5A25002D0CBFC2
S2140081E00123002384F8343007D1D4E900010B4A78
S2140081F01368013313602BF0C3FBE06B2BF0E0F940
S21400820051E75D254FE759254DE75A254BE75F2592
S21400821049E75B2547E700BF142E0020102E0020FC
S2140082202DE9FF410C4616461F46054680B390F8DA
S21400823034307BB3B1F5801F2ED2DFF86080012189
S2140082402BF025F82146424628460DF10F03FFF78E
S21400825045F8044670B99DF80F30012B11D1D8F8B7
S2140082601030BB4212D10246009031462846FFF736
S21400827043FB0446E86B2BF0A3F9204604B0BDE8A8
S214008280F081022B14BF2D246024F3E76324F1E76A
S2140082902124F2E71124F0E72924EEE7DC3400205D
S2140082A02DE9F04385B00C4617461E460546DDF818
S2140082B0308098B390F8343093B3B1F5801F31D244
S2140082C0DFF8649001212AF0E2FF21464A4628465C
S2140082D00DF10F03FFF702F8044688B99DF80F303A
S2140082E0012B14D1D9F8102006EB08039A4213D3B9
S2140082F000904346324639462846FFF7FDFA0446C4
S214008300E86B2BF05DF9204605B0BDE8F083022B44
S21400831014BF2D246024F3E76324F1E72124F2E759
S2140083201124F0E72924EEE7DC34002073B50C4670
S2140083301646054630B390F834302BB3B1F5801F9F
S21400834024D201212AF0A3FF21462846104A0DF127
S2140083500703FEF7C3FF044680B99DF80730032BDA
S2140083600CD0022B0CD1284609492BF087F9306037
S214008370E86B2BF025F9204602B070BD2D24F7E7F8
S2140083806124F5E72124F6E71124F4E72924F2E72F
S214008390DC3400202DE9F3411E4600230C46174628
S2140083A00546336050B390F834304BB3B1F5801FB8
S2140083B028D2DFF8548001212AF069FF2146424680
S2140083C028460DF10703FEF789FF0446A0B99DF87D
S2140083D00730032B10D0022B03BF01233B6004237E
S2140083E0D8F8103018BF38603360E86B2BF0E8F828
S2140083F0204602B0BDE8F0812D24F6E72124F7E7F9
S2140084001124F5E72924F3E7DC34002073B504468D
S214008410056B2AF013FF636E03449D422CBF0023B6
S2140084200123854294BF00252D1A207C84F8503005
S214008430656584F85800A8B100230C4E1A46194604
S214008440204600962BF0DEF9002305461A4619460C
S214008450204600962BF0DFF9E3682844984294BF44
S2140084600020C01AE06502B070BD00BFFFFF0F001D
S2140084702DE9F3471E4643690446B342884617462D
S2140084809DF828904ED300258DF8075020462AF0F8
S214008490D5FED4F830A082450AD2236AB5EB430F46
S2140084A006D2002220460DF10701FFF745F9B8B3C2
S2140084B09DF80730012B05D1002220460DF107015B
S2140084C0FFF73AF9B9F1030F06D0314620462AF0F5
S2140084D0A5FE256B854227D3144D4FF0FF31284665
S2140084E000F0B2FA4B46294600222046C5E903763C
S2140084F0C5F80080FFF716FB236E054663B12046DD
S214008500FFF784FF94F8503013B994F858301BB135
S214008510236E04F150009847284602B0BDE8F08765
S2140085200135B3E76225F7E71C25F5E7B0340020F0
S2140085302DE9FF410F4690461E46054698B390F833
S214008540343093B3B1F5801F31D21A4C02212AF091
S2140085509EFE2246394628460DF10F03FEF7BEFE64
S214008560024678B1012342460093394633462846F0
S214008570FFF77EFF0446E86B2BF022F8204604B097
S214008580BDE8F0819DF80F30012BEBD12169B14297
S214008590E8D10093414633462846FFF7ADF9044636
S2140085A00028DFD1E7E72124E8E71124E6E72924BD
S2140085B0E4E700BFDC3400202DE9F04790F84230B5
S2140085C086B0012B05460391A1EB020740F0AA8076
S2140085D0FF2F03D81E464FF0640807E00226012B43
S2140085E014BF4FF032084FF06408013600244FF6EF
S2140085F0FF79DFF844A195F84230012B14BF3223EF
S21400860064239C4202D35FFA88F40DE005AB224651
S214008610514628462BF010F895F84230012B059B62
S21400862034D14B452DD1E4B295F84230012B14BF1E
S21400863032226422121BB24217D3012E39D10022F5
S214008640012B05978DF8132027D1082205A90DF1D7
S21400865013002BF0ADFA9DF81330059A42EA032278
S21400866021462846FFF730FA40B1022332490093EC
S2140086702846CC23096803AAFFF7FAFE06B0BDE831
S214008680F087DBB203B902340134B4E7591CCAD010
S2140086909BB2002BF8D10134F6E7102205A90DF1A4
S2140086A013002BF085FA9DF81330059A42EA034230
S2140086B0D6E7039A012B059223D10823202205A989
S2140086C00DF113008DF813302BF072FA9DF813207D
S2140086D0120221462846FFF7F7F995F84230611C4A
S2140086E0012BC9B21AD10028BFD12846BDF81420E4
S2140086F0FFF7EAF90028B8D10234BDF81620E1B237
S214008700AFE71023202205A90DF113008DF81330D2
S2140087102BF04EFA9DF813201204DAE70028A4D1B5
S214008720059A9EE7B7F5803F4FF00106BFF457AFB6
S2140087304FF032085AE700BFDC34002070B586B030
S2140087400E4605460392A0B390F834309BB3B1F5BD
S214008750801F32D202212AF09AFD31462846184A56
S2140087600DF11703FEF7BAFD044618B99DF8173049
S214008770032B0ED10223314600932846CC2303AAAE
S214008780FFF776FE0446E86B2AF01AFF204606B08E
S21400879070BD022B0BD10A4928462AF06FFF0399B9
S2140087A002468142EFD02846FFF706FFEAE761243B
S2140087B0E9E72124EAE71124E8E72924E6E700BFF1
S2140087C0DC340020F7B50C461646054668B390F82C
S2140087D0343063B3B1F5801F2BD202212AF057FD47
S2140087E021462846144A0DF10703FEF777FDC0B967
S2140087F09DF80730032B14D0022B14D10E492846BF
S2140088002AF03CFF471C024639462846FFF7D4FEAE
S214008810044606B13760E86B2AF0D2FE204603B065
S214008820F0BD2D24F7E76124F5E72124F6E71124AF
S214008830F4E72924F2E700BFDC34002030B50C460C
S214008840054685B028B390F8343023B3B1F5801FC1
S21400885023D202212AF01BFD0DF10F0321462846E4
S2140088600F4AFEF73BFD034688B99DF80F20032A02
S2140088700DD003222146009202462846FFF7F8FD57
S2140088800446E86B2AF09CFE204605B030BD2D2439
S214008890F7E72124F8E71124F6E72924F4E700BFD8
S2140088A0DC3400202DE9F043466886B30568984618
S2140088B04FF0000CA946AE4655F83C400CF1010CB2
S2140088C0C4F31307013401D0B94217D0B4450EF1F2
S2140088D0080EF1D12F46002403E0B44207F1080742
S2140088E012D055F8343001340133F6D1C1F31301F8
S2140088F041EA0851C7E90012BDE8F08341EA085191
S214008900CEE90012BDE8F083B8F1030F03D10123CE
S2140089100372BDE8F083002303E0B34209F10809BF
S214008920F5D055F833400133C4F30754032CF4D183
S214008930C1F3130343EA0853C9E90032BDE8F083E4
S2140089402DE9F0410646406882B0B8B10F46904621
S2140089500024336853F8345003EBC403C5F30752BE
S214008960C5F31301013506D05B683046CDF80080AC
S214008970B84718B1706801348442EAD302B0BDE843
S214008980F08100BF024B1968024B1868FFF780BBE6
S214008990B05F0020D05F002008B534F058FE014BD1
S2140089A0186008BD08350020014B186834F04ABE30
S2140089B00835002073B504462248012A00EAC11192
S2140089C09DF8185023F07C4007D9961E012E28D912
S2140089D0073303F07F03194308E09DF81C300A4371
S2140089E0DB0603F0C053134343F060410023C4E9A1
S2140089F000108DF80730B5B1202221460DF1070092
S214008A002BF0D6F81A220DF10700211D2BF0D0F816
S214008A10082063689DF8072043EA8263636002B01B
S214008A2070BD1143E2E71B220DF1070021462BF033
S214008A30BFF823689DF80720042043EAC26323603A
S214008A40EDE700BF80FFFF0738B5094B0D461A68F3
S214008A500021044610F074FF00234FF0FF322383FA
S214008A60C4E900252361A260E382A37638BD00BF77
S214008A70347504000138C0B205289ABF014B185C53
S214008A8001207047397504002DE9F0410746154668
S214008A9000240E46596888B0490A012922464FEA42
S214008AA0510104F10104F8D8DC78997824031B8876
S214008AB0C90201F4006104F480540C43C3F30A03B2
S214008AC05203234492B24FF000089C18274B6FEADB
S214008AD00444039325F07843ED4302A90DF1070003
S214008AE01B2202938DF807802BF062F89DF8072072
S214008AF0029B02A943EAC2630DF107001B2225F080
S214008B007845049302958DF807802BF051F89DF870
S214008B100720029B6FEA144443EAC26305934FF0B2
S214008B20FF330794069307A9BB69012206F11000DC
S214008B309847BB6905A90446012206F10800984734
S214008B40BB69404518BF044604A90122301D98475A
S214008B500122404518BF0446BB69304603A9984722
S214008B60404508BF204608B0BDE8F08101009AB233
S214008B7038B5104B0546D3F800310C4603F0030316
S214008B80022B0BD0032B0DD0012B0FD132F038FE69
S214008B90032305B1286004B1236038BD32F07AFEA5
S214008BA00723F6E734F066FD0623F2E701230020EC
S214008BB0EFE700BF0080005038B5134B0546D3F8EA
S214008BC020010C4600F0070004281AD8DFE800F061
S214008BD003090D111500012305B1286004B12360B7
S214008BE038BD32F0D3FD0423F6E732F009FE032346
S214008BF0F2E732F00BFE0523EEE732F0FDFD02232E
S214008C00EAE700231846E7E70080005038B5104B27
S214008C100546D3F840310C4603F00303022B0BD075
S214008C20032B0DD0012B0FD134F026FD082305B100
S214008C30286004B1236038BD32F02CFE0723F6E727
S214008C4034F01DFD0923F2E701230020EFE700BF03
S214008C500080005038B5104B0546D3F860310C46FE
S214008C6003F00303022B0BD0032B0DD0012B0FD1E7
S214008C7034F002FD082305B1286004B1236038BD36
S214008C8032F008FE0723F6E734F0F9FC0923F2E792
S214008C9001230020EFE700BF0080005041F671324C
S214008CA010B5104C104BA04294BF00240124D96983
S214008CB0DA639A6801F4803122F4401242EA0452E0
S214008CC09A600A4A90420A4AD2F818028CBF40F0CC
S214008CD0020020F00200C2F8180209B10022DA638E
S214008CE010BD00BF005A62020000035080F0FA0276
S214008CF000C007502E4B98424AD022D82D4B98429F
S214008D0040D014D82C4B984239D00AD82B4B9842D6
S214008D1032D02B4B98422FD02A4B98422CD0002092
S214008D207047294B9842FAD1284B186F7047284B4A
S214008D3098422AD0274B9842F1D1244BD3F8800092
S214008D407047254B98422BD009D8244B984223D005
S214008D50234B9842E3D11D4BD3F88C007047214B30
S214008D60984221D003F5740303F510539842D6D1E8
S214008D70164BD3F898007047144B986D7047134BFA
S214008D80586E7047114B586F7047104B986F70476E
S214008D900E4BD3F8840070470C4BD3F8880070470E
S214008DA00A4BD3F890007047084BD3F894007047EE
S214008DB00048E8010024F400C0CF6A0080841E004A
S214008DC000093D0040420F00405DC6000080E00FF5
S214008DD0C0EA210180BA8C01007E560380D543028A
S214008DE0006CDC020090D00337B50C460021114B16
S214008DF00191D3F88031054603F00303022B0ED011
S214008E00032B11D0012B03D101A8FFF7D5FE0D21AE
S214008E100DB1019B2B6004B1216003B030BD32F070
S214008E20F5FC05210190F3E732F0E6FC0221019003
S214008E30EEE700BF0080005038B5104B0546D3F86B
S214008E4040320C4603F00303022B0BD0032B0DD04D
S214008E50012B0FD134F010FC082305B1286004B1B3
S214008E60236038BD32F016FD0723F6E734F007FC22
S214008E700923F2E700231846EFE700BF0080005002
S214008E8038B5144B0546D3F800020C4600F0070030
S214008E9004281BD8DFE800F003090D111500012394
S214008EA005B1286004B1236038BD34F0E5FB082323
S214008EB0F6E732F0EFFC0723F2E734F0E0FB092395
S214008EC0EEE732F083FC0C23800AE9E7002318461D
S214008ED0E6E700BF0080005038B5144B0546D3F8CF
S214008EE008020C4600F0070004281BD8DFE800F054
S214008EF003090D111500012305B1286004B1236094
S214008F0038BD34F0B9FB0823F6E732F0C3FC07237C
S214008F10F2E734F0B4FB0923EEE732F057FC0C23FB
S214008F20800AE9E700231846E6E700BF0080005005
S214008F30032814D005D8012805D0022809D000201F
S214008F4005E00F28FBD1084B186FC0F30130013045
S214008F507047054BD3F89000C0F30460F7E7024B68
S214008F60186FC0F38020F2E7008000501FB5002382
S214008F700193252817D8DFE800F0131A1D272C3692
S214008F803B51565B60656A78161A401616561A27C5
S214008F902C27361A5127783B3B3B3B2727275B601D
S214008FA032F0FAFB0190019805B05DF804FB32F050
S214008FB00DFCF7E732F0F0FB02460220FFF7B8FFA1
S214008FC0B2FBF0F20192EEE732F000FC024603201C
S214008FD0F4E732F0FBFB02460320FFF7A9FFB2FBE3
S214008FE0F0F25208EEE7002101A8FFF7FDFEDAE7EF
S214008FF0002101A8FFF7E0FDD5E702934FF0E0233C
S2140090001B695B0705D532F0E1FB0290029B0193DA
S214009010C9E703A902A8FFF7F9FDF7E7002101A8B1
S214009020FFF7F4FDBFE7002101A8FFF713FEBAE73C
S214009030002101A8FFF724FFB5E7002101A8FFF7EC
S2140090404BFFB0E7002101A8FFF792FDABE7094B05
S214009050D3F8803003F00303022BA8D0032B01D0F3
S21400906000209FE732F0D2FB9CE7002101A8FFF723
S214009070E3FE98E70080005008B50120FFF776FF72
S214009080BDE808400349884294BF0121022103201D
S21400909000F002B880F0FA02032810B50C4627D07C
S2140090A004D8012804D0022817D010BD0F28FCD100
S2140090B02AF09CFD2AF0A2FD124A013C136F23F40D
S2140090C0405343EA0433136732F080FB0021FFF776
S2140090D0E5FDBDE81040FFF7CFBF0A4A4C1ED2F8A8
S2140090E0903023F0F85343EA0463C2F89030DCE78C
S2140090F0044A4C1E136F23F4806343EA84231367E9
S214009100D3E700BF008000501FB500230193252839
S21400911021D8DFE800F013202020202A2F454A4FD0
S21400912054595E7120203420204A202020202A20F6
S2140091304520712F2F2F2F2020204F54314B1B6F8F
S21400914003F00703013B032B05D8DFE803F00C020E
S214009150080A04230193019805B05DF804FB032375
S214009160F8E70623F6E70223F4E7002001A9FFF755
S2140091703BFEF0E7002001A9FFF71EFDEBE7029398
S2140091804FF0E0231B695B0705D532F01FFB0B236E
S2140091900393039BDEE703A902A8FFF737FDF8E772
S2140091A0002001A9FFF732FDD5E7002001A9FFF74F
S2140091B051FDD0E7002001A9FFF762FECBE70020B3
S2140091C001A9FFF789FEC6E7002001A9FFF7D0FC3A
S2140091D0C1E70C4BD3F8803003F00303022B03D017
S2140091E0032B05D00023B5E732F0F0FA0B23B1E7E6
S2140091F032F00CFB0523ADE7002001A9FFF71CFEAB
S214009200A9E700BF0080005008B50320FFF790FED6
S214009210034B18702AF0EAFCBDE808402AF0EEBCC2
S2140092202056002010B5044632F0D0FA0021FFF791
S21400923035FD1CB1BDE81040FFF71EBF034B0320F1
S214009240BDE810401978FFF727BF00BF2056002062
S21400925038B50546FFF74EFD204B04465A68012AEE
S21400926004D11F494A609A699207FCD10020FFF793
S2140092704BFF042803D12AF0B9FC2AF0BFFC194A98
S21400928024F0407395421FD0174A95421FD0174AC4
S214009290D16811F0060FFBD19068936091684B403F
S2140092A013F4F81F16D12846FDF794FD0020FFF7AB
S2140092B02BFF042810D132F089FA0021FFF7EEFCCC
S2140092C0BDE83840FFF7D8BE43F00073DFE743F051
S2140092D08073DCE79060E9E738BD00BF00C001504E
S2140092E000E0015040420F0080841E000000015044
S2140092F070B504460020FFF707FF03287CD045F62C
S2140093000E030221414AC2F88030414B9962012186
S21400931003F580539962936DD903FCD4D4E9001306
S2140093201B0543EA0163E17B94F823500B43217B42
S21400933043EA0143617B43EA0133A17B43EA81139D
S21400934013619169D4E904031B0643EA806301F0C4
S21400935000410B43A17EE07E0B43217E43EA01439E
S214009360617E43EA01239361E169136A002923F0D1
S2140093700D0343EA010314BF0121002143EA8003E1
S21400938043EAC103136294F8203094F82200916AED
S2140093904FEA431331D194F8216021F0330143EAB8
S2140093A006130B4343F0010393621A49174A936D61
S2140093B031EA0303FBD10221154B9962936D5B00E2
S2140093C0FCD41369A16823F4700343EA01531361C4
S2140093D04FF000420E4B9A6118B9022203F58053F3
S2140093E09A6215B901220C4B9A6294F824301BB18C
S2140093F0064B0A4AC3F8802070BD21F0330129438A
S2140094000B4343EA40039362EFE700BF00C00050FF
S21400941000D000500300014000E00050F1A7FFFF1D
S214009420014B93F90000704721560020014B18802D
S214009430704700BF586400200C4A10B513690446F4
S21400944043F00403136132F031FD2AF0DBFB084BD6
S214009450084AC3F8202430BF2AF0D5FB01F078FF75
S2140094601CB9BDE8104032F0B1B910BD00ED00E007
S21400947000E003500000FFFF034A0179D36E23F09B
S21400948030030B43D366704700400050072A2DE98F
S214009490F0410D46144698460FD803269700BE4066
S2140094A000FA07F2314615482AF0B0FB05F0030231
S2140094B031461348BA402AF0A9FB124B12499DF8D0
S2140094C01800B8F1000F18BF1946012303FA04F478
S2140094D00C600E4B0E49002818BF0B461C600D4B47
S2140094E09DF81C00C3F82044103103F224430028E2
S2140094F018BF0B461C60BDE8F08100BF00C40350D7
S21400950008C4035010D4035010E4035014E403506E
S21400951014D4035000E00350F8B504460D461F4629
S21400952016464AB101238B403021184A01FB00221F
S214009530F7B141F21001535004EB4403072D4FF0EE
S2140095400F014FEA031316D8A80006FA00F281406E
S2140095500F4818442AF05AFB4EB9012330210B4A13
S214009560AB4001FB042277B141F210015350F8BD25
S21400957042F21001DFE7A5F10800800006FA00F2CB
S21400958081400448E5E742F21001EFE700C00350CF
S21400959004C003500CC003503022064B072902FBC0
S2140095A000338ABF08395868D8688900C84000F078
S2140095B00F00704700C0035041F67132034BDA6368
S2140095C0012203F50053DA60704700BF0000035025
S2140095D041F671320121044BDA6303F50052D16083
S2140095E00022DA63704700BF00000350044B18687F
S2140095F0421C02BF034AD2F894001860704700BFAE
S214009600D45F002000400050CB784A7810B55B014C
S2140096100C7843EA82030A79234343EA02130C22B6
S214009620424302F1B0421363012C02BF8A78024B18
S21400963043F8202010BD00BFD080035008B54FF07F
S214009640B0435A6802B960B15B680BB12AF0F3FA0E
S2140096504FF0B04130B10120074B58602AF0EBFACA
S214009660C86008BD2AF0E7FA0223CB602AF0E3FAC6
S2140096700122024B5A60F4E7001000580020005800
S2140096804FF0B0414B6810B50BB12AF0D4FA012266
S2140096900B4BC4785A608378934043EA840344783B
S2140096A02343047943EA0413447943EAC4038B60F2
S2140096B0044B5A600378C3F10203CB6010BD00BFB1
S2140096C00020005800100058054B5B69C3F3851254
S2140096D0827003F03F021B0B42700370704700BF9E
S2140096E000C007500120034B9B680A3303F01F039A
S2140096F0984070470080E00F034BD3F82424D3F83B
S21400970020041040704700BF00C003502DE9F84306
S2140097101E4B0546D3F810334B1E0E2B0E4617462F
S21400972090F8009044781DD909B34FF000082846F9
S214009730D7B133F0A7FF09EB4903072C4FF00F0111
S2140097404FEA031315D8A400114808FA04F2A14002
S21400975018442AF078FABEB928468FB1BDE8F84317
S21400976033F090BF8846E2E72AF07CFAE3E78846C3
S214009770E1E7083CA400074808FA04F2A140E7E73E
S214009780BDE8F8432AF06EBABDE8F88300C003507F
S21400979004C003500CC003502DE9F041204B164680
S2140097A0D3F810234A1C05460C46407804D1D3F85B
S2140097B024142AF065FA0446002C2EDB072C14DC51
S2140097C003274FEA84082A7807FA08F73946154827
S2140097D002FA08F22AF037FA6A78394602F00302EB
S2140097E0114802FA08F22AF02EFA012316F0050FA5
S2140097F00E4A18BF0E4903FA04F30CBFC2F8103421
S214009800C1F8103416F0060F18BF094AC2F814340F
S2140098100123064AA340C2F820342046BDE8F08162
S21400982000C0035000C4035008C4035000E00350B7
S21400983000D0035070B504462EF0C9FE064630B977
S2140098400FCC044D0FC594E80F0085E80F00304696
S21400985070BD00BF0C35002047F6FF739A42F0B586
S21400986070D0022970D8394B5B5C022B6CD8384D0F
S214009870DE0005EBC304A77815F83330012F394610
S21400988038BF0121012B16D1E078401A002188420A
S21400989005D8012F2CBFC0190130C0B2F0BD431A45
S2140098A06568A0EB530335F913509542D4BF1946AB
S2140098B003F1FF30EBE760680028EFD0B0F9004016
S2140098C0944204DBB0F902409442B8BF1446838841
S2140098D03544FF2B19BFC8232827B0F90630B0F946
S2140098E00870A3EB04030CBF0122002293FBF7F3DE
S2140098F06E7813441BB29E4201DD002B01DA731E04
S2140099001BB24FF47A7C00EBC305EA88AD685F1C97
S21400991014FB02521D4622EAE2723BB25C329E42C1
S214009920B2FBFCF204DD00EBC307BF889742EAD225
S21400993000EBC5039888904228BF1046884238BF7F
S2140099400846AAE7FF20A9E70020A7E73F7504001E
S2140099500C3500200229F0B560D8314B595C02293D
S2140099605CD8304B13F83100012816D103EBC10345
S2140099709C78D878012C214638BF0121904294BFAC
S214009980C1EB0001C1EB0201001BCAB28242C8BF94
S21400999000225B6833F91200F0BD002A3CD003EBCE
S2140099A0C1035968002939D09878904202D3B1F99A
S2140099B00200F1E7DC78B1F900009442ECD95C785B
S2140099C08B88013CA3F1FF06734201F10405E4B263
S2140099D0734101F10C07DEB2B44216D805EBC3039F
S2140099E04FF47A756A43B3F902405B68D21A04EB07
S2140099F0D47302EB630292FBF4F29042CCDBB1F933
S214009A0002009042C8DC10B2C6E737F833C05E1CCE
S214009A109445E3D33346DEE70348BDE70348BBE798
S214009A203F7504000C3500200CFEFFFF0080FFFF92
S214009A3008B50448FFF7FEFEBDE8084001202EF0FA
S214009A40CCBD00BF447504007FB51422002101A8D8
S214009A500FF076FF044B01A94FF0FF3002932EF073
S214009A6002FE07B05DF804FB006A18002DE9F0411D
S214009A708CB08846DDE912761D460446002847D09D
S214009A80002945D0002F43D0002E41D013F00F03FD
S214009A903ED120482049A360002A08BF0146236221
S214009AA0C4E90013404609A92AF07CF968BB2046A1
S214009AB0099933F042FE2946204633F03EFE6946B9
S214009AC040462AF0FEF900BB694620462AF029FAED
S214009AD0404603A92AF000FAB8B9204603A92AF09E
S214009AE020FA06970127204645F0005506A9079755
S214009AF008952AF016FA204609A909960A970B95A2
S214009B0033F041FE204633F0FBFD0CB0BDE8F0819B
S214009B102120FAE700010004000101042DE9F04FBE
S214009B2097B0894690461F460546DDF880A0002877
S214009B3000F0BB80002900F0B8803AB1229B002BD1
S214009B4000F0B380239B002B00F0AF80BAF1000F2B
S214009B5000F0AB80219B002B00F0A78067B13C682B
S214009B600026229B43440293464507D307B13C6038
S214009B70002017B0BDE8F08F3C46F1E75CB1229BB1
S214009B80219A9B5D125D01345340239A04F00F0422
S214009B9093550136E8E7A8EB060BBBF10F0F58D933
S214009BA0434B4846C5E90034AC602C6213A92AF042
S214009BB0F9F80028DDD1284613992BF00F0B33F067
S214009BC0BCFD5946284633F0B8FD484604A92AF09D
S214009BD078F90028CDD1284604A92AF0A2F94846EB
S214009BE007A92AF079F90028C3D1284607A92AF040
S214009BF098F9012322992F4ACDF828A00B930C92AE
S214009C008A190D9228464BF000520AA90E93039229
S214009C100F922AF086F928460DA92AF082F9239B8E
S214009C20039A99190123109111931292214A2846FA
S214009C3010A9CDF84CA01493159233F0A4FD284635
S214009C4013A933F0A0FD284633F05AFD5E440028E1
S214009C508FD1229B03EB060B239B1E44029B9B4546
S214009C6001D1464680E7ACB9219B2246CDE900A348
S214009C70494610232846FFF7F9FE00287FF479AFFF
S214009C800AF1100212F8013D0133DBB213700BB972
S214009C905245F7D1219A1BF8013B125D013453401F
S214009CA006F8013B04F00F04D8E7212061E700BF67
S214009CB003030004100000207FB50E461D46044630
S214009CC0F0B102B9E3B901230192029345F00053C3
S214009CD0039300230B4AA360C4E9002323622046B3
S214009CE001A92AF01EF93146204633F026FD20460B
S214009CF0294633F022FD204633F002FD04B070BD45
S214009D002120FBE700000943084B984202D0084B8D
S214009D10984207D10B88B3F5105F14BF6FF085002B
S214009D20002070476FF08500704700BF0044400475
S214009D300013C0041038102808D8064BC34013F090
S214009D40010F0CBF6FF08600002070476FF0860092
S214009D50704700BF010101002DE9F04FA7B008AF22
S214009D60CDE90501DDE93295DDE9346A0021079287
S214009D70384610229846DDF8D8B00FF0E1FD1022E4
S214009D8000210CA80FF0DCFD069B2BB96FF08604B3
S214009D90204627B0BDE8F08F079B002BF6D0B9F120
S214009DA0000F01D1002DF1D1309B13B9319B002B50
S214009DB0ECD116B9BAF1000FE8D1BBF1000FE5D02F
S214009DC040460599FFF7A0FF04460028E0D101466B
S214009DD028221CA80FF0B4FD2022214614A80FF05C
S214009DE0AFFD1CA833F09FFC002840F0AF80DDE9F3
S214009DF00612059814AB2AF0E0F804460028C7D1EE
S214009E001498FFF797FF04460028C1D115B9CBF880
S214009E100000BDE7B14518D209EB05039E4214D2F7
S214009E205545B3D82A46494630460FF0DBFD554B1C
S214009E30984526D006D3544B984524D003F5407356
S214009E40984520D06FF08504A2E74F4B98451BD06D
S214009E5003F54073984517D04A4B9845F2D15545BF
S214009E6094D815F00F0291D12B46CDE9009614A98F
S214009E701CA8FFF7FBFD814600285CD1CBF80050FC
S214009E8086E7B146EDE7B1461022002110A80FF094
S214009E9057FD55453FF67AAF3C4B9845319B39D137
S214009EA00D2B7FF473AF01238DF84030309B0DF1FE
S214009EB0410203F10C0153F8040B8B4242F8040BE9
S214009EC0F9D11B78137001238DF84F3015F00F0869
S214009ED042D025F00F034B440DF1300C03F1100E69
S214009EE0624618685968083303C273459446F7D12A
S214009EF00F2D33D825F00F03334403930CABCDE975
S214009F00017310AB00934246002314A91CA8FFF768
S214009F1005FEB0E7102B7FF439AF309B10AA03F193
S214009F20100E9446186859680833ACE80300734569
S214009F306246F6D1CAE75246002130460FF000FDD1
S214009F400023B9F1010FCBF8003002D06FF0920475
S214009F501EE76FF08B041BE70F2D8FD910ABCDE9F2
S214009F60029600930197002325F00F0214A91CA85F
S214009F70FFF7D4FD81460028DDD1B8F1000F3FF48D
S214009F807DAFB7E7004440040010C0040013C004CF
S214009F902DE9F04F8A46A1B00021DDE92A56DDE919
S214009FA02C790590934606A8102298460FF0C8FC18
S214009FB0102200210AA80FF0C3FCBAF1000F05D149
S214009FC06FF08604204621B0BDE8F08FBBF1000F8D
S214009FD0F6D00DB9002EF3D117B9B9F1000FEFD1B5
S214009FE02E9B002BECD040460599FFF78DFE0446CD
S214009FF00028E7D10146282216A80FF0A1FC20224F
S21400A00021460EA80FF09CFC16A833F08CFB002807
S21400A01054D15A46514605980EAB29F0CEFF044659
S21400A0200028CFD10E98FFF785FE04460028C9D138
S21400A03016B92E9B1860C5E7BD4216D2AB199F42D3
S21400A04013D24E45BCD83246294638460FF0CAFCD5
S21400A0503A4B98455BD003F54073984531D0384B62
S21400A060984511D06FF08504ACE7344B98454FD037
S21400A07003F54073984525D0314B9845F2D14E45AF
S21400A08003D96FF089049DE73D46330798D13346E0
S21400A0900122CDE900570EA916A8FFF7E7FC2E9B74
S21400A0A005461E6000288DD04A46002138460FF02F
S21400A0B047FC00232E9A012D13603BD06FF09204CC
S21400A0C080E73D460D3E4E45DBD801238DF828300F
S21400A0D02B460DF1290205F10C0153F8040B8B42B7
S21400A0E042F8040BF9D11B780D3513704FF48073CA
S21400A0F0ADF8363006AB01930AAB00933246002328
S21400A100CDE902570EA916A8FFF708FDC7E73D469A
S21400A110103E4E45B5D82B460DF1280C05F1100E15
S21400A120624618685968083303C273459446F7D1E7
S21400A1301035DFE76FF08B0444E700BF0010C00463
S21400A1400044400410B54FF42F72002104460FF06F
S21400A150F7FB8023C4F88C30054B04F19C00C4F850
S21400A1608430012384F88830BDE8104028F0E8BF2A
S21400A17007E1030010B5D0F8A0400A468CB92AF0D3
S21400A18032F9044610B90024204610BD2D2896BF8B
S21400A190064B074953F82010064A07482AF069FA82
S21400A1A0F2E7D0F8A4101046A047ECE7307604009B
S21400A1B00AE10300D2DF03003AE20300F8B590F8A4
S21400A1C08060044616B100263046F8BD29F03EFFF2
S21400A1D00028F8D1012384F8803094F8883033B111
S21400A1E0D4F884101F4884F888602AF042FA4FF0AA
S21400A1F0FF37D4F8B402421C1FD0C4F8B47210F073
S21400A200FF052CD0204629F01EFF2946204600F0E8
S21400A210A7FB0028EDD0204629F023FF94F88830CD
S21400A2203BB1D4F884100F482AF023FA002384F8B0
S21400A2308830002384F88030C6E72AF0FFF9431CF4
S21400A240DDD1D4F88C30D4F89420013B9A4204DB5C
S21400A250054A064906482AF00CFA0126E9E70126CF
S21400A260C7E700BFD5F30300D2DF030018E1030001
S21400A2703AE20300F8B50B780446302B0D46164636
S21400A28004D14B7803F0DF03582B11D0284F6A1EF9
S21400A29012F8011F002934D128460A220FF040FA8E
S21400A2A0202C03460D4631D1B1FA81F040091AE060
S21400A2B04A1C1F4912F8013F8BB928460FF03CFA9A
S21400A2C01C4B02382340032B12D10134A4108442C5
S21400A2D00AD1A87837288CBF0020012003E0CB5C89
S21400A2E013F04400E6D1F8BDCCBF01200020FAE709
S21400A2F0002CB8BF0334B0EBA40FD4BF012000205D
S21400A300F1E77B5C13F00400C2D1ECE726B108430A
S21400A31002D0013B61F100050122A240013A1A4039
S21400A320002D08BF9A420CBF01200020DBE700BFCB
S21400A330C99A040003000080F0B5037801467B2B21
S21400A34017D10646022400220B4F16F8015F7D2D1A
S21400A35005D10B5D6BB9D24302F0010008E07B5DCE
S21400A36013F0440002D001320134EEE7202DFBD07A
S21400A370F0BD0020FCE700BFC99A040070B5064691
S21400A3800D460FF0D9F9044630462AF072F9044E0D
S21400A390AC4200D370BD30462AF06BF90134F7E7C3
S21400A3A0ADEA03002DE9F84F044602215148FFF7B5
S21400A3B0E5FF1E212068FFF7E1FF636858682AF072
S21400A3C058F94D482AF055F967683B7BFD2B12D8A3
S21400A3D0D7F808804FF0FF3640460FF0ADF9054637
S21400A3E0DFF81091DFF870A1DFF84CB10C3717F8E2
S21400A3F0013BFF2B01D1BDE8F88F212B18D8212B6C
S21400A40036D8DFE803F0377274111B1D1F2135356F
S21400A410353535353535232527292B2D2F3135353F
S21400A4203535353535353D33344C002D2BD12EE0C2
S21400A430334C344AFE2B08BF1446F6E7324CF4E79A
S21400A440324CF2E7324CF0E7324CEEE7324CECE7B7
S21400A450324CEAE7324CE8E7324CE6E7324CE4E7C7
S21400A460324CE2E7324CE0E7324CDEE7324CDCE7D7
S21400A470234CDAE7314CD8E72AF0EFF801362AE029
S21400A480002DB4D02E4C202B06F10106AFD00221B1
S21400A4904846FFF773FF1E214846FFF76FFF5046FA
S21400A4A02AF0E7F8594620460FF0A0FC2549002878
S21400A4B018BF214624482AF0DCF83B78202B02D12E
S21400A4C02B202AF0CAF821482AF0D3F84DB118F804
S21400A4D006301F2B05D018F806001F2801D0AE4204
S21400A4E0CADB05482AF0C5F881E7194C9DE7194CE8
S21400A4F09BE700BFB12B0400D2DF0300C2E10300DC
S21400A500D4E10300B9FB03001FE2030026E20300C8
S21400A51017E2030013E203000AE2030000E203006E
S21400A520F6E103000BE2030001E20300F7E103009B
S21400A530ECE10300E5E10300DCE10300C1E1030018
S21400A540C7E10300D2E10300D5F303004BE50300A7
S21400A5501EE2030025E20300A1FC03002DE9F04FF4
S21400A5609BB005468B460024009203930FF0E4F858
S21400A570249F039B04901C6028463C600AAA09A9F5
S21400A5802AF099F8064658B90A980FF0D5F83446D6
S21400A590B046039B1860D5F89C300293029B1BB90B
S21400A5A020461BB0BDE8F08F029BD3F80890B9F1A7
S21400A5B0000F6CD02E4416F8013B202B11D000263D
S21400A5C00C23734309EB030A59F803300193002B5D
S21400A5D058D0099B434555DB9AF808202AB1721CCF
S21400A5E039E03B6801333B60E5E73968D5F89420ED
S21400A5F00793039B521A1A601AAB03EB880151F8B3
S21400A600403C0199184605930FF0B0FB06900028D1
S21400A610E5D101980FF090F8DDE906230146DAF857
S21400A6200400D7F800A090F80CC0BCF1FE0F16D1BD
S21400A63003F1FF3EC64512D0D0F80090059801926F
S21400A6400FF07AF80AF1010A019A50442B5C23B104
S21400A650386008F101081646B2E70130F6E7D5F88B
S21400A66094200591A2EB0A028A4220DC58460FF09D
S21400A67063F8059901447B290DD958461F4A00996D
S21400A68028F085FD2B46049A2A4493422CD1029B3F
S21400A6901B68029382E7DDE90012584628F077FD32
S21400A6A05846174A0099013428F071FD97E7BCF127
S21400A6B0FE0F94D1013B434591D1D0F800A0DFF8BE
S21400A6C040905AF80C2B22B9049B3B60039B1A60FF
S21400A6D0D8E75846009928F05AFD4A465846009949
S21400A6E028F055FD0134ECE713F8011B0029CCD106
S21400A6F04FF0200103F8011CC7E700BF2CE203005F
S21400A700ADEA03002DE9F047002486B01C60DDE9C1
S21400A7100EA8064689468AF800401168154888F84B
S21400A720004017461D468DF81740FCF7C1FA18B9C9
S21400A73001242B6801332B600020D6F89C6036B9C4
S21400A74014B1012388F8003006B0BDE8F087B06881
S21400A75068B14B460021CDE902A8CDE900750DF1A0
S21400A760170229F0DFFD9DF81730002BE8D1366878
S21400A770E5E700BF31E203002DE9F0470446ADF5FA
S21400A780447D8022002104A802AF0FF0D9F8802271
S21400A7902046009703AB04A9FFF7E0FE01283DD151
S21400A7A004A80EF0C9FF03993B68461A0B4426EA34
S21400A7B0E6762344054604A83246014418460FF0C0
S21400A7C04FFA00228255D4F89060039B3968D4F87B
S21400A7D090201944B14212DCD4F89410E81A0244CE
S21400A7E0C4F89020014404AAC4F89410D41825187C
S21400A7F02B1B002B0DDC0DF5447DBDE8F087A05C1F
S21400A80029F02BFFD4F8903001360133C4F890308D
S21400A810DBE714F8010B29F020FFE9E7EBDD24ADB8
S21400A8208022002128460DF5887A0FF089F80DF170
S21400A83010094FF40072002150460FF081F84FF0D7
S21400A84001084A46002312F8016BA6B904A84AF884
S21400A85028300EF071FF2946334698451CDB19F860
S21400A860016B0DF5887C5CF8042B82420CD101F854
S21400A870016B0133F1E7202E03F1010304BF4AF810
S21400A880283008F10108DEE70DF1100E7244D25CA4
S21400A890B242E8D00022EA54D4F89060039BB34258
S21400A8A02FDC23462C4A04A92C4829F0E2FE284631
S21400A8B00EF042FF0646039B3F68F61A1F4426EA40
S21400A8C0E672E01917441D44E11904F19003994219
S21400A8D03CD904F19803984238D26A1E81190B1AA3
S21400A8E0002B27DD12F8013F00F8013BD4F890302A
S21400A8F00133C4F89030D4F894300133C4F894305F
S21400A900EDE7D4F890300136E05C29F0A6FED4F8E6
S21400A91090300133C4F89030C0E7D4F89020013B63
S21400A9200132C4F89020D4F894200132C4F8942060
S21400A930002BF2DC00232E44E355731B002B7FF71D
S21400A9405AAF15F8010B29F088FEF6E729460FF0F6
S21400A95087F93346ECE700BF07E1030036E2030061
S21400A9602DE9F843D0E9245604460F46002294F811
S21400A9709830012B07D10A2F07D1002384F898308E
S21400A9800020BDE8F88300F29F801B2F01D1022330
S21400A990F4E70D2F0DD1012384F898300D2029F00F
S21400A9A05CFE0A2029F059FE00230120C4E9243366
S21400A9B0E7E74FF00008082F84F8988034D1454523
S21400A9C030DDB5420FD1384629F047FE202029F069
S21400A9D044FE013D384629F040FE013E04F805805D
S21400A9E0C4E92456CCE7FBDA05F1FF39384629F0EE
S21400A9F034FE04EB0903A6EB0902611918460EF0B3
S21400AA00F1FF04F806800146013E484829F031FE71
S21400AA1035464D4501DC4D46E2E7082029F01DFE8F
S21400AA20013DF6E7ACD0DBE77F2F1CD1002EA7DD7B
S21400AA30B542A5DA6319691C21441846721B0EF04C
S21400AA40D1FF04F806800146394829F012FE082096
S21400AA50013E29F002FEB542F9D1D4F89430013B0C
S21400AA60C4F894308CE70A2F98D0092F03D12046DB
S21400AA70FFF782FE84E7D4F88C30013BB3427FF7C1
S21400AA807FAFB54204EB050805F101090CDB38463B
S21400AA9088F80070D4F89430C4F890900133C4F865
S21400AAA0943029F0DAFD6BE74146721B04EB09008F
S21400AAB00EF098FF404629F0DCFD0820013E29F004
S21400AAC0CCFDB542F9DDE2E7022B06D15B2F01D1C2
S21400AAD0032353E784F8982049E7032B7FF450AF0D
S21400AAE0413F84F89820032F3FF64AAFDFE807F08F
S21400AAF002070A160121204629F060FD40E74FF0C4
S21400AB00FF31F8E7B542BFF63BAF605D29F0A5FD23
S21400AB10D4F890300133C4F8903031E7002D7FF739
S21400AB202FAF013D0820C4F89050BAE73FE203007B
S21400AB3039E6030008B50248FEF78AFB002008BD88
S21400AB4000B4C40430B58BB06C46174D0FCD0FC49F
S21400AB500FCD0FC495E8030084E80300134BD3F829
S21400AB604C2112031CD5A3F5FE431C884FF6FF7339
S21400AB709C4208BF8C248DF81940FEF751FC2044F7
S21400AB8080F308008DF818000948FCF729F9684694
S21400AB90FEF7AEFB3220FEF749FC00200BB030BDBE
S21400ABA0D3F85041E4B2E6E7E87604000080E00F10
S21400ABB000F049020028ACBF00F16040064B4FEAA7
S21400ABC00111C9B2ABBF00F5614000F00F0080F87C
S21400ABD000131954704700BF14ED00E008B532F0BA
S21400ABE043FD0B4B1A7872B901221A7032F037FD0A
S21400ABF06FF0040210460132052152B2FFF7DAFF69
S21400AC003D2AF7D108BDBDE8084032F028BD00BF98
S21400AC1022560020002807DB01234109034A00F0E2
S21400AC201F00834042F82130704700BF00E100E07B
S21400AC30054B421153F8223000F01F0023FA00F0B3
S21400AC40C04300F00100704700E100E0002808DB88
S21400AC5001224309034900F01F008240603341F897
S21400AC602320704700E100E010B5044632F0EFFC08
S21400AC70024B1C6032F0E6FC002010BD343500208C
S21400AC8010B532F0E4FC034B1C6832F0DBFC2046C7
S21400AC9010BD00BF3435002038B50C4615460146B9
S21400ACA010B9FFF7EDFF01462B46224603480DF08C
S21400ACB057FD0028D4BF3720002038BD0D480300BC
S21400ACC008B500F0E3FB18B16A21024832F0BEFD79
S21400ACD0002008BD44E2030008B500F049F80C4A1D
S21400ACE0536A43F470235362EFF308834FF0CD3179
S21400ACF0084A043B934208D200F070FAFFF7E0FFE0
S21400AD00BDE808400448FEF795BD43F80419F1E78E
S21400AD1000ED00E0080000204475040007B504229A
S21400AD2000200DEB02012DF016FC042803D0D721DD
S21400AD30044832F08BFD019800F0DCF903B05DF8B2
S21400AD4004FB00BF44E20300082310B50C0A414090
S21400AD500648C9B241F30002013B024013F0FF036C
S21400AD6082EA5101F6D184EA010010BD2083B8EDD5
S21400AD7038B5FEF73BFC044628F057FFE3072AD415
S21400AD8001221046114600FA01F3234002F10102A7
S21400AD9023D01D4B33F811301C48062B02884488FC
S21400ADA01B4920D14FF20F039C4219D1B2F5406FD8
S21400ADB028BF4FF4C0624CF23C330A80438040F216
S21400ADC001730A889A4201BF124B134AD2E9000166
S21400ADD0C3E9000115E00021DBE7102AD2D1DBE74A
S21400ADE04FF4C062E7E740F20725AB420AD14FF2C4
S21400ADF00F05AC4206D19A4204D14CF23C320B808D
S21400AE00428038BD0B80DAE7A8780400AC5C0020EE
S21400AE10224F002038350020A45C0020014B188803
S21400AE20704700BF224F0020014B1888000A704769
S21400AE30224F0020044B05481B881A0AB3F5406FC2
S21400AE4038BF00EB82007047224F0020787804005D
S21400AE50044B1888044B020A53F82230C0B203EBA6
S21400AE6080007047224F00204878040010B5044642
S21400AE7032F0F1FB4FF20F02044B1C805A80BFF3F6
S21400AE805F8FBDE8104029F08BBC00BFAC5C002093
S21400AE906D4A2DE9F0416D4B55686D4C5D65516A04
S21400AEA099656C49D1F80002D865D1F80412586B40
S21400AEB01966916A10F0040F5966D16A4FF00000C7
S21400AEC09966116BD966516B1967D26BD8645A674D
S21400AED0D3E90E1218BF11465F4A91421A655DD338
S21400AEE001F12000A04259D88869C5F30805186406
S21400AEF0CE69062D5E6455D1584DA84252D3584DA2
S21400AF00A8424FD205884DF6426085424AD118685D
S21400AF10C3F890005868C3F8940040F20170A2424B
S21400AF20154604D22E680432B6F1CD3FF7D0002283
S21400AF30C3E91E22C3E92022C3E92222641BDFF8EC
S21400AF401CC1434DDFF818E19C648D422DD8D3E92F
S21400AF501EC7D3E92065D3E922414FF0000E013A1F
S21400AF60D2B2FF2A3CD1BEF1000F05D0C3E91EC7FE
S21400AF70C3E92065C3E92241B3F85430C3F308039C
S21400AF800C2B3BD8022B54D9DA1E092A51D8DFE8FD
S21400AF9002F03157404350505050504D0021C3E905
S21400AFA010112D494FF42060B9E755F8044D64455B
S21400AFB0CBD37445C9D2E607C7D50026294F57F824
S21400AFC0048FA045C1D00136062EF8D132B1013A21
S21400AFD0D2B202F11E0643F82640B6E70522F8E78D
S21400AFE0E0464FF0010EBC4637462E4625460C4638
S21400AFF04146B4E740F60120BDE8F0813B2B18D16E
S21400B000194B9B6913F0020F40F2025318BF184603
S21400B010F2E740F60320EFE740F6042240F2017321
S21400B020B0F5206F0CBF10461846E5E740F6052041
S21400B030E2E740F60722013B4B2B98BF1046DBE7C2
S21400B04040F60220D8E700BF00ED00E0145C0020C8
S21400B0500810002000E100E008000020D0420000B8
S21400B06060DC0300885C00200080015A00F00CB809
S21400B07000F00AB800F008B800F006B800F004B80F
S21400B08000F002B800F000B872B61EF0080F09D043
S21400B0901EF0040F0DD0DFF850E0AEE8FF1F6FF093
S21400B0A002000CE0DFF840E0AEE8FF1F6FF00E0095
S21400B0B005E0DFF834E0AEE8FF1F6FF006006946F3
S21400B0C0EFF309828EE8070086460848084C854557
S21400B0D001D3A54501D384F30888FFF7D9FE84F38E
S21400B0E00888FFF7C3FE0000145C0020480000201C
S21400B0F0081000204BF6EF6283B2002B08BF134601
S21400B100044A000C13804FF6CE2308BF1846024BA5
S21400B110188070475C6400205A6400200B4BB3F91B
S21400B12000201888002AB8BF80F0620042001A800B
S21400B130074AB2F9001013880029BCBF83F4805375
S21400B14083F00B0359001180584070475C64002060
S21400B1505A64002007B5684600F01AF8DDE90001D9
S21400B1600022034B03B05DF804EB29F015BE00BFC8
S21400B1704035002007B5009313460A4601460348AB
S21400B18029F0BEFB03B05DF804FB00BF403500208D
S21400B1900249034A0160521A426070473065002037
S21400B1A000000120004870474035002038B5416057
S21400B1B0044632F04CFA05462146044827F0C3FF01
S21400B1C02846BDE8384032F03DBA00BF683500205A
S21400B1D0014827F0B5BF00BF683500200222014BAA
S21400B1E01A6770470040005070B532F030FA174EBC
S21400B1F00546174832F0D6FA3378CBB900F046F950
S21400B200044620B1284632F01DFA204670BDFFF7EE
S21400B210DFFF32F08EFB0F4B1C6030F0C3FF0E4B8F
S21400B2200E4A1860536F43F00103536729F0D0FDB0
S21400B23000F028F829F0E3FD094B002418600123EC
S21400B2402846337032F0FEF9DFE700BF2E560020A6
S21400B250207704006C350020943500200040005014
S21400B26070350020054B1B685843054B00F57420CD
S21400B27000F23F20B0FBF3F0704700BF943500208B
S21400B28040420F00294B2A4AD3F8003170B503F02C
S21400B2900303136030F01CFD4FF4C870FFF7E2FFA5
S21400B2A00022244B24491860244C0B680132D2B289
S21400B2B00A2A44F8040BF9D1034400EBC000034407
S21400B2C00B601F4B1F4D1B7813B3184BD3F8003180
S21400B2D003F00303022B22D0032B23D0012B17D11C
S21400B2E030F08EFA024698B1174B184EDC680023F1
S21400B2F01946C4F30B04013404EB84040138E4FB60
S21400B30006010DF0B1FFFFF7ADFF2B6803442B607D
S21400B3101F20FFF7A7FF2B6803442B6070BD30F09B
S21400B320B9FADFE732F0A6F9DCE700BF008000508C
S21400B330D4350020983500209C350020A03500200C
S21400B34032560020CC35002000C0015040420F008D
S21400B3500122154B10B55A67144B154C1B7813B3C6
S21400B360022032F0D7FAF0B130F0A2FFD8B1A36DC8
S21400B370D90302D5E36D9A0715D40D4B9B6DDB07F9
S21400B38011D401220B4B1A7032F0B8FABDE8104007
S21400B390094B0A4A1860136F23F0070343F00303B0
S21400B3A0136730F013BA10BD00D00050335600209B
S21400B3B000C0005030560020C835002000800050E5
S21400B3C00122014B1A7070473356002007B5FFF76D
S21400B3D0C1FE01A8FEF778F99DF80530012B25D1AE
S21400B3E0234B9A6DD20311D45A6B6FF3162242F494
S21400B3F0BC1242F4A0625A631A6B22F4704242F402
S21400B40040421A631A6B42F4E0621A639DF80430F5
S21400B41063B94FF000531B68164B1B68164B1B682E
S21400B420164B1B68164B1B68164B1B68164AD2F841
S21400B430803043F00303C2F8803029F0E8FCFFF7C1
S21400B440CDFBFFF777FBFFF77DFB0DF0D3F9FFF79A
S21400B450CBFE00F01BF829F0DBFCFFF73DFC29F0E3
S21400B460E6FC2CF0B2FE03B05DF804EB29F0D1BC8C
S21400B47000C00050004000200080002000C00020D7
S21400B48000000120004001200080005070B532F01E
S21400B490EBF8144E05463478FCB9134B1C60134B7E
S21400B4A01C60134B1C6000F031F8012030F0EEFFFA
S21400B4B030F0E0FF0F4B0246186020B9284632F005
S21400B4C0CEF8232070BD234640F2E7310A480DF03F
S21400B4D0CBFE0A4B186001233370284632F0BFF8C3
S21400B4E00020EFE736560020E4350020E035002047
S21400B4F0EC350020E835002018FCFFFFDC35002086
S21400B500014B1868704700BFDC3500201FB50024CB
S21400B510184B18689A880290D3F806009B7A009019
S21400B5201548ADF80C208DF8043032F03BF902A82F
S21400B5308DF808408DF80C40FEF7A2F86946012009
S21400B5408DF80040FEF760F81F220C4B9A615A6196
S21400B5504FF0B042936A13F00803FBD11362012048
S21400B560FEF76CF80A20FFF771FB0A20FFF752FB84
S21400B57004B010BDD17804001C77040000200058E9
S21400B58010B532F071F84FF0B04304465B691A0705
S21400B590074A03F0010003F00D0348BF40F0020025
S21400B5A0536130F09BFE2046BDE8104032F057B89D
S21400B5B00020005821282DE9F341054604D82C46E2
S21400B5C0204602B0BDE8F08100240B4E0B4FDFF89A
S21400B5D030800023CDF800801A461946386828F0D7
S21400B5E011F98442EBD2222CE9D056F8043BAB4248
S21400B5F0E6D00134EDE700BFF07B0400D05F00200A
S21400B600FFFF0F002DE9F04F644E654D89B029F01D
S21400B6105AFC31682868FCF73BFD0446002827D012
S21400B62033680024D3E900019A69126890473368AA
S21400B63004A89B699B689847336802209B69DB686F
S21400B6409847326805985368E7B2B3FBF0F3BB42FD
S21400B650916904F101044ED8CB68002098473368FE
S21400B6609B695B68984731682868FCF711FD0446BB
S21400B6700027DFF844A1DFF84481DFF84491F4B9ED
S21400B680484B2868DB5D002B00F08380D8F800600C
S21400B69002AB314603AAFCF77DFE2D2807D070B911
S21400B6A0039B012B0BD031462868FDF7C7F8DAF864
S21400B6B0003031461A682868FDF740F8044601371E
S21400B6C0222F0AF1040A08F1040809F10109D6D16B
S21400B6D0B4FA84F3344A5B0913702B681B7C33B1CD
S21400B6E029F0BDFB18B1DB21304832F0AFF8204618
S21400B6F009B0BDE8F08F12680B6907FB0020984779
S21400B7009FE7D8F8003003AA194402AB0191FCF772
S21400B71041FE2D28034601992BD0286813B30BF160
S21400B720010B5FFA8BF18E422868EAD8204BDB5D6E
S21400B730002BC4D0F3B27E2B2868C0D8D8F80030CF
S21400B74003AA06EB030B594602ABFCF723FE2D2893
S21400B750B5D059462868FDF771F80136044600282A
S21400B760E8D0ACE7039B7BB999F80020029B9A428D
S21400B770D5D099F80030DAF800202868FCF7D8FE13
S21400B7800028CCD00446D1E70191FDF757F801997F
S21400B790EFE7084BA346DE5DC3E700BFB05F0020BF
S21400B7A0D05F0020CC7B040038560020CBE203009C
S21400B7B0AA7B0400667B0400DC780400F07B0400AF
S21400B7C0887B0400F8B51F46214B04461B780D46BF
S21400B7D0164623B100F47E23B3F50E2F2BD0204659
S21400B7E0FFF7E8FE2128044614D81A4B53F8201019
S21400B7F0194B1B78ABB1194B212C18681DD8184B68
S21400B8001B5DD3B13268FCF799FF044650B129F0AE
S21400B81025FB07E0FF2807D93A46314680B229F0D3
S21400B82031F800242046F8BD4FF4A9710D4832F0D7
S21400B8300DF80021DCE70146DAE77F2D08BF00257A
S21400B8403B46324651FA85F1FCF772FEDDE700BF53
S21400B85037560020F07B040038560020D05F0020CA
S21400B860CC7B0400CBE2030030B5134600F07E62CA
S21400B870B2F17E6F8BB00DD10A46C0F30B0168465D
S21400B880FEF71AFA20B140F29311094831F0DEFFB4
S21400B8900BB030BD5A0829F0E4FA0028F8D04FF46F
S21400B8A09C7103480BB0BDE8304031F0CFBF00BFFD
S21400B8B05CE303002DE9F743C70705460E4614462A
S21400B8C004D540F2E311494831F0C0FFE10704D542
S21400B8D04FF4F271454831F0B9FF454B93F80080BC
S21400B8E0B8F1000F20D043F260239D4208D12246D3
S21400B8F0314640480EF0B4F9002003B0BDE8F083AE
S21400B900C5F30B0705F44055B5F5805F14BF4FF43B
S21400B9100F204FF40E20234632467F21384303B0D3
S21400B920BDE8F043FFF74EBF05F47043B3F5805F04
S21400B9303FD1C5F30B05304A05F17E65631E2B44E7
S21400B940934230D82F46DFF8A49007EB040847450B
S21400B95042D1AA070ED04FF6FF7336F8022BA81E68
S21400B96043EA024304220DEB02010193FFF77CFF3A
S21400B9700235023CA3070ED0023C24F00103F35A22
S21400B98004226FEA03436FEA13430DEB0201281902
S21400B9900193FFF769FF002CAED0224631462846B9
S21400B9A0FFF762FFA8E740F2FD11104831F04EFFA6
S21400B9B0C8E705F46043B3F5005F04D1C5F30B0593
S21400B9C005F53E25BEE740F20521084831F03EFF6A
S21400B9D06FF00F074546B6E717F8013BFF2BB6D0CA
S21400B9E04FF40471484631F031FFB0E75CE30300E2
S21400B9F0375600205E640020FF03E00F10B500F00D
S21400BA0077F829F07AFA044618B100F079F820465B
S21400BA1010BD00F07BF804460028F6D10122014B49
S21400BA201A70F2E739560020054B1B7833B1054BE8
S21400BA30C0F3130100221868FCF7C4BE112070473B
S21400BA4039560020D05F0020144B2DE9F0411B78BA
S21400BA5005460E461746FBB129F036FA012805D9E9
S21400BA60841EE4B2012C09D9212412E03B4631465B
S21400BA702846BDE8F041002200F052B800F038F841
S21400BA803B4600223146284600F076F8044600F091
S21400BA9037F82046BDE8F0811124FAE73956002031
S21400BAA0124B70B51B7804460D461646E3B129F0D6
S21400BAB00BFA012805D9831EDBB2012B08D92124F5
S21400BAC010E0324629462046BDE8704000F040B8F7
S21400BAD000F00EF820463246294629F010FA0446B1
S21400BAE000F00EF8204670BD1124FBE73956002002
S21400BAF008B531F0ACFD014B186008BDF0350020EC
S21400BB00014B186831F09EBDF0350020024B1968D5
S21400BB10024B1868FCF7BCBAB05F0020D05F00206C
S21400BB2037B505460C46C0F313010848ED02006819
S21400BB3005D5224603B0BDE83040FCF7F7BB0093BE
S21400BB4013462246FCF7ACFB03B030BDD05F0020A6
S21400BB5030B405461346074A0C46C0F31301106876
S21400BB60EA0203D5226830BCFCF7E8BD224630BCAA
S21400BB70FCF7DEBCD05F0020F7B505460F4614463E
S21400BB801E461BB92125284603B0F0BD0029F9D072
S21400BB9029F09AF94BF23462ABB2934220D14FF0BF
S21400BBA0FF3322466946CDE9003325483346FFF782
S21400BBB0E3FF08220546234968460EF00DFA38B919
S21400BBC033462246694641F2F010FFF7D5FF054698
S21400BBD0002DD8D13246694638460EF041F8D2E7F5
S21400BBE041F2F01293420FD1174B311908299A6C83
S21400BBF0DB6CC7D8CDE9002332460DEB040138468E
S21400BC000EF02EF80025BEE702280BD1C5F30C4334
S21400BC1032199342B6D3C5F30B0104F17E64324663
S21400BC202144ECE7032809D1C5F30C4332199342AB
S21400BC30A8D3C5F30B0104F53E24F0E70125A2E7DF
S21400BC40021008C07C7C04000080E00F10B52BF0CA
S21400BC505CFC2CF012FDBDE81040034601210220DA
S21400BC60014A02F00BBC00BFF3E3030013B5D0E9B2
S21400BC70023253F822301C7820462BF058FC23461C
S21400BC80009001210220024A02F0F8FB02B010BD2B
S21400BC9007E40300014B18782BF01EB83A56002034
S21400BCA0FF232DE9F04F8FB01122002108A88DF850
S21400BCB013300DF045FE08A82AF0F3F90121022002
S21400BCC0B04A08AB02F0DAFB41F24903AE4A012162
S21400BCD0022002F0D3FB06A82AF0E4FA08A90DF128
S21400BCE013002AF0EAFA02200021A84A02F0C6FB56
S21400BCF000202BF022F810B106A809F0DDF99DF916
S21400BD002A3001210220A24A00939DF82B3002F02F
S21400BD10B5FB2BF0F6FB831EDBB2FC2B054631D8B9
S21400BD20012102209B4A02F0A9FB01249A4E9B4F58
S21400BD30DFF8D082234632460021022002F09EFB26
S21400BD4005A9E0B22BF0DFFB034650B1A0F11602C6
S21400BD50012A40F2AA8042460121022002F08EFB10
S21400BD600CE09DF914303A4601939DF816300121F7
S21400BD70009302209DF8153002F080FB0134E3B2F8
S21400BD809D42D7D8BDF8284007F09CFE23460021E8
S21400BD90834A0090022002F071FB02200021814AB3
S21400BDA002F06CFB00202AF0C8FF10B108A809F0CA
S21400BDB083F901217C4A022002F060FB2BF0FFFA97
S21400BDC004462BF0FAFA23460121784A0090022016
S21400BDD002F054FB08F0B2FA00210220744A02F086
S21400BDE04DFB9DF81330FF2B65D000210220714AD1
S21400BDF002F044FB01216C4A022002F03FFB2AF0CD
S21400BE0061FA012103466C4A022002F037FB07F074
S21400BE1031FE00210346694A022002F02FFB2AF079
S21400BE2057FA04462AF056FA23460121644A00903F
S21400BE30022002F023FB31F016FD08F027FB01215B
S21400BE400346604A022002F019FB0025DFF8B8819D
S21400BE5008F01CFBECB2A04233D831F004FD0123FD
S21400BE60594A1946022002F009FB00202AF034FF46
S21400BE70564B574C0093012100230220554A02F0EE
S21400BE80FDFA236863B1012102201B78524A02F0B2
S21400BE90F5FA2368012102205B78504A02F0EEFA98
S21400BEA02AF01FFF0FB0BDE8F08F012102204C4A98
S21400BEB002F0E4FA62E7002102204A4A02F0DEFAC3
S21400BEC098E7494B204603EB0416D6F8089008F08E
S21400BED097FB8246204608F0DFFA444F00280CBF46
S21400BEE0C346BB46204608F08BFB0AF0C7F800287E
S21400BEF008BF4746534600210220CDE900B73C4A1A
S21400BF0002F0BCFAB37901210293B38802200193B0
S21400BF107388384A0093337B02F0B0FA0026DFF8C5
S21400BF20ECB099F80430F4B2A34203D831F09BFC8D
S21400BF3001358DE714235C43D9F8007002203A5B84
S21400BF4007EB040A9AF90C3000922B4A002132EAD9
S21400BF50230228BF5A461346284A02F08FFA0020CA
S21400BF602AF0EBFE38B150463C5B2AF01AFA01463E
S21400BF7020460AF0D1F801210220214A02F07EFA7A
S21400BF800136CEE748E4030057E4030073E40300F9
S21400BF909FE403007AE4030090E4030097E40300C0
S21400BFA0CCE40300ECE4030036E50300F5E403000C
S21400BFB017E503003803040022E5030038E5030014
S21400BFC04EE5030064E50300DDE50300F5E5030048
S21400BFD0683A0020E9E5030003E6030017E60300DD
S21400BFE0B4E40300D4E103009C3900201FE40300FE
S21400BFF06FE503008FE503003CE40300C5E503009E
S21400C000B12B0400BFE4030027E4030030E4030080
S21400C0102DE9F7430025134EDFF8588008F036FA6E
S21400C020ECB2A04202D803B0BDE8F0832701204658
S21400C03016F8079008F030FA0B4A4B46002808BF5F
S21400C0404246002102200092084A02F017FAF05DEC
S21400C0502AF044F901210220054A02F00FFA0135C0
S21400C060DCE700BF9C3900203132040032E60300D2
S21400C070B12B04003B32040008B583685A68117877
S21400C080C26853F82230A1F1650251425141187836
S21400C09008F0B8FB30B9BDE8084001210220024A8A
S21400C0A002F0ECB908BD00BF3DE603000021022007
S21400C0B0014A02F0E3B900BF57E603000021022060
S21400C0C0014A02F0DBB900BF85E6030010B504465E
S21400C0D086B01822002168460DF032FC68462AF029
S21400C0E078FDD4E9022052F8203002EB80021B785B
S21400C0F08DF80B30516891F900108DF80A10916890
S21400C1000988ADF808106168091A032907DDD268A6
S21400C11003F01F03127843EA42138DF80B3068468B
S21400C12007F07EFD00210346024A022002F0A6F92F
S21400C13006B010BDA1E6030007B500202BF0A5F958
S21400C14000210090034B0220034A02F097F903B047
S21400C1505DF804FBAEE60300B4E6030013B5D0E9D1
S21400C160023253F8221003EB82035B6808781968E2
S21400C1700023094CA222994208BF2146C01A18BFC4
S21400C18001202BF076F901210090044B0420044A8C
S21400C19002F074F902B010BD00F8FF07DF270400B4
S21400C1A0C6E7030013B5D0E9023203EB820153F869
S21400C1B02230D1E901141878FF22003818BF012078
S21400C1C0237809682BF055F901210090034B0420D1
S21400C1D0034A02F053F902B010BD00BFBFE60300E9
S21400C1E0C6E7030008B5002101230C4A2AF0B3FF76
S21400C1F00A482AF011FD0020094908F0F5FF002042
S21400C2002AF09BFD10B1054808F056FFBDE808402F
S21400C21001210420034A02F031B900BFB85A0020B9
S21400C220D4E60300B12B040010B52AF055F80346F7
S21400C23030B1BDE8104001210420054A02F01EB9C5
S21400C2400121BDE810400420024A02F017B900BFE1
S21400C250E2E60300F3E6030010B52AF0E1FCBDE8D1
S21400C2601040034601210220014A02F007B900BF30
S21400C270FEE6030010B52AF0A2FCBDE81040034617
S21400C28001210220014A02F0F9B800BF14E70300BA
S21400C29037B5D0E90232012453F822304FF6FF704A
S21400C2A01D78FE2204FA05F100232BF056F92B46E2
S21400C2B0009021460420024A02F0E0F803B030BDA8
S21400C2C028E70300D0E9023253F822301B7823B166
S21400C2D001210220024A02F0D1B8024A13707047C8
S21400C2E047E703003A56002007B5684629F0DAFF0C
S21400C2F007F0E8FB01210346084A022002F0BEF8D8
S21400C300684608F0D9FE07F051FE01210346044AAC
S21400C310022002F0B3F803B05DF804FB5DE703000B
S21400C32077E7030037B5D0E90245406854F8253072
S21400C330401B0328D8BF002004EB8504C8BFE06874
S21400C34019786368C8BF00781A78A36893F9003034
S21400C350009001202BF07BF838B901210220084A12
S21400C36003B0BDE8304002F089B8064B0190009358
S21400C37001210220044B054A02F080F803B030BDCC
S21400C38088E7030090E703002A140400A4E70300EC
S21400C39007B501202BF063F848B900900121022070
S21400C3A0084B094A02F06AF803B05DF804FB054B37
S21400C3B00190009301210220044B054A02F05EF82A
S21400C3C0F2E700BF90E70300BBE703002440040049
S21400C3D0A4E7030008B5D0E9023253F822301878F3
S21400C3E02AF0F1FF30B9044A0121BDE808400420D4
S21400C3F002F044B8014AF7E7D0E70300ECE7030091
S21400C40008B5D0E9023253F8223018882AF0D9FF4E
S21400C41030B9044A0121BDE80840042002F02EB8D5
S21400C420014AF7E70BE803003BE8030073B503781F
S21400C430044613F0050F0ED04588062D17D18368E5
S21400C44001215B68174A1B780193838804200093B8
S21400C450154B02F013F82378012B20D0012104207D
S21400C460114B124A02B0BDE8704002F007B835B969
S21400C4708388012104200E4A02F000F8EBE7012D24
S21400C480E9D186680B49002008F0AEFE304608F079
S21400C49013FE29460420084A01F0F0FFDBE702B04D
S21400C4A070BD00BF71E8030068E80300C3E803003E
S21400C4B08EE80300ABE80300B12B04002DE9F04F33
S21400C4C000268FB0364D09AC0FCD0FC42B68012166
S21400C4D00220344A236001F0D1FF3446DFF8DC90B6
S21400C4E029F0F4FEF5B2A8420BD829F0EFFE234659
S21400C4F00090012102202C4A01F0C0FF0FB0BDE8D9
S21400C500F08F284605A92AF040FF0346002841D1AF
S21400C5109DF81430032B39D904238DF814302B469C
S21400C52000210220214A01F0A9FF9DF814300EAA2E
S21400C53002EB830300214A4653F8143C022001F024
S21400C5409DFF28469DF821A09DF815B09DF818700F
S21400C550BDF816802AF01BFF5346CDE90280002165
S21400C5600220CDE900B7124A01F088FF013400200E
S21400C570E4B22AF0E2FB18B10DF1190008F09CFDB8
S21400C580002102200B4A01F079FF01E0002BC6D102
S21400C5900136A5E700210220074A01F06FFFF7E702
S21400C5A0847C0400D5E803004EE9030092E403000F
S21400C5B002E90300D2DF030029E90300D5F30300F4
S21400C5C0C3688268013BDBB252F8233002201B7836
S21400C5D0652B14BF00220121044B1BBF01211A70DA
S21400C5E0034A044A08BF197001F048BFC26400201D
S21400C5F065E9030073E90300D0E9023253F82230FC
S21400C6001A88014B1A8070476064002007B5D0E98D
S21400C610023103EB810253F8213052681988054B2A
S21400C6200548128800930088012309F039FA03B000
S21400C6305DF804FB2DC4000060640020C3688268B7
S21400C640013BDBB252F823305B78A3F1660253421B
S21400C6505341014A13707047C564002030B5D0E9D5
S21400C660023253F8223089B01D78012302AA1946F7
S21400C67004462AF070FD01230093102302210DEBDF
S21400C680030220462AF048FD284604AA02A92AF0FA
S21400C6907EFF044600202AF050FB18B121460448CD
S21400C6A007F0A0FA0020034908F084FD09B030BD69
S21400C6B082E90300B12B0400002330B58FB00221BD
S21400C6C0009309AA122305462AF026FD05AA01466C
S21400C6D009A807F00BF8044698B1232805D1134A99
S21400C6E00121042001F0CAFE09E0212801D1104AE8
S21400C6F0F6E70346012104200E4A01F0BFFE0FB004
S21400C70030BD01232846194603AA2AF024FD05A9B0
S21400C71003A82AF03EFF054620462AF00EFB18B175
S21400C7202946054807F05EFA044AD9E78FE9030070
S21400C730B2E90300EDE903000EEA0300B12B0400A2
S21400C740F0B5D0E9023253F8221003EB82039B685F
S21400C75005461F7887B038460E782AF0CEFA04468B
S21400C76008BBD5E9022101238DF80830194452F898
S21400C770210002EB810200888DF809709268ADF8FE
S21400C7800A00127804218DF80C2028460DF10D02BF
S21400C7902AF0E1FC304602A98DF815402AF0F9FD92
S21400C7A004462AF09EFA334601210420024A0094E9
S21400C7B001F064FE07B0F0BD23EA03002DE9F04166
S21400C7C001218EB00220274A01F058FE002005AB5A
S21400C7D001AA09A92AF0D5FE00250446224E234FB9
S21400C7E0DFF898801CB128460EB0BDE8F081022024
S21400C7F02B463246214601F041FE20462AF09DFA9D
S21400C80010B10AA808F058FC3A46002102209DF80C
S21400C810303001F033FE424600210220079B01F033
S21400C8202DFE00210220BDF82030114A01F026FE20
S21400C830BDF8143000210F4A022001F01FFE01351A
S21400C84001A82AF075FAEDB2012102200A4A01F089
S21400C85015FE284605AB01AA09A92AF092FE044651
S21400C860C0E700BF55EA03009BEA0300A3EA030003
S21400C87057030400B8EA0300B12B0400AFEA030034
S21400C8802DE9F047064698B0C0B929F01DFD0746C9
S21400C89000250EA82AF07FFE01210220384A01F06A
S21400C8A0EDFD2C46DFF8E080DFF8E090DFF8E0A052
S21400C8B0BC4205D3284618B0BDE8F0870127E7E755
S21400C8C013A82AF068FE002E4CD0022306A913A84F
S21400C8D08DF84C30FE242AF050FE00283FD102A9E5
S21400C8E013A82AF050FE9DF8593043F001038DF846
S21400C8F05930002E3DD1234631460220214A01F010
S21400C900BDFD9DF859300AA943F0010313A88DF820
S21400C91059302AF038FE00202AF00FFA10B114A879
S21400C92008F0CAFB0C9B42460021022001F0A6FD3F
S21400C930BDF82820002112F4007F0CBF4C234123B1
S21400C94012F0100F0CBF6E227922022000924A4687
S21400C95001F094FD06A82AF0EBF90135EDB201349A
S21400C960E4B2A5E720460AAB06AA13A92AF007FEFA
S21400C970B3E752460021022001F080FDC1E700BF68
S21400C980C2EA03009BEA0300AFEA0300FEEA0300E4
S21400C990F7EA030030B5012499B00EA82AF0FBFD93
S21400C9A013A88DF838402AF08CFDC0B9BDF84C109D
S21400C9B011EA040513D121460220444A01F05EFD27
S21400C9C029460220424A01F059FD214602203F4AEC
S21400C9D001F054FD214602203C4A01F04FFD06A915
S21400C9E00EA82AF0CAFD20B11022FF2106A80CF0DE
S21400C9F0A7FF04A82AF0C9FD059B01210220354A9D
S21400CA000093354B01F03AFD9DF8123001210220CB
S21400CA10324A0093304B01F031FD00212E4B304A54
S21400CA20022001F02BFD06A82AF082F913A82AF0AE
S21400CA30B2FD02230AA913A88DF84C302AF0A3FDF4
S21400CA4000283FD10B9B009301210220254B264A4C
S21400CA5001F014FD0121234B244A022001F00EFDB3
S21400CA600120FFF70DFF01211E4B214A022001F095
S21400CA7005FD0020FFF704FF044629F025FC2346A9
S21400CA800090012102201B4A01F0F8FC01211A4BFC
S21400CA90174A022001F0F2FCFFF790FE1749022821
S21400CAA003461748174A28BF0A46084928BF0146C2
S21400CAB00092CDE9013102200121134A01F0DEFC8B
S21400CAC019B030BD4FF0FF33BDE700BFB12B0400F7
S21400CAD011EB03004FEB030047EB03005FEB030093
S21400CAE0B41204003F20040072EB030082EB030044
S21400CAF089EB030092EB0300A6EB03000DEB0300AB
S21400CB001E08040070080400B4EB030010B5D0E95A
S21400CB10023253F822301C78201E18BF01202AF05B
S21400CB20BCFC054A054B0020002C18BF1A46BDE881
S21400CB301040034908F03EBBE1EB0300DCEB0300CA
S21400CB40EAEB0300D0E9023210B553F822301C8815
S21400CB5020462AF0A4FC2246BDE8104000200149E9
S21400CB6008F028BB2BEC030037B5044606F082FF1E
S21400CB70014638B100200D4A0D4903B0BDE83040EB
S21400CB8008F018BBE368A268013BDBB252F823301A
S21400CB9008481D780123084A00936C2D08BF0246FA
S21400CBA0102320462AF0B8FA03B030BD79EC030013
S21400CBB081EC0300AB6400209B64002013B58368FF
S21400CBC09A681278672A22D101A82AF07AFC0446CD
S21400CBD0A8B9BDF80420174908F0ECFABDF80430EF
S21400CBE0DA070AD413F0020F134B144A18BF1A467A
S21400CBF01349002008F0DEFA19E0124AF8E7024668
S21400CC001149002008F0D6FA22461049F1E7C2681A
S21400CC1001A953F8220003EB82035B6800681B68D7
S21400CC20ADF804302AF053FC04460028ECD102B0DC
S21400CC3010BD00BFB4EC0300A7EC03001114040001
S21400CC40D5EC030097EC0300E7EC030013ED0300BC
S21400CC50034A04491388C85401331380704700BF41
S21400CC60324F00204056002073B5154D01242B7816
S21400CC70144E13F0040F0CBF02230423124A21465D
S21400CC801470328802200192EB5C104A0093104B1D
S21400CC905B8801F0F3FB002102200E4A01F0EEFB58
S21400CCA00D4B2946009332882346022001F02CFCC7
S21400CCB021460220094A02B0BDE8704001F0DEBB02
S21400CCC040560020324F00203F56002022ED030041
S21400CCD0244F002047ED030069ED0300B12B04004C
S21400CCE070B516464FF48A52114B124DDA805980B1
S21400CCF0114B1B881A1E18BF012240EA82000F4AF9
S21400CD001278003A18BF012240EA0210287063B178
S21400CD1003246B701B0AAB7009F01EFA631C2855BF
S21400CD20EE54074B02341C8070BD0124F4E700BFAC
S21400CD30244F002040560020304F00203E56002052
S21400CD40324F002038B5D1E902320C46054653F87A
S21400CD502230024619880C4B1878FFF7C1FFE368AB
S21400CD60A268013352F82330188828F00AF94DB12A
S21400CD70E368A268023352F823301878BDE83840DA
S21400CD80FFF766BF38BD00BF3B560020F0B505462E
S21400CD90EB68AA68023352F8233008461C78294606
S21400CDA085B0FFF7CFFF204629F0E7FA204E214F47
S21400CDB078B3204629F0EDFA0321441C03AA28463E
S21400CDC027F046F93288E4B2C2F1FF0303991B1B31
S21400CDD09BB28B4222443CBFC2F1FF030393012364
S21400CDE0032100933A449DF80C3028462AF094F923
S21400CDF0039A022C338804BF0F48110AFA5408BF5E
S21400CE00C15413441C44348005B0BDE8F040FFF71D
S21400CE102BBF204607F09AFA012332880446009377
S21400CE20032103463A4428462AF076F93388E9E790
S21400CE30324F00204056002041560020052307B5FB
S21400CE40012100930220044B044A01F017FB03B0B3
S21400CE505DF804EBFFF79EBD50ED030057ED0300B1
S21400CE6013B504462AF029FB38B1CDE9004001216C
S21400CE700220034B034A01F001FB02B010BD00BFC5
S21400CE8079EC03006EED0300194B37B51B783BB900
S21400CE9001210220174A03B0BDE8304001F0EEBA87
S21400CEA0D0E90232144C53F8223001211D786388F1
S21400CEB002200093114A2B4601F0E0FA104B257130
S21400CEC01B78104D63B1012102200F4A01F0D6FAFB
S21400CED020460E4A298803B0BDE8304029F01CB829
S21400CEE020460A4A298803B0BDE8304029F0D6B863
S21400CEF03F56002085ED0300244F002093ED0300ED
S21400CF003C560020324F0020AAED03004056002079
S21400CF102DE9F041D0E9023253F8221003EB8203E8
S21400CF205A680C7817889A68DB68B2F80080C6B032
S21400CF301D780021304B0220304A0094CDE901785C
S21400CF4001F09CFA002D0CBF6E23792301210220EC
S21400CF502B4A01F093FAFF23002D0DF1170606ADBC
S21400CF60019320460CBF8023402342463946029652
S21400CF70009529F04DFD0446002835D1307829F07B
S21400CF8002FA0746B0B1284629F096FE1D4BFD284A
S21400CF90A8BFFD200093234682B20DF1190102209E
S21400CFA001F0B2FA01210220174A01F067FA46B0F2
S21400CFB0BDE8F081307829F0ECF960B1284629F018
S21400CFC080FEFD28A8BFFD200E4B82B200930DF117
S21400CFD01A013B46E3E7307807F0B8F90B4B0246F8
S21400CFE0009329460123DAE7009001210220084B2E
S21400CFF0084A01F043FADAE7DB200400C4ED030038
S21400D000E9ED030046350400B12B040069ED03008A
S21400D01071F60300F3ED0300D0E9023253F8221054
S21400D02003EB82032DE9F04F5A680F78B2F80080C0
S21400D0309A68C7B0B2F80090DA681B6992F800A048
S21400D0401E7800212F4B304A0446CDE90189022084
S21400D050009701F013FABAF1000F0CBF6E23792384
S21400D06001210220294A009606AD01F007FAFF22A8
S21400D070002128460CF064FC304629F084F98346EB
S21400D08008B30023052100932046FD230DF1190265
S21400D0902AF042F82870BAF1000F0CBF8023402314
S21400D0A04A4641463846CDE9005629F07CFC014602
S21400D0B0144806F097FD01210220154A01F0DEF91A
S21400D0C047B0BDE8F08F304629F063F960B1FD2324
S21400D0D005212046CDF800B00DF11A022AF01CF802
S21400D0E085F801B02870D6E70590304607F02EF98F
S21400D0F0059A0346009205212A4620462AF00CF897
S21400D100C9E700BFCE200400C4ED030004EE030010
S21400D110B12B04002DE9FF471C465B68E5685B1BE6
S21400D12000255FFA83F803952E46FFF7D9FDEBB28C
S21400D13098450BD90C9B9B5D282B39D8202B00F2E9
S21400D140CB800136F6B2002B40F0C980FFF78CFD8D
S21400D15004B0BDE8F087132A2FD801A151F822F0B9
S21400D16027D2000039D200004BD200007FD2000048
S21400D1704DD100004DD100004DD100004DD1000032
S21400D180BBD10000BBD10000BBD10000BBD100006A
S21400D190BBD10000BBD10000BBD10000BBD100005A
S21400D1A0BBD10000BBD10000CBD10000A5D200004F
S21400D1B0A3F13102D1B21329CDD90136F6B2A3F1CB
S21400D1C04102032AC2D8422B6CD06C4F00213A8809
S21400D1D0DFF8B0A1C2F1FE039BB2FF2B28BFFF23EE
S21400D1E001320091DBB22046524469B229F070FF4A
S21400D1F03B880AF8030001331844388011E04FF0EA
S21400D2000409E368A2682B4452F823301F68F8B27A
S21400D21009F1FF39FFF71CFD19F0FF094FEA172740
S21400D220F5D1013583E7E368A2682B4452F8233032
S21400D2301878FFF70DFDF4E7E368A2682B4452F870
S21400D2402330188827F09DFEEBE7E368A2682B449E
S21400D25052F823301F68B7F1807F09D2F8B2FFF783
S21400D260F7FCC7F30720FFF7F3FCC7F30740E0E738
S21400D2702B4601210820424A01F000F966E74FF0EC
S21400D2800409E368A2682B4452F823301F68F8B2FA
S21400D29009F1FF39FFF7DCFC19F0FF094FEA172701
S21400D2A0F5D1BEE7294603AA204626F0D1FE002186
S21400D2B0324F344A3B88DDF80C9002EB030CCAB2BE
S21400D2C0914501F1010102D84B443B80A9E710F8D3
S21400D2D002A00CF802A0F2E7242B3FF670AF013B49
S21400D2E0232B3FF633AF01A252F823F027D20000DB
S21400D2F039D200004BD20000FFD100004DD1000013
S21400D3004DD100004DD100004DD100004DD10000A0
S21400D3104DD100004DD100004DD100004DD1000090
S21400D3204DD100004DD100004DD1000027D20000A5
S21400D33039D200004BD200007FD200004DD1000051
S21400D3404DD100004DD100004DD100004DD1000060
S21400D3504DD100004DD100004DD100004DD1000050
S21400D3604DD100004DD100004DD1000027D2000065
S21400D37039D200004BD20000FFD10000324F00200F
S21400D3801DEE030040560020094B1B7823B10121F7
S21400D3900820084A01F072B8D0E9023253F8223069
S21400D3A0054A1B88012113800820044A01F066B84C
S21400D3B03F56002043EE0300304F002085EE03006A
S21400D3C0D0E9023253F82230054A1B780121003B8F
S21400D3D018BF012308201370024A01F04FB800BF9F
S21400D3E03D560020ABEE0300D0E9023253F822305F
S21400D3F0034A1B78012113700820024A01F03EB848
S21400D4003E560020DAEE030010B5D0E9023204469C
S21400D41053F82230132219880B4B1878FFF760FC5C
S21400D420E368A268013352F823301878FFF710FC3F
S21400D430E368A268023352F823301878FFF708FC36
S21400D440BDE81040FFF710BC3B56002010B5D0E9F1
S21400D4500232044653F82230112219880B4B1878F2
S21400D460FFF73EFCE368A268013352F823301878D1
S21400D470FFF7EEFBE368A268023352F82330187811
S21400D480FFF7E6FBBDE81040FFF7EEBB3B5600207B
S21400D490D0E9023253F82230034A1B78003B18BF0B
S21400D4A00123DB00137070473B56002010B5D0E90F
S21400D4B0023253F82230044619880E4B062218789A
S21400D4C0FFF70EFC0120FFF7C3FBE368A2680344E6
S21400D4D052F82330188827F054FDE368A268023318
S21400D4E052F82330188827F04CFDBDE81040FFF7AF
S21400D4F0BBBB00BF3B5600202DE9F043D0E902320B
S21400D5004FF0FD09013253F8221003EB82035A68EC
S21400D510C7B017889A68B1F80080147853F8043CAE
S21400D520002C0DF1170506AE18783A4614BF4023B6
S21400D530802341460295CDF80490009629F068FABB
S21400D540034638B1184A0121082000F097FF47B07B
S21400D550BDE8F083201E18BF01200A224146C00005
S21400D560FFF7BEFB384627F00CFD2878FFF770FB68
S21400D5704A463146287828F0B4FE044628B10B4FB8
S21400D5803D88C5F1FF03984202DD2346084ADAE7E4
S21400D590024608483146284425440CF061FB3D808D
S21400D5A0FFF762FBD3E700BF10EF0300324F002007
S21400D5B02CEF03004056002010B5D0E90232044696
S21400D5C053F82230082219880B4B1878FFF788FB8F
S21400D5D0E368A268023352F823301878FFF738FB66
S21400D5E0E368A268013352F82330188827F0C9FC94
S21400D5F0BDE81040FFF738BB3B56002073B5D0E9B6
S21400D60002320546023253F8221003EB820353F827
S21400D610042C53F8083C0C781988234B1688187885
S21400D6200622FFF75DFB0020FFF712FB304627F0CF
S21400D630A8FC2046FFF70CFBEB68AA68033352F8F9
S21400D6402330188827F09DFCEB68AA68043352F84C
S21400D6502330188827F095FC204608F07DFFE8B9AF
S21400D660204606F073FE05210446019001AA2846CE
S21400D67026F0EEFC019B01469C4206D0224631462F
S21400D6800A480BF04BF802B070BD094D09482E88C9
S21400D6902246304434440CF0A5F92C8002B0BDE894
S21400D6A07040FFF7E1BA00BF3B56002058EF03007A
S21400D6B0324F00204056002073B5D0E902324FF4B6
S21400D6C08A5153F82230104D1A88104BD9805A8050
S21400D6D000232A4600930121FF2329F01DFD2B7805
S21400D6E0044613F0040F0A4B08BF01261B7818BF28
S21400D6F0032613B108F030FDA855064B1C8002B077
S21400D700BDE87040FFF7B0BA40560020244F002016
S21400D7103D560020324F0020D0E9023253F8223026
S21400D720034A1B78003B18BF01231370704700BFE5
S21400D7303C56002010B50C4608B907F099FC024B81
S21400D74018715C7110BD00BF244F002002462DE901
S21400D750F341D0E90253526855F82310D21A0C88C8
S21400D76005EB8301013BDBB255F82380294D022AE5
S21400D7704868C8BF8A682B78D8BFFF210078C8BF22
S21400D78011783BB901210220234A02B0BDE8F041DE
S21400D79000F074BEFFF7CEFF06F094F91F4F204E40
S21400D7A03B880146224600931E48334629F01CFA61
S21400D7B00246C8B998F804103B885F2917D1CDE90E
S21400D7C000364FF6FF712046164B28F099FB28B11D
S21400D7D0034601210220144A00F050FE0023134A9B
S21400D7E02B701380124A137002B0BDE8F0814FF61A
S21400D7F0FB718C4208D9CDE900362146094B4FF61D
S21400D800FF7028F0DBFBE2E72146064A009628F088
S21400D81007FCDCE73F560020A3EF0300324F002052
S21400D82040560020244F0020AAEF0300304F00206F
S21400D8303E560020002210B50A2104461046FFF787
S21400D8404FFA002027F09DFB0122044B1A70FFF7C9
S21400D8500BFA2046BDE81040FFF778BFB55A002007
S21400D86038B51C4615460123224629F074FC60B9DB
S21400D8702146284629F04BFE044620B1012104200B
S21400D880034A00F0FBFD204638BD0024FBE700BF3E
S21400D890D1EF03002DE9F0430C4615461F46D0E9AC
S21400D8A0022352F8231002EB830293680E8893F843
S21400D8B00080D3688BB0B3F800903246012106ABE7
S21400D8C0FFF7CEFFF0B90DF1200CF4B101232A8842
S21400D8D04021CDE902C2CDE90471CDE900932221B1
S21400D8E0434606AA304629F06DFC0B4B0B4A0093C4
S21400D8F00B4B0190002C08BF134601210420094A57
S21400D90000F0BCFD0BB0BDE8F0836246286869688D
S21400D910032303C22246DBE730F0030015F00300C2
S21400D9200FF003001DF0030007B501236A4600212F
S21400D93029F011FC6846034908F05EF903B05DF86B
S21400D94004FB00BF2DC40000D0E9023253F8223099
S21400D9500149188808F022B92DC4000010B5D0E996
S21400D960023203EB8201496853F8223009784FF4FB
S21400D9708A52188829F016FCBDE81040034601219B
S21400D9800420014A00F07ABD3AF00300D0E90232E2
S21400D99053F8223002214FF48A5210B5188829F025
S21400D9A0F3FBBDE81040034601210420014A00F0C5
S21400D9B065BD00BF53F003001FB5D0E9023203EB8C
S21400D9C0820153F82230496818884FF48A53098830
S21400D9D00293094B094A0193094B1B78009312786E
S21400D9E0084B29F047FC012103460420064A05B0EF
S21400D9F05DF804EB00F042BD344F00204057002095
S21400DA003F5700203E4F00206AF003002DE9F04308
S21400DA10D0E9023253F8221003EB82035A680E88CC
S21400DA2017789A68DB688BB092F80090B3F800809D
S21400DA303246042106AB0446FFF712FF28BB08ADAA
S21400DA4001232A460521204629F085FB38B9042003
S21400DA5001210F4A00F012FD284628F023FC4FF45F
S21400DA608A53CDE904930023CDE9025303232121F1
S21400DA70CDE9008306AA3B46304629F0A3FB0121E8
S21400DA800346044A042000F0F9FC0BB0BDE8F0831E
S21400DA9082F00300B1F0030038B5D0E9024303F189
S21400DAA08043023B02220F4954F823009D000CF0ED
S21400DAB093FA60B90C4B0D491A78042A0BD82C44FB
S21400DAC0A068008821F8120001321A7038BD084B91
S21400DAD008491A78F1E70121BDE838400420064AD3
S21400DAE000F0CCBC26190400405700203E4F002012
S21400DAF03F570020344F0020C3F0030008B5C3682A
S21400DB00806803F18043023B0222064950F8230056
S21400DB100CF062FA10B9044B187008BD0022034BD3
S21400DB201A70FAE726190400405700203F570020D5
S21400DB3037B5D0E9023153F821208C0015784268B9
S21400DB40521A012AC5BF1B195B686C091C78DCBF1A
S21400DB5044F0180405F01F052946204629F04EFA21
S21400DB60034640B12346012104200E4A009500F0EA
S21400DB7085FC03B030BD0121A94074B92346FE22BE
S21400DB804FF6FF7029F0E9FC012103460420064AFF
S21400DB9003B0BDE8304000F071BCFE2241EAC4612B
S21400DBA0EEE700BFD9F00300F9F0030070B5D0E946
S21400DBB0021551F8253001EB8501044618884B689C
S21400DBC01A788B68052A1B8802D85E1E072E0BD98A
S21400DBD0012104200C4A00F051FCBDE870400121F0
S21400DBE004200A4A00F04ABC6468641B032CCABFBF
S21400DBF0C9680749096829F0B0FCBDE870400246CC
S21400DC000449002007F0F0BA17F1030037F10300CB
S21400DC1000F8FF0754F1030008B5D0E9023253F8C4
S21400DC20220003EB82035968FF22038809684FF637
S21400DC30FF7029F092FCBDE808400246014900202A
S21400DC4007F0D2BA67F1030008B5D0E9023253F8FC
S21400DC50223005214022188829F096FABDE80840AF
S21400DC6002460249002007F0BFBA00BF88F1030051
S21400DC7008B5D0E9023203EB8201486853F8221057
S21400DC80027840230988312029F0D1FABDE80840FF
S21400DC9002460249002007F0A7BA00BFA9F1030018
S21400DCA008B5D0E9023203EB8201486853F8221027
S21400DCB0027840230988332029F0B9FABDE80840E5
S21400DCC002460249002007F08FBA00BFC3F10300E6
S21400DCD01FB5D0E9023253F8221003EB82039B688B
S21400DCE008881A780023D21A18BF0122CDE9023319
S21400DCF002A94023D20129F0A9FA01210090044B81
S21400DD000420044A00F0BAFB05B05DF804FB00BF2F
S21400DD1030F00300E1F1030007B5D0E9023253F812
S21400DD20223003214022188829F02EFA0121009083
S21400DD30034B0420034A00F0A1FB03B05DF804FB8C
S21400DD4030F00300F0F1030037B5C368826805338E
S21400DD5052F8233004211D786A460123044629F030
S21400DD60FAF938B904200121064A00F087FB684614
S21400DD7028F098FA2B466A4600212046FFF78AFDCF
S21400DD8003B030BD0AF2030007B5D0E9023203EB58
S21400DD908201486853F8221002784023098832200E
S21400DDA029F045FA01210090034B0420034A00F0B5
S21400DDB065FB03B05DF804FB30F003003BF20300A4
S21400DDC070B585690446EA0705F0020605D476B103
S21400DDD0C5F3072028F091FF09E01EB1B2210F48D5
S21400DDE02FF034FDA069C0F3810028F075FFE369C9
S21400DDF01BB9BA2109482FF029FD204613F0E0FF91
S21400DE00E3693EB1607E9847AB0706D0BDE8704038
S21400DE1028F067BF20469847F6E770BD50F203002B
S21400DE2008B514F0E1FB28B1BDE8084047210248D8
S21400DE302FF00CBD08BD00BF50F203002DE9F041E5
S21400DE40FF2B04460F4690461D469DF8186005D0E9
S21400DE50FF2E03D0D52111482FF0F8FC0023FF2D0C
S21400DE6018BFAD000E4A1CBF45F00105EDB222609A
S21400DE700C4AC4E9063818BFA561FF2EC4E9012381
S21400DE802361E76007D0A36943F0020323F47F43CE
S21400DE9043EA0623A361BDE8F08100BF50F2030009
S21400DEA0F4350020C1DD0000002310B5054C0361E9
S21400DEB00460054CC261C0E901430123C16083616F
S21400DEC010BD00BFF4350020C1DD000070B58669C6
S21400DED0044606F00303032B0D4603D1FC21144829
S21400DEE02FF0B4FCFF2D16D0B20704D440F2011177
S21400DEF00F482FF0ABFC284628F094FBFF28054679
S21400DF0004D14FF482710A482FF0A0FC2DB204EB26
S21400DF104514204670BDF307FBD5A36913F00C0F1C
S21400DF20F7D040F20B1102482FF090FCF1E700BF4B
S21400DF3050F203000023054AC0E90631036102607F
S21400DF40C360034A034B426083607047F435002089
S21400DF50C1DD00008D1D020001482BF0FEB900BF98
S21400DF60F435002001482BF004BA00BFF435002039
S21400DF7013B50E482BF0CBF927F078F82AF079F98C
S21400DF802AF095F92AF09CF9FCF748FF0446FCF7BE
S21400DF905FFF2346009001210420054A00F06EFA38
S21400DFA002B0BDE81040FCF73FBF00BFF4350020CC
S21400DFB0E3F20300022808B503D12FF040FC014B22
S21400DFC0186008BD2436002008B50CF01FFD01229D
S21400DFD0044B1A702FF0BCFCBDE808400249034809
S21400DFE0FDF7E4B842570020DC5F0020283600200A
S21400DFF0014B1870704700BF41570020024B18783D
S21400E00008B105F043BD7047BB64002008B5074B58
S21400E0101B780BB1002008BDFFF7F0FF0028F9D1F0
S21400E02006F090F8023818BF0120F4E741570020A8
S21400E03070B5FFF7EBFF174D20B1FFF78DFF0428F3
S21400E040044613D82B781BB92FF082FC01232B70C3
S21400E05027F01AF80446D8B12B781BB9F7210E48DA
S21400E0602FF0F4FBBDE87040FFF776BF27F00EF800
S21400E0700028E7D02B785BB12FF0E9FA064600219E
S21400E08001202DF0A9FC30462FF0DCFA00232B707F
S21400E090204670BD4257002004F303001FB5FFF76B
S21400E0A0C7FF0446FDF72CFAA04228BF204688B1D9
S21400E0B003A92EF07DF8034638B9CDE90000064ADC
S21400E0C0039906482FF0D7FB18B18E2104482FF08D
S21400E0D0BDFB012004B010BD8750030004360020AD
S21400E0E004F303000D4B70B51B780D4D0D4C01214C
S21400E0F0002B0CBF2B46234602200B4A00F0BEF92D
S21400E1000A4B01211B780220002B0CBF2B4623460E
S21400E110BDE87040064A00F0B1B900BFBB640020FD
S21400E12045190400641904009AF3030041570020BF
S21400E130B9F3030010B5D0E9023253F822300220BA
S21400E1401B780121002B15BF01240024044A054A30
S21400E15000F094F92046BDE81040FFF749BF00BF25
S21400E160D8F30300F5F30300D0E9023253F8223067
S21400E170034A1B78003B18BF01231370704700BF8B
S21400E180BB64002038B50125084B1D702FF05FFAE0
S21400E1900446294628462DF01FFC20462FF052FA4A
S21400E1A0BDE8384002490348FDF700B84357002051
S21400E1B0E45F00205036002070B514F09BFA10F093
S21400E1C0070F1D4D11D02B785BB901262E702FF04E
S21400E1D03EFA0446314630462DF0FEFB20462FF030
S21400E1E031FABDE8704013F049BF29F092F90228D1
S21400E1F0E9D1124C2378032BE5D914F07BFA10B939
S21400E2002378032B14D813F039FF04460028DAD0FD
S21400E2102B785BB100262E702FF019FA0546314692
S21400E22001202DF0D9FB28462FF00CFA204670BDB1
S21400E2304FF0FF34ECE700BF43570020345B00206C
S21400E2401FB5FFF7B9FF0446FDF75AF9A04228BFED
S21400E250204688B103A92DF0ABFF034638B9CDE9B7
S21400E2600000064A039906482FF005FB18B18C21DA
S21400E27004482FF0EBFA012004B010BD53560300FB
S21400E2803036002014F4030010B5094C094900206C
S21400E29006F090FF23681B68587928F0F9F9236880
S21400E2A01B68587927F0DEF904F0BCFD002010BD8D
S21400E2B02C3B0020A2F4030008B529F01AF9024608
S21400E2C028B1BDE808400020014906F073BF08BD2C
S21400E2D0C5F4030008B529F022F9024628B1BDE8C6
S21400E2E008400020044906F065BF5422BDE80840F7
S21400E2F0FF2102480BF024BBDDF40300484F00204A
S21400E30038B504460D4629F00EF9024628B1BDE898
S21400E31038400020034906F04DBF034B23F8145045
S21400E32038BD00BFFBF40300484F00202DE9F34141
S21400E33000240C4E0C4DDFF838800C4F56F8043B8A
S21400E3400BB9D8F8003035F8022B39460092002079
S21400E3502246013406F02EFF2A2CEFD102B0BDE88B
S21400E360F08100BFF05F00209C4F002017F50300EF
S21400E370EC5F002008B52A21034829F0CCF8BDE858
S21400E3800840FFF7D3BF00BF9C4F002007B5D0E979
S21400E390023253F822301A78292A0DD8084B53F83F
S21400E3A022300BB9074B1B680749002031F81210C2
S21400E3B00091064906F0FEFE03B05DF804FB00BFC0
S21400E3C0F05F0020EC5F00209C4F002017F5030054
S21400E3D008B52A21034829F0A0F8BDE80840FFF751
S21400E3E0A5BF00BF9C4F002038B5D0E9023253F8D5
S21400E3F0221003EB82035B680C781D88002004491A
S21400E40006F0D8FE29462046BDE83840FFF778BF1C
S21400E41022F503002DE9F34100240C4E0C4DDFF8E5
S21400E42038800C4F56F8043B0BB9D8F8003035F856
S21400E430022B3946009200202246013406F0BAFE2E
S21400E4402A2CEFD102B0BDE8F08100BFF05F0020BB
S21400E450484F002017F50300EC5F002010B5024679
S21400E46027F016F920B9044C236811B11343236032
S21400E47010BD23EA0203FAE79C6000200CB413B533
S21400E48002460C4627F004F960B9094B1B681A428D
S21400E49008D005A9049801910AF054F914B105486A
S21400E4A029F073FE02B0BDE8104002B0704700BF0E
S21400E4B09C60002021F80300034610B5D3E9023221
S21400E4C053F8223008461C78211E18BF0121FFF79A
S21400E4D0C5FF014648B9084A084B0220002C08BF71
S21400E4E01346074AFFF7CAFF10BD00210220054A5F
S21400E4F0FFF7C4FFF8E700BF27E403001FE40300AC
S21400E50023F8030039F803002DE9F04105461F46BD
S21400E5100C46DFF82C808E18B44201D1BDE8F0819D
S21400E5200021284614F8013B069AFFF7A7FF002FA4
S21400E530F2D0424600212846FFF7A0FFECE700BFD6
S21400E540ADEA030002460249002006F033BE00BFD3
S21400E5504AF8030010B5234C2348FF2126F07FFD20
S21400E560207802281ED003282ED0012804D021208F
S21400E570BDE81040FFF7E6BF1C4B19780029F7D01E
S21400E58002231B4A23701378052B0EBF002301338A
S21400E590DBB29942137003D1052313700020E7E71E
S21400E5A0052BFBD0124B1B78052B02D103232370BF
S21400E5B0DDE7104A104932F8230007F0EFFA03238C
S21400E5C023700028D4D110BD094B0C4A1878094B8B
S21400E5D003EB8001897833F8200007F0AFFA0123B7
S21400E5E0EEE700BF44570020583600204D57002065
S21400E5F0BD640020F04F0020DDE7000089E7000042
S21400E6002DE9F04F0D46144695B0049011220021D6
S21400E6100FA89946DFF86C810BF092F904EB4503DE
S21400E6200393D9F800301C2B02D0039B9C4202D1E6
S21400E63015B0BDE8F08F0123DFF844A18DF81C303B
S21400E64023884C4AADF81E309AF800304A4D08EB45
S21400E65083039B7828788DF8203013688DF81D008A
S21400E660CDF821305368CDF8253028F03CFB049BCC
S21400E6708DF8290021882878002B4AD127F0F9FF49
S21400E680002844D09AF800300FAA38F8230007A9CB
S21400E69027F01AF800283AD027F018FE4FF0000BA3
S21400E6A0074606461C255FFA8BF2974234D8B742D7
S21400E6B02BD99DF81C30032B1AD10FAB0193BDF854
S21400E6C0213000220421009301202C4B06F0F8FB99
S21400E6D09AF8003008EB83039978274B187806F0F1
S21400E6E06BFC9AF80030002038F8231028F04CFA1B
S21400E6F05DB107A9304628F04CFE214B05461B7835
S21400E700304638F8231028F046FEC9F80050023488
S21400E71087E727F0A5FFB3E710460BA9059228F078
S21400E72034FE30B99DF82C1031B9059AB74208BFAF
S21400E73016460BF1010BB6E7BDF82E00BDF81E20FD
S21400E7409042F6D19DF830009DF820209042F0D1FE
S21400E7509DF81C208A42ECD1032A14BF082202220C
S21400E7600DF121010DF131000BF036FC002808BF39
S21400E7700025DEE745570020BC640020C7FA0300EA
S21400E780BD640020F04F002013B503460020114A58
S21400E7909C6812780190052A03D01B78032B00D1C1
S21400E7A02CB9012002B0BDE81040FFF7CBBE62686E
S21400E7B0217801ABFFF724FF217A0120E26801AB44
S21400E7C0FFF71EFFFF21044802B0BDE8104026F008
S21400E7D03EBC00BFBD64002058360020094B1B78A5
S21400E7E0052B02D00378032B02D00120FFF7AABE28
S21400E7F08168054A0B68054813604B68FF21536023
S21400E80026F025BCBD640020455700205836002061
S21400E81038B50024114B124D1870124BFF211C7096
S21400E8202C7006F0C9FB0122032110460E4B06F0A1
S21400E83047FB4FF6FF712246084628F0A8F9044623
S21400E84048B940F6B832FF21084826F0F7FB012306
S21400E8502B70204638BDFFF775FEFAE7BC64002033
S21400E860445700204D570020B12B04005836002096
S21400E870144BF0B51A681449136809785879884219
S21400E8800BD11249D78808460022114D1E792B78E5
S21400E890D4B2A34203D8052C0AD10020F0BD0C88C0
S21400E8A0BC4202D18C78B442F7D001320431EFE793
S21400E8B0A342F2D120F82270013300EB820086706A
S21400E8C02B70EAE72C3B0020BC640020F04F0020B1
S21400E8D04D570020FF2307B50021044A0448009343
S21400E8E0FFF7ACFA03B05DF804FB00BF55E5000087
S21400E8F0583600201FB5B42303210446ADF80E3069
S21400E90027F0AEFE98B12123204600930022032173
S21400E9100DF10E0328F058F804460020054B064A71
S21400E9200649009406F046FC204604B010BD862436
S21400E930F3E700BF74F8030081F8030096F80300BD
S21400E940D0E9023253F82230034A1B7801211370B3
S21400E9500220024AFFF792BDD8640020A5F8030003
S21400E9600122014B1A707047D86400200A4B90F8B9
S21400E97005111B7890F8082119448A42BCBFB2FBE7
S21400E980F3F103FB11234FF0FF32B8BFDBB202FAFC
S21400E99003F380F80A317047D86400202DE9FF4160
S21400E9A00446057F867EDFF870806E43237F98F8E6
S21400E9B0002013449D4212DB607F60B9238B0293D4
S21400E9C063690193237C00936288A31D217805F078
S21400E9D07DFCFF232370002004B0BDE8F081E37EB9
S21400E9E0AB42E9D9A77E228BF1199142A4BF921BB4
S21400E9F0D7B205EB0323E3813A4633462946204641
S21400EA0026F07CFE0028E7D1637F374401330135CA
S21400EA106377BEB2EDB2C9E7D864002037B50546C5
S21400EA2028F0EDFC0D4B04461B6869461B78032B4B
S21400EA3082BF0B4B1B881B18284688BF9CB228F049
S21400EA4066FD38B9684628F0DCFC18B9044B1B880C
S21400EA5023449CB2204603B030BD00BF683A002075
S21400EA6066640020084B1B78FF2B0BD1074B1B78E6
S21400EA70FF2B07D1064B1B78022B03D04FF4807078
S21400EA8028F0C7B8704700BFA0600020A837002055
S21400EA907836002010B50446FF2126F0E0FA054B34
S21400EAA09C4202BF0023A4F588742370BDE8104082
S21400EAB0FFF7D8BF883700202DE9F0479A462A4B43
S21400EAC081461B7888461646BDF82050002B49D054
S21400EAD0FF2D3ED938252846BDE8F087234B0C226B
S21400EAE03146A01D636184F80090A4F802800AF005
S21400EAF079FFA289414642F4004242F04002204695
S21400EB00A28126F00DFE2A46514660690AF06AFF89
S21400EB1041464846A21D258328F0B2F9A076002873
S21400EB20D8D00544013DB5FBF0F0FF28D2DC002329
S21400EB30E0762046A383FFF731FF054680B92379A8
S21400EB404FF48070B37228F025F8227C099B1A8057
S21400EB50C1E7074C2778FF2FC0D040F60345BAE739
S21400EB602770F2E70225B6E7D86400204F5700204A
S21400EB70A8370020B0F9063010B5002B25DA144C63
S21400EB802278237CFF2A02D0827A9A4207D0114C40
S21400EB902378FF2B17D0827A237C9A4213D169B947
S21400EBA0637F013BDBB263775BB90B4A237F127846
S21400EBB0204613442377FFF7F1FE0146204626F051
S21400EBC0BEFDFFF74FFF012010BD0020FCE700BF91
S21400EBD0A8370020A0600020D86400202DE9F04F60
S21400EBE09A46B1F9063091B0002B0D461746DDF86F
S21400EBF06880049080F22981B8F80030FF2B04D991
S21400EC004FF4B871A6482EF021FEA64B00241A78C1
S21400EC1093F80401B3F80211002A40F0A5802E7A7A
S21400EC20A14A1278B24240F2AF800222A3F80271E3
S21400EC301A70AA7AFF2483F804210022A3F8084158
S21400EC4083F80521A3F80621B8F80020954883F834
S21400EC500C21FFF78BFE3846FFF7E0FE214600EB5F
S21400EC604002924826F0EAF94FF4807027F092FFAF
S21400EC708C4C94F80A91B9F1FF0F20D18A4A94F887
S21400EC80053112781344B34219DC94F80C1184F859
S21400EC900531B4F80631204601FB0233A4F80631EC
S21400ECA0FFF764FE0122824B38461A70FFF7B6FE65
S21400ECB0494600EB400204F5887026F0BFF994F848
S21400ECC00531B34260D8DFF8E0B19BF800C00CEB2A
S21400ECD00302964258DA764994F808210878013AF1
S21400ECE0002853D0964205DAB8F8002084F80C21A4
S21400ECF000220A70B6FBFCF901220CFB196994F895
S21400ED000A015FFA89F902FA09F2D1B2024076B92D
S21400ED102889000A844584F8080108D92046CDE9E8
S21400ED2006210593FFF722FEDDE90621059B94F8F0
S21400ED300A01014384F80A1182B994F80921B4F84B
S21400ED4006C1013284F80921B8F80020DAF800106C
S21400ED500CEB0200FF2826DD0323237094F808310D
S21400ED60013B9E4230D138E0AE7A864202D18F42D5
S21400ED7000D11C462E7A002C7FF47BAF002A3FF48D
S21400ED804FAF012A3FF44CAF01205FE09642B1DA64
S21400ED9094F80C1198F800209142ABD004F58870D6
S21400EDA0FFF778FEF0E794F80CE1F31A0EFB03C3C6
S21400EDB0A01C10FA83F005920AF014FE94F80831AD
S21400EDC0059A013B9E4244D0012394F80A2103FA97
S21400EDD009F3013B1343FF2B04D12246294638464C
S21400EDE026F09FFC94F8083194F809219A42CBD17A
S21400EDF09BF80030B2FBF3F103FB112212F0FF0286
S21400EE0018BF13462278022A26D1264A02341078E2
S21400EE105178012804BF01315170012224F8022CD8
S21400EE20EA88B4F8041122F04002EA8094F8092136
S21400EE300A44591E94F80A3113FB01F31344A8F848
S21400EE400030CAF80040FFF70DFE002011B0BDE804
S21400EE50F08F84F80B21C0E76979002994D0032A43
S21400EE6092D1B4F8062194F80B1108AE11445A1E3C
S21400EE7094F80C31284613FB02F30B4400219BB296
S21400EE80A21CA8F80030CAF80020CDE9007102964E
S21400EE90049907F06FFB8921304627F0EEFF7DE7E7
S21400EEA0CCF8030078360020D8640020883700208D
S21400EEB04E57002013B5044618B101280BD002B0F7
S21400EEC010BDFF2301460093064A0748FEF7B6FF2B
S21400EED0064B1C70F3E7FFF743FDFF22044B1A7046
S21400EEE0EDE700BF95EA000088370020783600205E
S21400EEF0A837002013B501A909F0E2FC044648B97A
S21400EF00BDF806309DF80420034906F053F9204664
S21400EF1002B010BD8120FBE763F9030013B5694614
S21400EF2009F0DAFC044688B9BDF802309DF80020E6
S21400EF30074906F059F92046019906F0ADF8204633
S21400EF40044906F037F9204602B010BD8120FBE7E1
S21400EF5087F90300ADF9030037B5694609F0E0FC10
S21400EF60044618BB9DF801309DF80020104906F0B5
S21400EF703BF9104D9DF80120E3B29A4206D80020D6
S21400EF800D4906F017F9002003B030BD0198630064
S21400EF9003F4FF7302220021184427F087FE294657
S21400EFA00246002006F020F90134E3E78120EBE773
S21400EFB0AFF90300DEF90300B12B040013B501A975
S21400EFC009F084FC044648B9BDF806309DF80420D4
S21400EFD0034906F0EFF8204602B010BD8120FBE79B
S21400EFE0E8F9030030B500240B4D85B06946E0B261
S21400EFF028F0CBF950B99DF80030032B06D12946EE
S21400F000BDF805309DF8012006F0D4F80134202C18
S21400F010ECD105B030BD00BF0FFA030008B50020E4
S21400F020034906F0C7F8BDE80840FF2000F0DEBA46
S21400F03021FA03002DE9F04F85B006460D46174627
S21400F04026F0BDFB044640B130463A46294626F037
S21400F050A0FB002005B0BDE8F08F4FF003094FEA93
S21400F06015285FFA84FA6946504628F08EF9B8B932
S21400F0709DF800B0BBF1000F12D1694650468DF8DE
S21400F08000908DF805508DF806808DF8016028F008
S21400F09080F902460028D7D05846064906F08AF876
S21400F0A00134202CDDD10020034906F083F88920A6
S21400F0B0D0E700BF36FA03005DFA03001FB5002351
S21400F0C004468DF80F3026F065FB28B19DF80F300A
S21400F0D063F07F038DF80F30182301930DF10F03B3
S21400F0E00022009304214023204627F05CFC0246C1
S21400F0F018B10020024906F05DF804B010BD00BF4C
S21400F10078FA03001FB502A909F0F8FB044688BB8D
S21400F110BDF80820184906F067F82046039905F060
S21400F120BBFF2046154906F045F84FF6F672BDF8C7
S21400F1300810134C4B1E9BB2934219D82368039AAF
S21400F1401B685879FFF776FF23681B79012B0BD8CD
S21400F150BDF808300022CDE900030421094B092040
S21400F16005F0AEFE27F083FE6FF0FF0004B010BD82
S21400F1708720E9E78120F9E797FA0300ADF9030055
S21400F1802C3B0020AEFA030070B504468AB005ADED
S21400F1901122002128460AF0D3FB204604A909F0D4
S21400F1A0A1FB044600283AD11E4EBDF810201E4989
S21400F1B006F000F832681379012B28D84FF6F6705F
S21400F1C0BDF810104B1E9BB2834224D813685879A2
S21400F1D026F0F5FA08B333682A461B68BDF8101007
S21400F1E0587926F0D5FABDF8103001220421CDE971
S21400F1F0004309200D4B029505F062FE27F037FE0E
S21400F200034620B100200A4A0A4905F0D3FF6FF0F2
S21400F210FF000AB070BD8724E5E78B24E3E7812072
S21400F220F7E700BF2C3B0020B1FA0300C6FA030044
S21400F230CAFA0300D5FA03002DE9F0479AB004A9EC
S21400F24009F068FB0446002840F0B5809DF81020C1
S21400F2505B4905F0C9FF25465A4E9DF81020EBB2D3
S21400F2609A4254D80020584905F0A4FF9DF8105043
S21400F270002D40F099802C462E46544F06A9F0B239
S21400F28028F083F8C8B99DF81830032B15D13B68D1
S21400F2909DF819201B685B799A420ED19DF81D20B7
S21400F2A005F168036B4403F8402C9DF81E200235D8
S21400F2B0013403F83F2CEDB2E4B20136202EDDD146
S21400F2C09DF810300BB1002C77D00AABCDE9014386
S21400F2D0FF2302220421009309203D4B039505F0ED
S21400F2E0EFFD27F0C4FD034660B19DF81020002A0C
S21400F2F05FD0384A3849002C08BF0A4600203749F4
S21400F30005F058FF6FF0FF001AB0BDE8F0870598CB
S21400F3106B0003F4FF7302220021184427F0C6FC9A
S21400F32031460246002005F05FFF013595E7059857
S21400F330730003F4FF7302220021184427F0B6FC82
S21400F340002780465FFA80FA06A9F8B228F01DF872
S21400F35000BB9DF81830032B1CD1D9F800309DF85F
S21400F36019201B685B799A4214D19DF81D305345CD
S21400F37010D19DF81E30C8F307229A420AD105F133
S21400F38068036B440235013403F840AC03F83F2CA5
S21400F390EDB2E4B20137202FD6D101369DF8102009
S21400F3A0F3B29A42C3D88BE70025DFF820902E46AA
S21400F3B0F4E7084AA2E78120A6E78B20A4E700BF6F
S21400F3C02FFB0300DEF90300B12B04002C3B0020CA
S21400F3D04EFB030000FB03001EFB030052FB030072
S21400F3E02DE9F04389B002A909F082FA0446002804
S21400F3F067D1BDF80820344905F0DCFE4FF6F672FA
S21400F400BDF80850DFF8D4906B1E9BB2934254D8D8
S21400F410D9F8003029461B685F79384626F0CFF9C0
S21400F42000284CD026465FFA86F8404603A927F007
S21400F430ACFF28B92946384603AA26F0ADF920B90C
S21400F4400136202EEFD14FF0FF08404627F09BFFF5
S21400F450014658BB112203A80AF072FA294638461C
S21400F46003AA26F096F9D9F800301A79012A18D896
S21400F4701B68BDF80810587927F0D9FBBDF808308E
S21400F48003220421CDE900430920104B05F018FDA6
S21400F49027F0EDFC034620B100200D4A0D4905F08B
S21400F4A089FE6FF0FF0009B0BDE8F08302460A4906
S21400F4B0002005F07FFE0124D5E78724D3E78B24C0
S21400F4C0D1E78120EFE700BF74FB0300AEFA03002C
S21400F4D0B2FB0300D5FA03008BFB03002C3B002095
S21400F4E02DE9F043DFF894800020D8F80030214959
S21400F4F01B688BB05E79002505F05CFE01275FFA7D
S21400F50085F9484601A927F040FF044690B99DF8C2
S21400F5100430032B0ED19DF80530B3420AD148467D
S21400F52027F031FF0146A0B102461349204605F0F8
S21400F53041FE27460135202DE1D1D8F800300021C4
S21400F5401B68587927F073FB87F001000BB0BDE805
S21400F550F083112205A80AF0F3F9BDF809403046F9
S21400F560214605AA26F015F92146304627F05FFB0E
S21400F570E0E700BFBFFB03008BFB03002C3B002033
S21400F58037B5694609F0C0F9044638BBBDF8002017
S21400F590134905F029FE134D2046019905F07CFD20
S21400F5A02046114905F006FE2B681B68587927F09F
S21400F5B04DFC70B14FF6F672BDF800104B1E9BB2B4
S21400F5C0934209D82B68019A1B685879FFF732FDD9
S21400F5D00446204603B030BD8724FAE78120F9E7C9
S21400F5E0D3FB03002C3B0020ADF903007FB5054696
S21400F5F00024E6B26946304627F0C7FEA8B99DF853
S21400F6000030032B11D19DF80130AB4204D0FF2D02
S21400F6100BD19DF80D3043B9304627F0B4FE0246B4
S21400F62018B10020034905F0C5FD0134202CE0D1B7
S21400F63004B070BD8BFB0300034B1B6818780128D1
S21400F64008BF0220704700BF683A0020D0E90232A7
S21400F65053F822301A78024B1A7000F0E7BA00BF4F
S21400F6604E58002070B5D0E902456B1EDBB254F848
S21400F670230003221B490AF0AFFC54F8253004EBA4
S21400F6808504197863681A78A2F10B030F2B05D945
S21400F69015490020BDE8704005F08CBD01290FD14A
S21400F6A0124C9140236840B90B43114A2360002056
S21400F6B0BDE870400F4905F07DBD23EA0103F4E77D
S21400F6C002290CD101230C4903FA02F20B6818B97F
S21400F6D013430A4A0B60EAE723EA0203F9E70A46FD
S21400F6E00749D6E7F7FB0300FBFB0300C4600020D6
S21400F6F011FC030019FC0300C06000202CFC030072
S21400F70036FC030007B5D0E9023103EB810253F85B
S21400F71021300B491B785268012B0A4B08BF0B4659
S21400F72012684FF000001A600092074A074B08491B
S21400F73018BF1346074A05F03DFD03B05DF804FB0D
S21400F740C4600020C060002051FC030049FC030098
S21400F7505BFC0300A87C040038B5254A254B264CE4
S21400F7600020264905F026FD0020254905F022FD4B
S21400F77022682449002005F037FD2068224C234DDE
S21400F78005F0F2FC2146002005F014FD2A68204909
S21400F790002005F029FD286805F0E6FC214600203B
S21400F7A005F008FD1B4B1C491A781C4B002053F82B
S21400F7B0223005F0FFFC00F00DF919490246002042
S21400F7C005F0F8FC174B00201A78174905F0F2FCF4
S21400F7D0164B17491A78002005F0ECFC04F04AF99D
S21400F7E0BDE8384002461349002005F0E3BC00BFE0
S21400F7F0A87C040075FC0300C46000207CFC0300A9
S21400F80084FC030092FC030036E50300C060002081
S21400F810A3FC03007C580020B4FC0300C860002052
S21400F820C7FC030061580020DBFC03006058002082
S21400F830EDFC0300FFFC030007B500F071F8054B74
S21400F8400090054A0020054905F0B4FC03B05DF8B9
S21400F85004FB00BF15FD0300A87C040096F8030017
S21400F860F8B504460B4F0C4E0C4D00200C4A0D49C3
S21400F87005F0A0FC20463B7829783278F6F7A4F904
S21400F88000233B7033702B70FF21BDE8F84006481C
S21400F89025F0E5BB7C580020605800206158002009
S21400F8A0A87C04001AFD0300C837002037B51248AC
S21400F8B0FF2125F0D4FB114B187810F0100505D069
S21400F8C0002003B0BDE8304003F046BE0121B4205E
S21400F8D004F04AFA04460A4B0A4A0B4900902846A6
S21400F8E005F068FC2046FFF7BBFF4FF4806003B0CE
S21400F8F0BDE8304027F08DB9C83700207C5800207E
S21400F90031FD0300A87C040096F803000021024A9B
S21400F9100248FEF7C9BA00BFADF80000C83700209D
S21400F92008B5054B1B7823B11720FFF799FF002079
S21400F93008BD0220FCE700BF7C58002010B550B17F
S21400F940054B00F1100250F8044B904243F8044B6C
S21400F950F9D1024B197010BD625800207258002071
S21400F96037B5174D04462B78DB0626D50090154B89
S21400F9700020154A154905F01DFC1E2C0BD0652CE1
S21400F98009D0032C19D0002027F07FFD40F61C403C
S21400F990FFF766FF0DE027F0A0FD4FF4FA63B0FB1B
S21400F9A0F3F202FB1300C218FF21094892B225F0B9
S21400F9B045FB2B7823F010032B7003B030BD00BF3F
S21400F9C07C5800204AFD0300A87C040096F803003B
S21400F9D0C8370020014B1879704700BF045000203C
S21400F9E070B54C4E8EB0337803F0FB02A3F10905D8
S21400F9F0022AEDB258D0042B41F6041257D0A3F1D8
S21400FA0008014B424B415B0013434348ADF80C30B2
S21400FA1025F005FF48B9414B3F4A03F1100153F862
S21400FA20040B8B4242F8040BF9D13D4B1B78002B9C
S21400FA303FD03C4B0DF10E0203F1100153F8040BBE
S21400FA408B4242F8040BF9D103A827F03EFD232889
S21400FA50044610D1012D49D80020334A334905F019
S21400FA60A9FBBDF80C3003A823F40053ADF80C3006
S21400FA7027F02BFD0446002C41D14FF40C7027F0E4
S21400FA8022FD044600283AD103F024FE012D36D884
S21400FA90274A01AB1068516803C3264901A827F01E
S21400FAA078FD78B319242AE043F60412A7E7022368
S21400FAB0AAE73378042B0DD0082B0BD01E4B0DF184
S21400FAC00E0203F1100153F8040B8B4242F8040BAC
S21400FAD0F9D1B9E7104A0DF10E0302F1100152F800
S21400FAE0040B8A4243F8040BF9D1ADE7337803F0F0
S21400FAF0FB03022B03D10020104905F05BFB2046D8
S21400FB000EB070BD044901A827F043FD0446002846
S21400FB10C8D1F4E77C5800205058002017FE030098
S21400FB207258002062580020A87C04006EFD030076
S21400FB3028FE0300987C040031FE0300C9FD030084
S21400FB4070B5002686B00446252027F0A4FC1622B1
S21400FB500021164809F0F4FE154B1E60154B187868
S21400FB60FFF76AFD022814BF0123042303208DF843
S21400FB70083027F0DEFC04238DF810300E4B02A868
S21400FB800593039403F05AFC05460C4B0C4A19687F
S21400FB900C4B3046A14208BF134600940A4A0B4954
S21400FBA005F008FB284606B070BD00BF04500020D4
S21400FBB0E83700207C580020A1FE0000C46000202A
S21400FBC049FC030051FC0300A87C040042FE03002D
S21400FBD008B5134A1378042B09BF124B01331B7860
S21400FBE0C3F10603DBB2137003F0FD02092A04D149
S21400FBF01720FFF735FE172008BD0A4A1278002A9C
S21400FC0014BF052206229A4207D1074B186800281F
S21400FC10EED0FFF795FF4D20EEE70020ECE700BFA3
S21400FC207C58002072580020C060002073B51E4C1F
S21400FC301E4E23683268134334D01D4B1B6853B3E3
S21400FC401C4D2B783BBB03F015FFF8B94FF48060D2
S21400FC5026F0A0FF184B24681B7894B1C3F102036A
S21400FC602B7003F071FC2046FFF76AFF0446002065
S21400FC70124B134A1349009405F09CFA204602B032
S21400FC8070BDC3F1060334682B70EAE70121B42087
S21400FC9004F06AF8EAE70020094A0B4905F08AFAF8
S21400FCA00224E4E70224E9E7C4600020C0600020E4
S21400FCB0683A00207C580020725800208AFE030014
S21400FCC0A87C040096F8030070FE03002DE9F347B5
S21400FCD0384D394E00202A792B88384905F06AFAC3
S21400FCE03268287922FA00F010F0010002D1344977
S21400FCF005F060FA334F3C783CB10822324933486D
S21400FD000AF06AF9041E18BF0124DFF8DC80DFF869
S21400FD10A490DFF8B4A014E098F80000494601303B
S21400FD20C0B288F8000027F0A8FB002835D13C7840
S21400FD303CB10822514625480AF04EF9041E18BF69
S21400FD4001242A793368D340DB07E5D5002CE3D1BC
S21400FD5000922B881E4A1F49204605F02BFA1E4BA0
S21400FD601878FFF769FC01230322124927F08BFB62
S21400FD701A4A054613780133137010B902B0BDE86D
S21400FD80F08720462B46124A154905F013FA2846F6
S21400FD9002B0BDE8F047FFF763BD0020114905F04B
S21400FDA009FAFFF715FF0028E8D102B0BDE8F047D2
S21400FDB000F01CB804500020E837002090FE030036
S21400FDC0C1FE03007B58002073580020125000200C
S21400FDD0A87C040090FF03007C5800206058002098
S21400FDE031FF03005AFF03004F5800202DE9F04171
S21400FDF0214C224D2378002055F82330204A2149F3
S21400FE0005F0D8F9FFF7ECFD03461D4E1E4FDFF850
S21400FE1074802BB92378042B15D8B3B91B4B15E087
S21400FE2032463946002005F0C5F9FFF7D1FE00BB83
S21400FE302378324655F82330414605F0BBF9FFF7E4
S21400FE40CFFD0346E5E7092BE8D1114B00201B68E0
S21400FE50104A11491360114B187027F00EFB20B1A1
S21400FE60BDE8F0410120FFF7FBBCBDE8F041FFF71D
S21400FE702DBFBDE8F08100BF7C580020C860002080
S21400FE80A87C0400B0FF0300BDFF0300C060002094
S21400FE90C4600020E8370020045000204F5800209F
S21400FEA070B51C4C23789BB3838913F4407F2FD006
S21400FEB0056835B12A46BDE870400020164905F0B1
S21400FEC079B927F0D8FA154E03463070144A2846FA
S21400FED0144905F06FF933781BB1BDE87040FFF7A1
S21400FEE085BF2378082B0CD8042B0CD80E4B1B7818
S21400FEF0C3F1060323700D4BBDE870401868FFF78A
S21400FF001FBE0A2BF2D1BDE870401820FFF7A8BC30
S21400FF1070BD00BF7C580020E8FF03006158002039
S21400FF20A87C04001500040072580020C060002061
S21400FF3030B5464D03460446454A0020454987B03D
S21400FF4005F038F92B782BBB01A827F024FB0223F9
S21400FF5001A88DF8043027F00CFBB0B93E4901A883
S21400FF6027F009FB88B1152C0FD127F0B6FA47F217
S21400FF703153B0FBF3F202FB130000F51C501030B7
S21400FF8080B203F0E9FA07B030BD162CFBD103F0BF
S21400FF901DFBF8E7152C2AD100202D4A2F4905F025
S21400FFA009F92B78042B11D0082B0FD02C4B1B787B
S21400FFB0DA070BD401A827F082FA18B9BDF8043086
S21400FFC09B0703D42B7843F010032B7027F085FA99
S21400FFD04FF4FA63B0FBF3F2FF2102FB1300C218E2
S21400FFE0204892B207B0BDE8304025F027B827F089
S21400FFF0A6FA04460028C6D12B78013B092B1ED84A
S214010000134A194905F0D6F8184A194913780133E5
S214010010D8B2107027F031FA60B12046154905F0C4
S214010020C9F8FFF7D5FD0028ADD107B0BDE83040CF
S214010030FFF7DCBE07B0BDE83040FFF747BE40F62D
S2140100401C4007B0BDE83040FFF70ABC7C580020D2
S214010050A87C040039000400987C040050000400C9
S2140100604E580020C8370020630004004F58002077
S214010070045000205AFF03002DE9F0410B4686B0DC
S21401008004460E4617463A490246002005F092F805
S2140100904FF000080123CDE901380DF11603009356
S2140100A0424640230621204626F0B2FC054640B1D2
S2140100B002463049404605F07DF8284606B0BDE8C0
S2140100C0F0819DF816202AB936B900202A4905F094
S2140100D071F8F2E7012EF8D082F0010300202749DB
S2140100E08DF8173005F066F89DF817300DF11706F4
S2140100F033B310230022CDE90063062140232046B6
S21401010026F051FC064630B1324600201C4905F067
S21401011051F83546D1E74FB90821204626F0A0FA16
S21401012020B120469DF8171026F082FD05212046B5
S21401013026F096FA0028C0D0204626F076FDBCE7C9
S2140101404FB90821204626F08BFA20B120469DF8AB
S214010150171026F06DFD10230022CDE9006306215D
S2140101604023204626F01FFC06460028DED0CBE7BB
S21401017092020400AE020400C7020400E702040073
S21401018007030400002208B5034B11461B681B68D1
S2140101905879FFF771FF08BD2C3B002008B5044BCA
S2140101A000221B6801211B685879FFF765FF08BD0F
S2140101B02C3B002008B5044B00221B6802211B685B
S2140101C05879FFF759FF08BD2C3B002010B50123D5
S2140101D0002488B001A88DF80430CDE90244F6F772
S2140101E0D3F920469DF80420124904F0E3FF204687
S2140101F0039A114904F0DEFF2046029A0F4904F0E3
S214010200D9FF10220E4B0DEB0201188840F060401A
S21401021040F48010FBF718FC20460A4904F0E4FF7E
S21401022004A826F085FD2046074904F0C3FF08B060
S21401023010BD00BF200304003F0304005E0304005A
S214010240787C04007D030400B12B040008B525F07A
S21401025017FB0020024904F0ADFF012008BD00BFD6
S2140102609A0304000023054A8360C360044BC0E977
S214010270002311B14FF6FF730B807047491020B26F
S2140102800030021110B5044660B10020064904F0A2
S21401029091FF052C06D002F0F5F80449024600202D
S2140102A004F088FF012010BDAE030400BF03040064
S2140102B037B500216A4601AB054625F0A0FB04468A
S2140102C068B100220F49104604F074FF02F0DAF814
S2140102D00D490246002004F06DFF03B030BD0B4906
S2140102E004F068FF012024F0ABFA25F0A9FC431CBA
S2140102F002D007F035FEF0E721462846FFF7A6FFB5
S214010300EBE700BFE8030400BF0304003004040069
S21401031038B5054625F094FC044626F04FFC4DB151
S21401032000200E4904F046FF631C14BF204600203F
S21401033007F0D8FD25F0B2FA0228044605D00128B8
S21401034005D10020064904F035FF204638BD0020BF
S214010350044904F02FFF0024F7E700BF4D04040012
S214010360670404008004040008B50020034A044919
S21401037004F020FFBDE8084000F050BD2A14040038
S2140103809904040008B50020034A044904F012FF4A
S214010390BDE8084001F0CAB9B80404009904040095
S2140103A01FB5D0E9023253F8223068461C78214640
S2140103B001F0D0FB684601F073FC28B922460449D7
S2140103C004F0F8FE04B010BD6846FFF771FFF9E7C8
S2140103D0BE0404000020014904F0ECBEDA04040067
S2140103E07FB50DF1060102A8FFF73CFF0020264964
S2140103F004F0E0FE0020BDF80820244904F0DAFEEF
S2140104000020BDF80A20224904F0D4FE039A0020F9
S214010410204904F0CFFE00201F4904F0E5FE4FF608
S214010420FF73BDF806209A4229D000201B4904F02C
S214010430C1FE00201A4A1B4904F0BCFE00201A4ADD
S2140104401A4904F0B7FE00221949104604F0B2FE1C
S2140104500020154A174904F0ADFE0A22002016496D
S21401046004F0A8FE0A220020144904F0A3FE0A2282
S2140104700020134904F09EFE07B05DF804FB00203F
S214010480104904F097FED4E7E904040001050400CE
S2140104901A050400330504004C0504005703040044
S2140104A0E093040062050400C027090081050400EA
S2140104B0A0050400BF050400DE050400FD050400D8
S2140104C01B0604005F05040008B50020034904F07C
S2140104D071FEBDE80840012001F0FAB939060400B2
S2140104E008B50020034904F065FEBDE80840002079
S2140104F001F0EEB95206040030B5104B104D1B5CEE
S21401050085B08DF80F302B780446834206D00D4B0C
S2140105100D4953F82020002004F04CFE30232C70A7
S2140105200A4801930DF10F03009306228023192137
S214010530007826F038FA05B030BD00BFBF7C040055
S21401054084580020CC7C04006A060400BF640020A6
S2140105501FB5232303900193064803AB00930122A2
S21401056080231921007826F01EFA039805B05DF85D
S21401057004FB00BFBF64002073B5164D04462B78FC
S214010580154ECBB125F0ABF9012815D0346040F6F5
S214010590B244124B1B78072B17D02D78C5B925F01E
S2140105A09EF9031E18BF01230D4800952246192106
S2140105B0007825F08BFD03E000233360002CE8D1A2
S2140105C0201E18BF012002B070BD02250123EBE7F3
S2140105D00025FBE781580020EC37002084580020D6
S2140105E0BF64002008B50448FFF7C6FFBDE8084011
S2140105F00220FFF781BF00BFC027090010B5064CD7
S214010600208826F016FB608826F013FB6068BDE89C
S214010610104026F01DBB00BFF03700207FB5232316
S2140106208DF813300DF1130302930423064801934A
S21401063005AB0093012280231921007826F0E8F902
S214010640059807B05DF804FBBF6400202DE9F0476C
S214010650DFF84C91044699F8000090460F4625F0C5
S214010660E1FF0B2899F8002005D9BDE8F0470020E6
S2140106703F4904F09FBD00263E4B3F4D1E803F4B39
S214010680DFF820A103EB00135B8801202B802A7181
S21401069004F0B8FC05F060FD04F0B4FC204604F05C
S2140106A0B1FC0123042C8AF800300BD8022C45D863
S2140106B09C4216D02346BDE8F0470020304A314917
S2140106C004F078BD062CF5D130462F4904F072FDB2
S2140106D0384604F097FCFFF791FF97B18AF800605F
S2140106E00FE04FF6FF76294F3888801B18BF012090
S2140106F004F088FCFFF782FF3888B04201D026F06C
S21401070098FA19236B8099F8003000202B71204B42
S2140107101B786B71EB8843F04003EB801D4B198807
S21401072026F032FA034620B1224600201A4904F088
S21401073041FD4046BDE8F047FFF71EBF304604F0D6
S21401074061FCFFF75BFFFFF769FF26F081FA134BA9
S2140107501B78002B0CBF3F20202004F053FC042CF8
S214010760CFD14FF4806026F064FA3220C7E700BF8D
S2140107707D060400285000202C5000209C390020C3
S21401078071F60300C9060400AC0604001C500020E4
S214010790BE64002062640020E20604008058002047
S2140107A0BF6400208158002038B5044605200D4658
S2140107B0FFF7A2FE184B1A884FF6FD739A4207D12F
S2140107C00020164904F0F6FCBDE83840FFF70ABFE2
S2140107D065B1134A13780133DBB2092B137014D9B0
S2140107E00A2200200F4904F0E5FCEDE7012C0ED1AA
S2140107F00B4B1D700C490D48FFF734FDBDE8384022
S214010800002101200A4AFFF721BF012CF2D0BDE8E2
S21401081038400748FFF7B0BE626400201C0704009A
S21401082083580020470704001C500020F0370020A2
S214010830E093040008B50649002004F0BBFC054817
S214010840FFF736FDBDE8084000210846FFF7ACBFBC
S2140108508B070400F0370020814237B50346154662
S21401086008D2002000910F4A0F4904F0A3FC002093
S21401087003B030BD0C1A224600200C4904F09AFC45
S21401088040F6BB5322460020094904F093FC4FF47E
S2140108907A735C43074B01209C4294BF2C602B600B
S2140108A0E6E700BF71F603009C070400D9070400C1
S2140108B0F407040080EE360010B504460820FFF762
S2140108C01BFE0D4B3CB91C700021BDE810400620F4
S2140108D00A4AFFF7BBBE1B78092BF5D90A2200206E
S2140108E0074904F067FC0020064904F063FCBDE8F4
S2140108F01040FFF79FBF00BF83580020C0270900A4
S214010900200804006108040073B51F4D2C7834B12B
S21401091000201E4902B0BDE8704004F04BBC022026
S214010920FFF7EAFDFF221A4E1A4B30781A7025F0AF
S21401093079FE0B2807D920463278174902B0BDE860
S214010940704004F037BC154B1549009301EB0011BC
S214010950012319224FF6FD70498805F0A1F870B100
S2140109602046104904F026FC00220F4B0F481C704D
S2140109700F4B1A7002B0BDE87040FFF7FDBD0124B1
S2140109800C492C70EEE700BF825800207208040064
S214010990BF640020BE6400207D060400990C01009F
S2140109A09C390020B308040081580020C0270900A4
S2140109B083580020D908040038B5144D04462B7816
S2140109C0052B21D91249FFF75DFC24B918B9114945
S2140109D004F0F0FB0424104B195D21B9BDE8384042
S2140109E00846FFF769BF032C06D02B78052B03D0EA
S2140109F006200A4AFFF72AFE0021094B084619700D
S214010A00BDE83840FFF7D0BE38BD00BF845800208F
S214010A10F0370020FB080400B57C0400C02709005D
S214010A208158002030B5044689B00720FFF764FDE1
S214010A30052C0AD100222A4B03A91A7002A804AA7F
S214010A4001F028FD30B1022045E09CB90122244B7B
S214010A501A700224224D287878B1421E504221494C
S214010A605041FFF755FC022304462B70022C0ED191
S214010A700A200FE0022CE6D1EBE7631F5A424FF043
S214010A80050018495A4124F031FF0446EEE7032CCD
S214010A9004D10020FFF770FD09B030BD062C06D149
S214010AA00020114904F086FB01232B70E0E70F4A72
S214010AB00F4B2878002C18BF13460E490E4A009497
S214010AC0002808BF0A4600200C4904F073FB201ECC
S214010AD018BF0120400009B0BDE83040FFF76CBFE9
S214010AE07F580020F0370020360904002F09040043
S214010AF028090400170904002109040071090400EB
S214010B0013B51F4C0620FFF7F7FC2278092A09D9EE
S214010B1000201C4904F04EFB042002B0BDE8104042
S214010B20FFF74ABF184B1B782BB3002023F0ACFE0F
S214010B3024F0D5FE68B9FFF771FD144B196824F04F
S214010B40C5FE02460420002102B0BDE81040FFF7B2
S214010B507DBD01A824F0C1FEFF2809D14FF4FA603B
S214010B6023780133237002B0BDE81040FFF704BDBF
S214010B700198FFF7EDFC4FF4FA620320E3E700BFAC
S214010B80835800208C09040080580020003800207B
S214010B90F023F0B589B0CDE9000334488023002264
S214010BA019210078324E334F25F0FDFE00203249E0
S214010BB004F000FB3246394603A801F06BFC03281B
S214010BC004462E4D1CD10626039A2D49002004F01A
S214010BD0F1FA0398FFF7BCFC0020396800F0ACFE80
S214010BE02E7001F09FF900220446264B30461A70FB
S214010BF0FFF782FC84BB09B0BDE8F040FFF780BF79
S214010C0028BB7268204904F0D5FA214604A8FFF7EC
S214010C1029FB059B726893420BD020461B4904F0C2
S214010C20C9FA072305202B7009B0BDE8F040FFF78D
S214010C30F9BE1A462046164904F0BCFA05230021DF
S214010C4001202B7009B0BDE8F040FFF7ADBD0020D4
S214010C50104904F0AFFAF1E7042C05D0042009B0DE
S214010C60BDE8F040FFF7A8BE09B0F0BDBF640020A4
S214010C70F037002000380020C40904008458002002
S214010C80F509040083580020300A0400690A0400AC
S214010C90BD0A0400F90A0400F7B504468768002077
S214010CA02378364D012B287004D0354B3549187002
S214010CB004F080FA26785EBB334B1B78FF2B04D1F9
S214010CC003B0BDE8F040FFF78DBC304B1B78032B1B
S214010CD011D82F4C0320FFF70FFC6946208826F019
S214010CE016FC002843D02B49208804F057FF20B17A
S214010CF02E70FFF777FC03B0F0BD0124204B264988
S214010D001C7004F057FA0320FFF7F6FB2C70F2E78D
S214010D10012E25D13B78002BEDD01B4D2B78FF2BD8
S214010D20E9D1A68802F0CEFE864206D100201B49F4
S214010D3003B0BDE8F04004F03DBA194BA2881B7819
S214010D403BB132B11749002003B0BDE8F04004F0D2
S214010D5031BA7B6814491B782B700D4B1A80F2E769
S214010D60032E08D108226846A16808F03BFE6846B3
S214010D70FFF70EFFBFE700232B70A1E78158002085
S214010D8082580020140B0400BE6400208458002002
S214010D9062640020990C0100D9080400340B040099
S214010DA07E5800205A0B0400850B04007FB5094BC2
S214010DB01A78FF2A0AD1187001F0B2FA0022064BFF
S214010DC00DF1060102A81A80FFF74CFA07B05DF88C
S214010DD004FB00BFBF6400201A500020152838B558
S214010DE017D10C4B1D78A5B926F077FBC4B2012CA0
S214010DF038BF01240120FFF77FFB2846224606491B
S214010E0004F0D8F94FF47A706043BDE83840FFF734
S214010E10B3BB38BD84580020A20B0400034B1B78DB
S214010E20022B01D8FFF770BD704700BF8458002021
S214010E3070B5284C24F04EFD2578274EBDB1002014
S214010E40264904F0B7F9264A1378013313700023B4
S214010E5023703378062B0AD1BDE87040214B186801
S214010E60B0F5FA6F38BF4FF4FA60FFF785BB3378F9
S214010E70013B082B2CD8DFE803F005090D2B1319CD
S214010E801D222700BDE87040FFF7C8BFBDE87040CF
S214010E90FFF73ABD00232370BDE87040FFF7A2BB01
S214010EA02946BDE870400120FFF77EBCBDE87040D2
S214010EB0FFF726BE0220BDE87040FFF7B3BD012054
S214010EC0BDE87040FFF7F8BCBDE87040FFF7B2BC64
S214010ED070BD00BF8158002084580020D10B04004B
S214010EE083580020EC37002010B90520FFF764BDB9
S214010EF0034B1B78062B01D1FFF79ABF704700BF43
S214010F00845800202DE9F0478E68054633189A78F4
S214010F100C46092A8EB008D90020A34904F04AF9E4
S214010F20852420460EB0BDE8F08750B98B899F49CD
S214010F30895C8B4205D200919D4904F03BF98024DF
S214010F40EFE79C4BE7881B889F4236D09A49097881
S214010F50012932D932B13A460020984904F02AF9DB
S214010F607E24DEE7964B1A70934B26791B78052B69
S214010F7003D0012B3AD8FFF751FF5EB93146204620
S214010F8025F07BFF0346002851D030468D4A8E4916
S214010F9004F010F9D4F80880A48998F8037098F83A
S214010FA00450002E4CD13046884A894904F002F993
S214010FB000210120FFF7F8FB4FE00021804B19705C
S214010FC0072A00F28A8301A353F822F0690F010071
S214010FD0171101001711010029130100291301003F
S214010FE029130100BF150100BF150100022B17D1FF
S214010FF002F068FD8742B3D00020764A764904F0B5
S214011000D9F8FFF781FC46BB3146204625F035FF6F
S214011010034610B36B4A6C49002004F0CBF81CE081
S2140110206E4A00206E4904F0C5F8012479E7A368EA
S2140110301B78DA06AED432466A4904F0BBF8A9E753
S21401104000210AA8FFF70EF9032F08D95F4B664A5D
S21401105066490097002004F0ADF8002461E76B1E96
S214011060632B04D9594B604A61490095F2E7614BFD
S214011070E4B2DB5D9C4209D0CDE901430020534B2D
S214011080594A5D49009704F095F8E6E757B3A4B2CC
S21401109022460521404625F009FEBDF82830834248
S2140110A003D04A4B554A5649B6E7012F1AD0224675
S2140110B00721404625F0FAFDBDF82A30834203D0C9
S2140110C0424B4E4A4F49A7E7032F0BD1224609212F
S2140110D0404625F0E8FD0B9B984203D13B4B474A1F
S2140110E0494999E7642D3FF463AF26F0F6F9642386
S2140110F0C0B2B0FBF3F203FB12030133DBB29D4235
S214011100BFF456AFCDE900530020304B3B4A3F4970
S21401111004F050F8A1E7284B1B78052B01D03C4A78
S2140111207FE7EB1CDBB2277BF45C44B1234600204F
S214011130374A384904F03EF800210C460BE00F2FE1
S2140111400DD81023204634490093314A3B4604F01B
S21401115031F8802401210020FFF726FBE1E6043563
S214011160EDB220462A4A2D4904F024F87A1B71195B
S214011170D2B206A824F0BFFB05443A46E9B230468F
S21401118025F091FD264D069A2B68264F9A42386027
S21401119001D100284AD1244900201D4A04F00AF84A
S2140111A085240121D7E700BFEE0B0400F87C04007C
S2140111B0060C04006264002084580020350C0400EC
S2140111C081580020AB0C0400B30C04003B0D040056
S2140111D0500D0400790C0400860C0400DB0C04009E
S2140111E0E80C0400050D0400650D04006D0D0400F7
S2140111F0870D0400BB7C0400A50D0400FA11040051
S214011200DF0D0400090E0400310E0400580E040020
S2140112108C0E0400A60E0400D50E0400EC0E04008D
S214011220F037002000380020150F040024F005FDDB
S2140112303E68B0420AD224F000FD9D49034632467C
S214011240204603F0B7FF8924012184E7079A6B68DB
S2140112509A4205D12046974A974903F0ABFF6BE7C0
S2140112609649097859B19A4209D22046944903F021
S214011270A1FF96210620934AFFF7E8F95CE7924A18
S214011280924905A801F006F9079E48B96A68964290
S21401129006D88F4903F08EFF0520FFF7C3FB40E613
S2140112A0324600208B4903F085FF3968002700206D
S2140112B000F042FB00206E60FFF74AF9864B0620DD
S2140112C01F80FFF719F9854B1F7001F0DBF8064602
S2140112D0F8B94FF6FF73824A0AA81188994214BFDB
S2140112E013463B466A88298801F03CF80AA800F0B4
S2140112F0D7FC58B10AA801F007F938B13046794948
S21401130003F058FF0420FFF757FB0AE6FFF7F8FB48
S21401131007E6042805D1744B1921187824F0DAFE63
S214011320FFE538467149EBE7714B1B78062B01D078
S214011330704A76E6DFF8A0A1EB1C94F80C90BAF898
S2140113400080DBB22EB930466B4903F033FF8724A9
S214011350E7E5F75C2C1D972FE4B22FD025D8812F17
S21401136071D0952F67D017BBB9F1100F7FF6E7AD97
S21401137031194A460AA824F0BEFA0444E4B22146CA
S2140113804A46304625F08FFC231DDBB2053416F89D
S21401139003A0E4B2A9EB04035345054666DA0093BD
S2140113A038465346534A5549C7E5982F43D03B46DE
S2140113B00020504A524903F0FDFEC8E7B9F10A0F72
S2140113C07FF6BDAD1FFA89F721463A46304625F02D
S2140113D06AFC05F1080104463A46C9B2304625F0D2
S2140113E062FC0AAA01462046FFF736FA08B9454BC1
S2140113F00A93B9F10C0F12D905F10C013A46C9B29C
S2140114003046DDF8288025F051FC044602463E4968
S214011410002003F0CFFEAAF8004044440A940A9C38
S2140114203A492246002003F0C5FE2046FFF7A4F8FD
S21401143024F05BFA11E63649002003F0BBFE0320D8
S214011440FFF7BAFA09E6334C23786BB124F040FA79
S21401145050B10020304903F0ADFE0023237024F084
S21401146044FAFFF74DFBF8E52C49E5E7DFF8A490D1
S21401147099F8003043B9FFF7D1F88542034607D003
S2140114801C4A27490095E5E524F029FA0128F2D1FE
S21401149010220D480AA908F09FFD10B9BAF13F0FB6
S2140114A042D9144A1F49002003F084FE4FE700BFCB
S2140114B0340F04008C0E04006C0F04007D580020CD
S2140114C0A10F0400C0270900F037002000380020D3
S2140114D0300A0400E20F04001A500020835800204E
S2140114E01C50002004100400BF64002023100400D8
S2140114F084580020491004005E1004008B1104007B
S2140115006D110400E093040099100400C410040057
S214011510E310040080580020FF1004003E11040070
S214011520C7110400031204006D4B187099F80030BF
S2140115304BB124F0CDF930B1284624F0CCF904287B
S21401154007463FF48AAD51462846321924F088FBF7
S21401155028B10020634903F02DFE042070E799F8B6
S2140115600030554463B124F0B3F948B1FF2FF4D0ED
S214011570012F3FF472AD032F16D124F0B4F90546BE
S2140115802846FEF7E5FF044602460521564824F0A4
S214011590D9F9564B1B689C420AD3204624F05BFBC4
S2140115A00520FFF73FFA58E524F09BF98046E7E768
S2140115B04046FEF7E1FF00287FF44FAD51E74C4B64
S2140115C01B7803F0FD03082B01D04A4A29E5A489BC
S2140115D035B1F27822B10020474903F0EBFD2EE742
S2140115E0E4B22246F11C0AA824F085F9434BBDF863
S2140115F028201988054691420DD04FF6FF718A4280
S21401160009D03C4A00203E4B3E4903F0EDFDBDF8B3
S21401161028203D4947E7BDF82A20598891420CD039
S2140116204FF6FF718A4208D0324A0020374B3549BF
S21401163003F0DAFDBDF82A20EBE70B9A5B689A42C5
S2140116400AD0013208D02B4A2E490020304B03F035
S214011650CBFD0B9A2F4926E7A4B2E91C2246C9B254
S214011660304625F020FBE91DC9B207462246304622
S21401167025F019FB431C014606D10820FEF73CFF66
S2140116802548FEF779FFE8E4384606AAFFF7E4F8AE
S214011690A8B9214B0693214B00221978204B1878C4
S2140116A024F007F9069C2046FEF766FF2246002036
S2140116B01C4903F07FFD0920FEF71EFFCDE440F62E
S2140116C0B733069A9A42E6D840F6B8320020164951
S2140116D003F070FD40F6B833DCE7812421E400BF57
S2140116E083580020361204005912040000380020E6
S2140116F0845800206212040077120400F03700209C
S214011700F90D04009E12040057030400230E040082
S214011710B91204001A1A040080EE3600BE640020D6
S214011720BF640020F1120400C612040008B50420AC
S214011730FFF742F90020FEF7DFFE0023054A1921D4
S2140117401370054A1370054B1878BDE8084024F05D
S214011750C1BC00BF8158002082580020BF64002011
S21401176010B5164B164C1A78164B002053F822204B
S214011770154903F01FFD2178144B154A0020002956
S21401178018BF1A46134903F015FD23782BB1124BE7
S21401179000201A68114903F00DFDFEF73FFF0446CD
S2140117A0FEF73CFF0E4B196824F0BFF82246BDE851
S2140117B0104003460B49002003F0FCBC845800206F
S2140117C081580020CC7C04000D1304006419040029
S2140117D0451904001A130400EC37002034130400E2
S2140117E0003800204D13040038B501460446002099
S2140117F0FFF788FB054698B1E37C00200A4A0B49AF
S21401180003F0D8FC2379042B0AD02946204625F07C
S21401181034FB034620B10020054A064903F0CAFC02
S2140118206FF0FF0038BD00BF71F6030075130400AA
S214011830AB0C0400B30C040010B51346094A127829
S21401184082420DD163B1084A002014680A4607494E
S21401185003F0B0FC2146BDE810400120FFF752BB63
S21401186010BD00BFBF6400202C3B0020971304006E
S21401187010B50D4B1C782CB1BDE8104000200B496B
S21401188003F098BC6420FEF763FE4FF6F0716FF02C
S2140118900F02074B0320C3E9001222462146BDE88A
S2140118A01040FEF7D3BE00BF84580020D0130400BA
S2140118B0F0370020014B1870704700BF8058002099
S2140118C000210620014AFEF7C1BE00BFC02709005D
S2140118D0014B1870704700BF7D580020114B2DE951
S2140118E0F04107460D4618680F49101A096824F09A
S2140118F01CF8DFF840800D4E98F800400346FF2C98
S214011900307004D0A8420AD32C44A04207DB3A46E2
S2140119100020074903F04EFC337888F80030307811
S214011920BDE8F081083800200438002085580020E2
S214011930FE140400C064002050EA010208D0FF2211
S214011940054B091A1A70054B1860054B196070474C
S21401195011461046FFF7C2BFC064002008380020B9
S214011960043800202DE9F04FAFB006AD284600F050
S21401197027FD0026624FDFF8D091284600F090F947
S214011980044648B900F0E8FC5E490246204603F0EA
S21401199011FC2FB0BDE8F08F39460020F2B203F0FB
S2140119A009FC284616A900F029FD044620B156492F
S2140119B0002003F0FFFB8FE0BDF85820534903F0E9
S2140119C0F9FB49462046BDF85A2003F0F3FB2046B2
S2140119D0BDF85C204E4903F0EDFB2046BDF85E20C5
S2140119E04C4903F0E7FB2046BDF860204A4903F066
S2140119F0E1FB2046199A494903F0DCFB2046BDF875
S214011A006820474903F0D6FB204646490DF16A0295
S214011A1003F0D0FB44492046239A03F0CBFBBDF8E4
S214011A205C30D90705D520469DF890203F4903F044
S214011A30C1FBBDF85C309A0714D500203C4903F081
S214011A40D3FBBDF85830B3F5807F4FD1002025F089
S214011A5074F918B10DF1910003F02EFB0020354901
S214011A6003F0A8FBBDF85C305B070BD50020BDF882
S214011A70B220314903F09EFB0020BDF8B4202F4967
S214011A8003F098FB062228460DF116030AA923F057
S214011A907BFF044690BBBDF81620294903F08AFB5C
S214011AA0DFF8A8A0DFF8A8B00DF12808BDF81610D9
S214011AB0A2B2914210D9B8F800205146002003F096
S214011AC079FB0134D8F804205946002003F072FB54
S214011AD0062C08F10808E9D16C46204600F084FC83
S214011AE094E80F00013685E80F0046E7012320221F
S214011AF000200DF1910103F0C1FAAFE7114957E754
S214011B0010150400DD160400191504003D15040027
S214011B10711504008A150400A3150400BC15040001
S214011B20D5150400EE150400031604001F16040064
S214011B3038160400B12B04004B160400641604008A
S214011B407D160400B0160400561504008E16040017
S214011B509E1604002DE9F04188B004AD04462846DF
S214011B608846002700F02CFC6E46474507D195E8CD
S214011B700F0084E80F00204608B0BDE8F08130462B
S214011B8000F032FC96E80F0085E80F00284600F0CA
S214011B9087F801370028E8D1014B0FCBE9E700BFF2
S214011BA0707F04001FB5D0E9023253F82230684630
S214011BB01978FFF7CFFF684600F0A6FC48B1042865
S214011BC009D1074A0020074903F0F4FA05B05DF889
S214011BD004FB054AF6E70020044903F0EBFAF5E7B3
S214011BE0DD1F0400F8160400353604000410040056
S214011BF010B5D0E9023203EB8201496853F822306E
S214011C0098B00C6804A81978FFF7A4FF03AB40222C
S214011C100093214608AB04A800F00CFC024628B14C
S214011C2000200E4903F0C6FA18B010BD039808A9A3
S214011C3000F007040122C0F3C70003F065FA039918
S214011C4008A8091B0144064801232246008803F020
S214011C5015FA044803F04EFAE6E700BF0817040039
S214011C6038500020B12B0400F0B504460D460B4B4E
S214011C70EF880FCB84E80F00AB882E899B0741BF06
S214011C80D5F83900D5F83D1004F1080303C3EA6816
S214011C902046278066806260F0BD00BF047D040098
S214011CA0102208B5034908F097F9003818BF01203B
S214011CB008BD00BF707F040008B526F095F8C288FD
S214011CC0FF219208012A38BF0122024823F0B6F903
S214011CD0012008BD1438002038B5134690B1012004
S214011CE0274A1070274A00201160274A13600A46C7
S214011CF0264903F05FFA02F02BFA254B18700220F2
S214011D0002F02CFA26F08BF8E8B91D4D1D4C2B7805
S214011D102BB926F069F82268C368134423601A4B6E
S214011D2024681B689C4229D226F05EF8C1682046CA
S214011D3005F0BAFE002402462C7050B926F06FF862
S214011D40FFF7BAFF03E0FFF7B7FF0028DDD0012059
S214011D5038BD20460F4903F02DFA0D4B187802F0D6
S214011D60FDF900200C4903F025FA00F00FF908B937
S214011D7000F02AF92046FFF7B7F8E8E70124ECE778
S214011D8087580020103800200C3800202F17040038
S214011D90865800205B1704007B17040038B523F033
S214011DA055FF044623F04FFF241A26F01DF805467A
S214011DB018B9B1211B482BF049FDAB8803F003038A
S214011DC0032B03D0B22117482BF040FD23F03BFF35
S214011DD0054623F04CFE01238340013B2B4203D0F2
S214011DE0B42110482BF032FD23F041FE012383403D
S214011DF0013B234203D0B5210A482BF027FD05F00D
S214011E0029FC054623F033FE4FF48063B3FBF5F35C
S214011E10C440A34205D2BDE83840BA2101482BF0A0
S214011E2015BD38BD91170400FF2108B5044823F0FD
S214011E3016F9BDE80840002211461046FFF74CBFD0
S214011E4014380020F7B504460E4600F089F805461A
S214011E5025F0CAFFC3682B449C4220D323F007FE1B
S214011E602C44C440013C114F3B68DEB1A34219D15A
S214011E7001340023ADF8043000F01EF9054605F0E4
S214011E80E9FB103504FB005405F0E4FB01A902460A
S214011E90204605F031FC23F0FAFD386004E04FF0EF
S214011EA0FF34E0E7A342E4DB03B0F0BDF4600020BA
S214011EB04FF0FF320A4B10B51A600022094B1A7018
S214011EC023F0C1FE044623F0C1FE2146024601204E
S214011ED0FFF702FF00280CBF0120042010BD00BF41
S214011EE0F46000208858002038B500F04FF808B993
S214011EF0002038BD094D0A4C2B7823B923F0C7FDC5
S214011F00012320602B70246823F0B1FD0134844046
S214011F10EED000F025F82044EBE700BF88580020FB
S214011F20F460002070B50D4C2368002B01DA012007
S214011F3070BD23F088FE054625F056FF2468C66866
S214011F4023F095FD013404FA00F1294401208A1991
S214011F50FFF7C2FE0028EAD00420E9E7F46000207B
S214011F60014823F0C4BD00BF0CB80C00FF2307B521
S214011F700021044A04480093FBF760FF03B05DF8B4
S214011F8004FB00BF291E0100143800207FB56B46F4
S214011F900B4A1068516803C390680C2218600DEB59
S214011FA00201084825F027FF0C2268460DEB0201C6
S214011FB008F012F8B0FA80F0400907B05DF804FBAB
S214011FC0147D040000B80C001FB5074A01AB106869
S214011FD0516803C3906801A918600C22034805F0F4
S214011FE08BFB05B05DF804FB147D040000B80C0003
S214011FF0F7B5044615460E4671B9072A03D80024DC
S214012000204603B0F0BDC37980790B49063000EB5A
S214012010032080B223F075FD002721462B46324669
S2140120203846009723F099FD04460028E7D0394644
S2140120307019FFF707FFE3E70CB80C0010B58AB07C
S214012040684605F03DFF10F0FF001AD1009BC3B1B2
S21401205001A905F0ADFEC0B298B9DDE90123B2F5DC
S214012060E02F02EB030404D04FF4F27106482BF084
S214012070EDFBB4F54C2F04D240F2E51102482BF0EB
S214012080E5FB0AB010BD00BF4418040008B5FFF711
S214012090D5FF25F0A9FE48B125F0A6FE0369B3F5E4
S2140120A0B82F03D2B32103482BF0D0FBFFF776FEFF
S2140120B0012008BD441804000048704700B80C0011
S2140120C010B5FFF711FF04462249002003F072F80D
S2140120D00020214903F06EF80020204903F06AF839
S2140120E000201F4903F066F822461E49002003F02F
S2140120F061F8FFF735FF1C490246002003F05AF845
S2140121004FF4E0220020194903F054F84FF44C2212
S2140121100020174903F04EF80020164A164903F02E
S21401212049F84FF480620020144903F043F8002078
S214012130134A144903F03EF80020134A134903F0EA
S21401214039F80020124A134903F034F8BDE810406C
S21401215005F0B4B9EC180400291904004819040064
S2140121606819040095190400B8190400DB19040065
S214012170FE19040000B80C00211A0400441A0400D9
S21401218010B80C00671A04000CB80C008A1A040078
S21401219010BC0C00AD1A04002DE9F04194B00446C1
S2140121A00D460020482102AA23F034FD18B95349F0
S2140121B003F000F819E060220021204607F0C0FB7A
S2140121C004224F4902A807F007FF90B16DB19DF8B0
S2140121D00B30002001939DF80A309DF808200093EB
S2140121E048499DF8093002F0E5FF012014B0BDE82A
S2140121F0F081BDF80C20B2F5807F228003D04249E1
S21401220002F0D8FFF1E7BDF81420BDF80E102281C8
S214012210DDF816206180E2600499BDF81A2061603D
S214012220228284F8320007AD04F112020FAE2B466B
S21401223003CBB342106051601D4602F10802F6D18D
S2140122400F9B324A63631360314B102218460021FC
S21401225007F076FBE288A388028022894280E26842
S21401226042600BB90020C1E700263546A388D9078E
S21401227009D536B105F150026A4412F8482C84F8A3
S21401228038200135EDB29A0714D5208823F060FB7B
S21401229007466EB102AB03EB05080246414604F160
S2140122A0390007F0DDFC3A4641461A4807F0D8FCEB
S2140122B02F44FDB2A3885B070DD556B105F1500337
S2140122C06B4433F8482C33F8463CA4F85A20A4F85B
S2140122D05C300435EDB2002EC4D1482D02D930460B
S2140122E00D4965E72946382002AA23F093FC08B970
S2140122F00A495DE738250126B8E700BFD01A040071
S214012300207D0400021B0400381B04003438002022
S2140123103838002040380020531B0400A31B04005B
S21401232030B50B4C99B025786DB9FFF7AFFE68B1A3
S21401233029466846FFF730FFB0FA80F0054B4009A2
S214012340187001232370002019B030BD0120FBE76F
S214012350895800208A580020014B1878704700BF22
S2140123608A58002070B51E46134B044618881D4631
S214012370884298B002D15B88934206D00F4B0FCBB0
S21401238084E80F00204618B070BD96B1002168465B
S214012390FFF702FF0028F1D1BDF804305B0708D52E
S2140123A03388BDF85A209A42E8D8BDF85C209A4294
S2140123B0E4D395E80F00E3E738380020707F040087
S2140123C0064B10B51B7804462BB9054B0FCB84E89A
S2140123D00F00204610BD034BF8E700BF8A580020C7
S2140123E0707F04003838002010B50446024B0FCB2E
S2140123F084E80F00204610BD707F04000B4B10B51B
S2140124001B78044608467BB10021FFF7C5FE48B994
S21401241010222146064807F0DFFD003818BF0120CC
S214012420C0B210BD0120FBE70120FAE78A58002060
S214012430383800202DE9F0410E4690460E4910220C
S2140124401F4607F0C9FD044670B90C4B3A461D6895
S2140124503046AD1B454528BF4546294623F0DAFBE5
S21401246028B9074902F0A6FE0120BDE8F081069BC7
S21401247020461D60F9E700BF3838002034380020B8
S214012480A31B04000022024B1A70FFF711BD00BF08
S2140124908A5800202DE9F0419CB00F46164680462A
S2140124A0FFF722FD054602461549002002F082FE8E
S2140124B0382D20D9012104A8FFF76EFE0446D0B9B5
S2140124C0119B04A93B606F463846FFF7CDFB97E8A2
S2140124D00F0086E80F00119BAB4297BF0121032432
S2140124E0084AC8F8003094BF1170C8F8005020465A
S2140124F01CB0BDE8F0810022024B01241A70F6E7F9
S214012500D51B04008A58002070B5084D00262B788C
S21401251053B1FFF7CDFC04461022002104482E706B
S21401252007F00EFA204670BD3446F5E78A580020BB
S2140125303838002008B50020064902F03BFE064B5D
S21401254000201A78054902F035FEBDE80840FFF77D
S214012550B7BD00BFF41B04008A5800201E1C0400EF
S21401256003460120024AC3E9032000221A7070477D
S2140125700100FEFF2DE9F0410024264E264FDFF82C
S214012580A88088B000F0D4F9A5B2854202D308B07D
S214012590BDE8F081284603A923F07EFBA2B23146AE
S2140125A0002002F021FE9DF80D2012B39DF81210B6
S2140125B0BDF81030402914BF6E2179210020CDE9E5
S2140125C000313946BDF80E3002F00EFEBDF814207B
S2140125D01AB10020114902F007FE9DF80C00BDF863
S2140125E0182070B9079B0E490093BDF81A3002F007
S2140125F0FBFD00200B4902F0DDFD01342BF033F921
S214012600C0E7BDF81C304146009300209DF81A3003
S214012610EDE700BF371C04003D1C0400601C0400ED
S2140126206A1C0400B12B0400911C040010B500F0D4
S214012630ABFABDE810400346024A0020024902F008
S214012640B9BD00BF0C280400C6E70300D0E902327A
S21401265053F8223010B5188800F086FABDE810400D
S2140126600346024A0020024902F0A4BDB91C040038
S214012670C6E7030010B5D0E90232002486B08DF813
S214012680044053F8221003EB8203097801A88DF861
S21401269005105A681288ADF806209A681288ADF8B7
S2140126A00820DA681278ADF80C40A24214BF402226
S2140126B080228DF80A201A691288ADF810205A690E
S2140126C09B691288ADF812201B68059300F0D0FBB9
S2140126D0034A03460349204602F06CFD06B010BDCE
S2140126E0F7FB0300C6E7030038B50024064D2BF0C0
S2140126F0A6F845F824000634C02CF8D10020BDE821
S2140127003840024902F056BD80100020C01C04006B
S21401271030B5002087B0204902F04CFD00201F494B
S21401272002F048FD00201E4902F044FD2BF087F818
S21401273000240546A0B201A9013423F0ADFA202CED
S214012740F8D12BF07CF81749421B002002F032FD2D
S2140127501549002002F02EFD2BF071F804460120E9
S21401276000F09EF82BF06BF80E49021B002002F0D9
S21401277021FD0E49002002F01DFD2BF060F80446F5
S21401278023F07BFA2BF05BF8021B0020054907B00B
S214012790BDE8304002F00EBDEC1C04001B1D040019
S2140127A04B1D0400681D0400771D0400911D0400E4
S2140127B010B50C4603F062FC08B9032C12D101F0E7
S2140127C059F904280ED001F055F905280AD0064813
S2140127D002F0A0FB1C2801D124F0D3F9BDE810407B
S2140127E002F0A8BB10BD00BF855C03002DE9F04FC9
S2140127F000274FF0FF36DFF8A4B0264C87B0BBF8B1
S2140128000030B8B2834209D8731C3BD03246FF2150
S214012810214807B0BDE8F04F22F010BC01A923F013
S2140128203BFA9DF8050001F0BFFEF8B19DF8048063
S214012830B8F1000F1AD1BDF810A0BDF812902AF019
S214012840FEFF18210246BBB24B43E018E158007C5C
S2140128504FF47A73A2EB010C50B103FB0AF3634504
S2140128600ED30B44981A864228BF06460137C6E7A0
S2140128704D466B43FAD06345F5D31944881AF2E7FF
S2140128804046F0E7FF21044807B0BDE8F04F22F0CC
S214012890E6BB00BF80100020483800201E500020F4
S2140128A02DE9F041014688B058B1022810D023F036
S2140128B00DFA78B3D221194808B0BDE8F0412AF0E4
S2140128C0C5BFFF23164A17480093FBF7B7FAEEE792
S2140128D000244FF001082746134EA5B2284603A947
S2140128E08DF80D7023F0D8F99DF80D0068B101F050
S2140128F05BFE20B19DF80C300BB986F810800134D0
S214012900202C06F11806E8D12546084B1D80FFF756
S2140129106DFFCCE708B0BDE8F08100BFB11D040033
S214012920552C010048380020801000201E50002041
S214012930014B1888704700BF1E5000202DE9F04F4C
S214012940634A077D89B004466249002002F04CFCC8
S214012950002024F0F2F920B12368218A588803F078
S214012960DBFB00205C4902F025FC637DDFF87491F7
S214012970002B236808BF08205988574B18BF002032
S2140129800093228A4FF0090314BF4FF080084FF0DE
S214012990400802F06FFAA289BB1C93420CDB24F0BC
S2140129A066FA034620B100204C4A4D4902F002FC6B
S2140129B0012009B0BDE8F08FA068791C89B2C55D19
S2140129C024F074F90337012D0646BFB213D82368E5
S2140129D0324659885879238A0093434623F0A7FD47
S2140129E0824600283ED1862002F00CFB284602F0E3
S2140129F009FB304668E08520F6E703A923F04CF989
S214012A009DF80C30AB4223D123689DF80D105A79FE
S214012A1091421DD1BDF80E105A88914218D1BDF8C9
S214012A201020B24214D19DF81220424510D1BDF8B3
S214012A301410228A91420BD1002D38D0BDF81810FF
S214012A40E288914204D19DF81A201B799A422ED031
S214012A500BF1010BB9F800305FFA8BF08342CCD84A
S214012A608B20C1E74FF0000BF4E79AF8020002F062
S214012A70C9FABDF8180024F0DCF8BDF81A0024F0F5
S214012A80D8F89AF8020003F067FD002883D19AF877
S214012A90020001F05BFC0546079E002D3FF47BAF6C
S214012AA0F0B2013D02F0AEFA360AEDB2F5E70020CB
S214012AB002F0A8FA284602F0A5FA304624F0B9F842
S214012AC0012DD2D1BDF81C0024F0B3F863E700BF96
S214012AD0401E0400B4120400B12B04004D1E040075
S214012AE06A1E04001E5000202DE9F04391B069468D
S214012AF0804623F0D1F80023194F8DF8013038882D
S214012B00431E98B28045388009D16946404623F075
S214012B10CBF8684623F0AFF811B0BDE8F0834FF06C
S214012B20180905A923F0B8F80E4C3E880AAD09FB32
S214012B3006460FCE0FC596E8030009FB084485E854
S214012B4003000AAE404605A923F0AEF80FCE0FC427
S214012B5095E8030084E8030069463888D7E700BF94
S214012B601E5000208010002008B5064B1B888342AB
S214012B7005D9FFF7B9FFFFF739FE002008BD27206A
S214012B80FCE700BF1E50002038B5074D2C882CB935
S214012B90FF21064822F063FA204638BD601E80B247
S214012BA0FFF7A2FFF2E700BF1E50002048380020C2
S214012BB02DE9F3479A4618239DF82890244FCDE92E
S214012BC0001203FB09731446D3E9022324F02EFAFC
S214012BD0064620460D4603F0BFFC04F0FD03382BE5
S214012BE080460FD1009432462B460021DAF81000B9
S214012BF023F07DF8B8F1010F1BD135431ED102B089
S214012C00BDE8F087392CDAF810300BD107EE906A60
S214012C1007EE103AF4EEC77AF1EE10FAACBF0120D7
S214012C200020E7E79E4275F100032CBF012000203B
S214012C30E0E7B8F1000FE2D10028E0D0182303FB4B
S214012C40097701233B7402B0BDE8F047FFF7CEBD1C
S214012C50801000202DE9F04F00252E46A846AA46F2
S214012C602C46DFF8BC91D1B0694BA8B21B888342D1
S214012C7009D81CB161882079FFF79AFDFFF7B6FDE8
S214012C8051B0BDE8F08F0BA923F006F82AF0D7FD66
S214012C901823AFB27B4309EB030B59F803300590B9
S214012CA09DF82D00049301F07FFC002800F0AE8013
S214012CB09DF82C10002940F0A980DDE90432D01AD5
S214012CC04FF47A72BDF838305343834200F29E8047
S214012CD09BF8103043B9BDF83A30002B00F09680CF
S214012CE05343834200F29280FD230022CDE9013254
S214012CF010AB00930DF119020DF11A03E9B20BA8FE
S214012D00F1F7E6FA002877D1BDF81A30DA1C0493F9
S214012D10D2B214B33F4B9DF82D101B881344227971
S214012D20914214D1BDF82E10628891420FD19DF8C0
S214012D303220B8EBD21F0AD1BDF83420524506D155
S214012D40B3424DDD0020344902F034FA01E0B342CB
S214012D50F8DC61882079FFF72BFD02F027F904469D
S214012D609DF932002D4BC043C00F0093BDF83420AF
S214012D700A23BDF82E10C0009DF8328002F07AF8C2
S214012D809DF82D304FF0000B23714FF48A53FF2628
S214012D90BDF834A04FEAD818E38007A95FFA8BF094
S214012DA024F0F3FAC0B2B0B99DF81D109DF82D209D
S214012DB0914210D1BDF81E10BDF82E2091420AD1C5
S214012DC022469DF829109DF81C0024F059F8B042BF
S214012DD028BF3046C6B20BF1010BBBF1200FDCD188
S214012DE0BDF8300023F025FF9DF8190002F00AF91E
S214012DF0049910A802F01AF9182300225F4309EB80
S214012E0007031A742AF01BFD49F8070001352BE762
S214012E101E50002028500020291F0400B12B04005A
S214012E208010002070B500240126104D8AB02B8832
S214012E30A0B2834204D80AB0BDE87040FFF7D6BC02
S214012E4005A922F029FF9DF8150001F0ADFB50B150
S214012E509DF814303BB91A46CDE901360093E1B22C
S214012E6005A8F1F735FA0134E1E700BF1E5000204E
S214012E702DE9F0430389DFF858818BB0B8F800904C
S214012E8000930446837982884188407823F04FFB7B
S214012E90002800F09580E78927B1A389BB4200F29C
S214012EA091800027B8F80030BDB2AB4214D84D4629
S214012EB001264FF6FF73E2899A4226D146B9B8F841
S214012EC00030AB4202D92846FFF70EFEFFF78EFC14
S214012ED000200BB0BDE8F083284605A922F0DCFEF1
S214012EE09DF814307BB92268059B5340FF2B0AD806
S214012EF06368069E5E4036F07F4604D1BDF81C200E
S214012F0023899A42D5D00137CCE7E2689A422BD082
S214012F10002E53D1D4E90323CDE9082305A822F0D6
S214012F20AAFE0028D5D1B8F80030AB4204BF6B1C0E
S214012F30A8F800302AF083FC18236B43234AE9B231
S214012F40D050D418002305A81A46CDE901330093C2
S214012F50F1F7BEF918B100220023C4E9022328467E
S214012F6005A922F0A1FEB1E7234605AA04F1100C3B
S214012F70174618685968083303C763453A46F7D1B8
S214012F801868386005A822F079FE0028C0D01F2DE9
S214012F901AD800238DF8143063788DF815306388BD
S214012FA0ADF81630A388ADF81830A3798DF81A302D
S214012FB02389ADF81C300028B0D1ABE70020E6E746
S214012FC0862086E7872084E7892082E78010002014
S214012FD01E5000202DE9F04FB04A90F814908DB0A5
S214012FE00446AF49002002F0FFF8002023F0A5FEBA
S214012FF020B12368218A588803F08EF80020A94959
S21401300002F0D8F8637DDFF8B8A2002B14BF802346
S21401301040230293236808BF08205988A14B18BF94
S21401302000200093228A072301F024FF0023039344
S214013030A28909F10305954211DB039B13B91846D2
S21401304001F0E0FF23F013FF034620B10020964A6B
S214013050964902F0AFF801200DB0BDE8F08FA068E8
S21401306009F1010189B210F8096023F01FFE32460A
S214013070804603468E490020ADB202F09BF88EB121
S214013080012E00F08A808527384601F0BBFF3046C6
S21401309001F0B8FF404623F0CCFD852FD2D00123A6
S2140130A0039376E0A06809F10401A28989B2475D1D
S2140130B023F0FCFD09F10601A289049089B2A068FB
S2140130C023F0F4FD3A4605900090049B304679497A
S2140130D002F070F809F1080938461FFA89F503F07D
S2140130E03BFA002857D1384601F030F92946034605
S2140130F08146A289A06823F0CAFD6F4983463046FF
S21401310002F072F8A1684A4629443346304601F077
S214013110B5FF3046634902F04DF8A9441FFA89F518
S2140131202368424659885879238A0093029B23F0E4
S214013130FEF918B18378BB4240F0AC80483FFFB23D
S214013140092F05D840F21133FB40DB0700F1A480BC
S21401315000238DF81C30236807A85A798DF81D20A6
S2140131605B88ADF82080ADF81E30029BCDF82CB000
S2140131708DF82230238AADF82430049BADF8283030
S214013180059BADF82A30FFF773FE074600287FF44B
S2140131907BAFA9464CE7B346C2E72946A289A06899
S2140131A023F084FD4FF0000B0246074643490020FA
S2140131B002F000F809F10509BAF800301FFA89F59E
S2140131C0BAF800201FFA8BF94A4503D81F2B31D9CC
S2140131D0892759E7484607A9049322F05DFD9DF823
S2140131E01C20049B012A22D122689DF81D005179DA
S2140131F088421CD1BDF81E005188884217D1BDF8FF
S2140132002010414513D19DF82210029881420ED11B
S214013210BDF82400218A884209D1BDF82800E1883A
S214013220884204D19DF82A10127991421BD00BF1E5
S214013230010BC5E7012299468DF81C2022685179B9
S2140132408DF81D105188ADF82080ADF81E1002993A
S2140132508DF82210218AADF82410E188ADF82810E7
S21401326012798DF82A2007A8ADF82C7022F003FDFC
S214013270074600287FF408AFBAF80030484699455B
S21401328008BF09F1010307A908BFAAF8003022F018
S2140132900BFD7EE78D27F7E68C27F5E6541F040025
S2140132A0B4120400B12B0400B51F04006A1E04000A
S2140132B05C1F0400791F04009A1F0400A51F040068
S2140132C01E5000202DE9F04F0746884691460025FE
S2140132D089B09A46BDF848B09DF84C60149C224BC4
S2140132E01A88A8B2824235D903A922F0D5FC9DF8E6
S2140132F00C201D4BB2BB9DF80D10B94232D1BDF862
S2140133000E1041452ED1BDF8101049452AD19DF821
S2140133101210514526D1BDF81410594522D1304618
S214013320029201F013F8A6F14103012B01460AD8D7
S214013330204623F0C1FC0D4B0D4A204484420CD19B
S2140133400421029302ACEDB232462046009503AB4F
S214013350FFF72EFC09B0BDE8F08F14F8011F4B40B3
S2140133605343EBE70135BBE71E500020C59D1C818A
S214013370930100011FB50F4C2478C4B142EA032221
S2140133809DF818308DF8051042EA43220A4BADF835
S2140133900C201A78094B8DF80610079903EB0213D7
S2140133A000908DF80400DB6868460291984704B0E7
S2140133B010BD00BF8B5800208D58002068380020B3
S2140133C073B51A4DFF211A4821F049FE2B7853B3E5
S2140133D0184C194E2378180106EB03131A7A59680C
S2140133E0305C24F05EF84D281DD0E0B101230021A9
S2140133F02278CDE900311201B25CC0B2FFF7BAFF04
S2140134000A2223780A480133DBB2B3FBF2F102FB4E
S2140134101133FF2123702B78013B2B7002B0BDE8DE
S214013420704021F014BE02B070BD00BF8B58002062
S214013430083900208D58002068380020F8B5104F54
S2140134403E780A2E1AD00FC8DFF840C00D4D9CF802
S2140134500040013605EB041585E80F000A23013408
S214013460E4B2B4FBF3F203FB12440748FF218CF8E5
S21401347000403E7021F0EBFD0020F8BD0120FCE786
S2140134808B58002068380020083900208C5800200E
S2140134900021024A0248FAF707BD00BFC133010006
S2140134A008390020002337B50C46124D12492A78F8
S2140134B0CDE9003312018A5C01230146E0B2FFF731
S2140134C059FFA4B90D490A788AB10A202B78013A26
S2140134D00133DBB2B3FBF0F40A70FF2100FB1433B7
S2140134E007482B7003B0BDE8304021F0B0BD03B0F3
S2140134F030BD00BF8D580020683800208B58002052
S2140135000839002008B500F0BDF850B1054B064A51
S2140135100649052808BF1A46BDE80840002001F004
S21401352049BE08BDC91F0400B12B0400EA1F0400F0
S21401353008B5032023F0CFFF10B90122014B1A7002
S21401354008BD00BF8E5800200022024B18781A7062
S214013550704700BF8E5800200246FF21014821F027
S2140135606DBD00BF28390020114B37B51D78C5B990
S214013570FF21104821F073FDFFF7DAFF04460090A3
S2140135800D4B28460D4A0E4901F014FE4CB10D4B69
S2140135901B78DB0605D5284623F077FF204622F068
S2140135A059F9094B186803B0BDE83040FFF7D4BF9E
S2140135B08E580020283900200720040035200400FA
S2140135C096F803007C580020F8600020FF2101488F
S2140135D021F045BD2839002070B51A4E05463378CE
S2140135E00C466BB30020184A184901F0FDFD032C68
S2140135F001D0652C20D11649002001F0F5FD2246A8
S2140136000020144901F0D6FD0020134901F0ECFD1D
S214013610012329460822002001F030FD00200F4931
S21401362001F0C8FD032C88BF0023204688BF3370F5
S214013630BDE87040FCF794B9012CE0D00849DBE7FF
S21401364070BD00BF8E5800203520040080FC0300AA
S214013650482004003703040066200400B12B040050
S2140136605E200400014B1860704700BFF860002020
S2140136700021024A0248FAF717BC00BF693501006B
S21401368028390020054B10B51C782CB90448FF21B9
S21401369021F0DDFC204610BD0520FCE78E580020F9
S2140136A028390020F8B50024074B084E1D68084F3E
S2140136B0E3B29D4204F1010400D8F8BD394656F83C
S2140136C0230020F083FEF3E7789904007C99040038
S2140136D03461002010B5044C23780BB123F0EBFEC7
S2140136E00123237010BD00BFC16400202DE9F743FC
S2140136F0254B0D4616460446019350B14AB10423A4
S21401370001AA12F8011BA94235D0013B13F0FF03B1
S214013710F7D1212003B0BDE8F08317F8010F90FA26
S214013720A0F0000E21F08EF8014608EB070399453C
S214013730F3DCCAB2C1F30F2392FAA2F293FAA3F30F
S214013740120E1B0E03EB0223DB43621912F8020C66
S21401375099B2DBB298420CD112F8013CB3EB112FAF
S21401376007D132462146284603B0BDE8F04323F090
S21401377002BE2320CEE74FF6FF71671EA5F10209B0
S214013780C4F10108D1E700BF080A0E12F0B51546CC
S2140137908FB00E4607462AF0FEF8254B02A81C7885
S2140137A023F08DFE15F0FD0F3BD028B9BDF808308B
S2140137B09B0701D5032D36D01DF08AFD58B309A805
S2140137C023F0E9FE0323306871688DF824300AABD4
S2140137D003C39DF83130012D43F002038DF83130DB
S2140137E019D105A909A823F0CEFE002818BF022486
S2140137F023F077FA032D18D80E4B0F4A0020CDE997
S214013800004753F8243052F825200C4901F0D2FC29
S21401381020460FB0F0BD032DEAD1042C08BF0024CA
S214013820E6E70324E4E72C46E2E70324F0E700BFDB
S2140138308F580020147F0400047F04006D270400C5
S214013840014B1870704700BF90580020024B1A6851
S21401385018608260704700BFFC600020024B186849
S21401386000B14068704700BFFC60002070B5044698
S21401387000250A4B1B687BB100211E8807E05A68A9
S21401388002EB0110013145B9021B554255418AB27E
S2140138909642F4D89B68EEE7184670BDFC6000209F
S2140138A02DE9F04F1E46002393B0022E07468846A8
S2140138B01446DDF870909DF874A0ADF81A3040F209
S2140138C0C08099F800305A0729D5042E40F2B980F5
S2140138D099F804B000255F4B33F83520002A00F034
S2140138E0B68001350A2DF7D1209B002B40F0AD8024
S2140138F0FF250023207908AA0DF119018DF819304A
S21401390023F065F970B1BDF82C309DF819002380BD
S21401391023F0E2F90790C0B113B0BDE8F08F99F833
S21401392002B0D7E7207922F07DFE0B28059000F241
S2140139308A80207923F0E1F907900028ECD1464AE5
S214013940059B02EB03135B8823804FF6FF73002F62
S21401395008BF434662880021CDE9002358465246F7
S214013960238802F0E3FC18B1E38843F02003E380E8
S214013970209B07A90DA8CDE90D34CDF83C90ADF8F4
S2140139804080ADF842608DF844708DF845A023F074
S21401399031F908B10798BFE7484602F00BFCA01DB5
S2140139A002F0F6FB22464146384623F069FAB04259
S2140139B027D3E3882246C3F30E03E3809DF87C30C9
S2140139C041460393BDF87830384602930DF11A0349
S2140139D0CDE90093F3B222F098FB209B079003B346
S2140139E0F8B9BDF81A2042B1092D06D81B4B03EBD6
S2140139F0C5018A80209A43F83520112023F0CAF8A1
S214013A001CE0BAF1000F0AD10DF11A03CDE90063EB
S214013A1022464B4641463846FBF74EF8DDE738204E
S214013A20DBE7052807D1E388DB0607D5002301205D
S214013A300793FFF705FF079B002BDED023F051F914
S214013A40A8E7012068E7212066E71C2064E7EDB2BD
S214013A504FE700BF503900209C3900204C39002028
S214013A604FF6FF72024B1A805A809A80704700BF49
S214013A702050002010B5044C2379FF2B02D123F0EF
S214013A8048FD2071207910BD2050002010B50C4C47
S214013A902379FF2B08D1002023F01EF920B923F04B
S214013AA038FD207123F01DF92079022805D004384D
S214013AB0012894BF0020012010BD0020FCE700BFB4
S214013AC0205000204FF6FF7310B5044C22889A420E
S214013AD002D123F014FD2080208810BD2050002044
S214013AE010B5FFF7BDFF40F61D439842044607D8C0
S214013AF0B0F5416F05D2182826D8152848D829D000
S214013B0010BDA0F541630D2BFAD801A252F823F09F
S214013B10553B0100553B0100013B0100013B010003
S214013B20013B0100013B0100013B0100013B01009B
S214013B30A53B0100B73B0100513B0100513B010091
S214013B40513B0100513B010040F606439842D7D154
S214013B501C4920E0FFF7B6FF1B490246002001F092
S214013B6029FB152C05D123F0B4FCBDE8104023F049
S214013B704AB8164B164A1749B4F5416F08BF1A469C
S214013B80002001F017FB23F03DF823F03CF8ECE7AA
S214013B901628DDD11049002001F00CFBBDE81040CD
S214013BA023F056B922F098FBBDE8104002460B49B7
S214013BB0002001F0FFBA0020BDE81040084901F0DE
S214013BC0F9BA00BF912804003E280400B12B040076
S214013BD0392804005A2804007A280400A62804007C
S214013BE0CE28040007B5094A0346108831B9084AA9
S214013BF0084903B05DF804EB01F0F6BA0091064AF5
S214013C00064901F0F1FA03B05DF804FB38500020D4
S214013C10CDF50300EE28040071F6030096F80300C4
S214013C200D4B37B51B68044693B11D780389012DEA
S214013C3008BF02250093C37A084A0020084901F00C
S214013C40B9FA2146284603B0BDE8304023F019BC36
S214013C50022003B030BD00BF683A0020632904008B
S214013C6012290400002010B523F036F80D4B1B680E
S214013C7063B15A78052A03D862B1052402220AE004
S214013C80FF2AFAD00020084901F094FABDE8104056
S214013C9023F027B81446104623F04FFC204623F0A5
S214013CA04AFCF3E7683A00206829040013B5134C70
S214013CB0002023F011F8FFF7D3FE23689BB101A87B
S214013CC022F0FDFA78B923681A789DF804309A42F2
S214013CD009D0D91E032906D9D11E012903D9012AE3
S214013CE007D1022B05D1032301A8ADF8043023F038
S214013CF0CEFB02B0BDE8104022F0F3BF683A0020C8
S214013D0000231946034A01330A2B918042F8081B07
S214013D10F9D170474C3900207FB50E46054623F091
S214013D20B8FB2A46044603460D49002001F042FA34
S214013D3096B10C4B36211A889B78ADF80C208DF87D
S214013D400E300323002200934FF6FC7003AB8DF870
S214013D500D5023F0DFFA0446204604B070BD00BFC4
S214013D6089290400807F0400FF2810B50C4604D181
S214013D700020044901F01EFAFE202146BDE810404D
S214013D80FFF7CABFA2290400F8B51E460B880746EE
S214013D900C461546002B64D14A88B1F90210002062
S214013DA00029B8BF6B78304901F004FA6288132AFB
S214013DB01DD002F5FF437F339BB2052B23D8A2F516
S214013DC00042013A052A1ED8DFE802F0193F1D031A
S214013DD03C09264A2649002001F0ECF913E0254A61
S214013DE02349002001F000FA2A792349F3E7022E3D
S214013DF094BF4FF6FF72B5F801202049EBE700208B
S214013E001F4901F0D7F933462A462146384624F0A1
S214013E10A9FA70B933462A462146384624F0A4FA50
S214013E2048F2210362889A4203D13846697822F023
S214013E30D7FE6388B3F5004F02D9082022F0E9FEC9
S214013E400120F8BD2A790F49C5E70F4A0849002025
S214013E5001F0CAF9032E94BF4FF6FF726A880B4928
S214013E60B9E70020EDE700BFDD290400052A0400BC
S214013E700C2A04001D2A0400232A0400312A040007
S214013E80492A0400632A0400852A04008A2A0400B9
S214013E902DE9F04116888AB0DFF88C80ADF80E3037
S214013EA00DF10E03C8F8002015460093324610ABFC
S214013EB007460C46FAF792FE90BB109B8DF824003D
S214013EC00693BDF80E3004A8ADF81C30AB898DF80A
S214013ED01070ADF820306B890594ADF81E60ADF812
S214013EE0223022F085FED8B921463046BDF80E3084
S214013EF0109A01F0AFFE98B921463046BDF80E3053
S214013F00109AFFF741FF58B9CDE9006039462046BF
S214013F10BDF80E30109A02F02FFA08B9C8F8000062
S214013F200AB0BDE8F08100BF48390020F0B585B081
S214013F3004AB03E9030000231C469DF80D609DF8C1
S214013F400E70154AD9B202EBC1004568EDB99DF86D
S214013F500C30284600939DF80A209DF80B300F4937
S214013F6001F042F926B1324628460D4901F03CF9E6
S214013F700C4A0020002C18BF2246BDF808300A491A
S214013F8005B0BDE8F04001F015B912F83110013363
S214013F90B94208BF2C46D5E7287F04009C2A0400B6
S214013FA0AD2A04003CF50300B12A04004FF6FF7366
S214013FB010B5084C88B062889A4207D102A90DF163
S214013FC0070022F07AF9BDF810306380608808B0E7
S214013FD010BD00BF205000202DE9F04F85B0894666
S214013FE092461C460746BDF83850BDF83C80109EE8
S214013FF0002833D00346464A0020464901F0F4F82B
S2140140002388002B76D040F20912934274D0424A9C
S2140140104249B3F5827F08BF0A46CDF8048061881D
S214014020002000913E4901F0DFF8238893B1B8F1F2
S214014030020F0FD933783B4913F0010F3A4A18BFE4
S2140140400A4659074FF000004CBF3379B378374919
S21401405001F0CAF80020364901F0ACF800233549D2
S21401406031F83320AA4249D1334A52F833B00023FB
S21401407031F83300DA00A84246D100202E490A441E
S214014080908041F8330047B9238833B9B4F9023038
S214014090002B02DB082022F07DFD012022F0B9FD75
S2140140A09EB13578EB0710D515F0040004D04246D2
S2140140B00121304622F0FAFDCDE901704346224641
S2140140C051464846009622F00AFBBBF1000F06D087
S2140140D04346224651464846CDE90067D8474346FF
S2140140E0224651464846CDE9006721F0ECFF05B06F
S2140140F0BDE8F08F114A90E7114A8EE701330A2B8B
S214014100AED14FF0000BB2E701330A2BB0D1BAE7BC
S21401411079EC0300D82A04003DF50300C62A040002
S214014120E62A0400C92A0400D12A0400172B040039
S214014130B12B0400503900204C390020BF2A04005E
S214014140C32A0400014B1878704700BF915800201D
S214014150014B1878704700BF91580020014B18702A
S214014160704700BF91580020F8B506460C4622F06D
S2140141702CFD0546C8B9304622F054FA0B2815D84E
S2140141800B4B03EB00131F7B87B95A880121228052
S2140141909A88304662809B79237100F037FA394657
S2140141A06071304600F032FAA07101252846F8BD4C
S2140141B09C39002070B504460E46154622F032FAA8
S2140141C00B2802D94FF6FF7070BD094B03EB0013A5
S2140141D01A7B002AF6D146B901222946204600F06C
S2140141E03DFA0028EED00088EEE7012EEAD1F4E78A
S2140141F09C390020FF2313B50DF1070104468DF805
S214014200073022F0E0FC18B19DF8070002B010BD9F
S214014210074B03EB04131B7B0BB1FF20F6E720468D
S21401422000F03AF90028F8D0204600F0E9F9EDE769
S2140142309C39002013B5F6F7F7FD0446F6F7FAFDAC
S214014240224603461249002000F0B4FF00F006FFA4
S214014250FFF756FD00F0A6F80221084602F0F6FC2C
S214014260FFF700FD41F2490023F081F94FF0FF13FB
S2140142700093FF2368468DF8043023F056F94FF477
S214014280004023F034F9002023F051F902B010BDAC
S214014290662B040038B5054622F0B7FC90B92846CF
S2140142A023F071F8044628B140F60443984214BF3F
S2140142B088248D2423462A460020034900F07AFFED
S2140142C0204638BD8D24FBE77E2B04002DE9FF47F1
S2140142D005460E4617469846BDF83090DDF834A0E0
S2140142E0BDF83840CDF80090CDE9014AE4B2FFF7B9
S2140142F073FE43463A4631462846CDE90094CDF84A
S21401430008A023F0F8FFFF21034B044A044804B039
S214014310BDE8F04700F09CBD2C500020285000203E
S214014320B6590020044B01461888102240F0404040
S21401433040F48010F7F788BB7A7C0400024B1868BB
S2140143405968FFF7F3BD00BF5EBE04000123064AAD
S214014350D15C814202D1054AD05C704702335F2BA3
S214014360F6D10020704700BF827F0400837F0400DF
S21401437070B500220446094B1D78094BD0B2854220
S21401438001D8FF2070BD1E78A64204D10029F9D0BD
S2140143905E7BF607F6D401321033EFE79258002021
S2140143A09C3900202DE9F04198B06B46304A1068E0
S2140143B0516803C390680CAA18602E4B14469C469D
S2140143C003F11806154618685968083303C5B34241
S2140143D02A46F7D112AA1746274B03F118061546A7
S2140143E018685968083303C5B3422A46F7D1234AE9
S2140143F003AB106851684FF0010E03C390687168F3
S2140144001860DCF83000002206AB03C30C21EC4632
S214014410B068CDE909221860194BDFF86C80197075
S214014420184B0DEB01060B9206AD09A91CF8010B02
S2140144300132187034F8020B0C2A588037F8020B38
S21401444083F80DE0988016F8010B03F1100303F8CA
S2140144500A0C15F8010B08EBC00043F8080C11F81C
S214014460010B03F8040CE1D118B0BDE8F08100BFE0
S214014470982B0400AA810400C2810400A52B040025
S214014480925800209C390020EC7F0400014B1878DC
S214014490704700BF92580020034B03EB0013587B74
S2140144A000F00100704700BF9C390020F0B50446BB
S2140144B00846D9B100220E4B11461F780D4B1D46FA
S2140144C0D6B2B74201D8002010E01E78A64206D028
S2140144D09E68F688314489B201321033F0E75E7B7C
S2140144E0F607F9D505EB02150180A868F0BD00BFF7
S2140144F0925800209C3900202DE9F34789469046C2
S2140145001D46074618B9002002B0BDE8F08700290D
S214014510F9D0002AF7D0002BF5D0002400780DF151
S2140145200601ADF80640FFF7C1FF0028EBD039467B
S2140145300DF10602BDF8066021F069FF0746002866
S214014540E1D00DF10602BDF806A021F087FF002894
S214014550D9D0C9F80070C8F80000037913F020021A
S21401456019D1DB0614D4BDF806300C4A564413FAAA
S21401457086F612FA86F20BE01A790C33920642BFDF
S21401458013F8092C891889B29842F5D8044A0A44C6
S21401459001202A60B8E72146024BF5E7B55900200D
S2140145A0935800203C81040008B50021FFF7E0FE87
S2140145B0FF2817BF044B084603EB0013587B18BFB0
S2140145C000F0010008BD00BF9C3900202DE9F04134
S2140145D00D4616461F4622F025F80B280AD8074C2A
S2140145E03B4604EB001032462946BDE8F0418068A0
S2140145F021F0E5BF0020BDE8F08100BF9C39002016
S214014600014B0001185C70479C39002070B50C46C0
S21401461022F008F80B281BD80F4B03EB00139A68FF
S214014620C2B10023142618461579D9B28D4200D896
S21401463070BD116806FB0311097B34B911F0800FB8
S2140146401CBF0130C0B20133EFE711F0400FF7E7AE
S2140146500020EDE71046EBE79C390020F8B50D4643
S214014660164621F0DFFF0B280BD80F4B4FF0140C2A
S21401467003EB00139A6800231C461779D9B28F42C0
S21401468001D80020F8BD10680CFB0300017B46B979
S21401469011F0800F03D0AC42F4D00134E4B2013300
S2140146A0ECE711F0400FF5E79C3900202DE9F04FBB
S2140146B0064600243A4B87B01B783A4F0093009B7E
S2140146C09C4207D2FF2E08D0304621F0ABFF0B28C4
S2140146D0044606D907B0BDE8F08F07EB04131B7B31
S2140146E02BBB23014FF00008019307EB041A14E0DB
S2140146F014221B6802FB05352B89B3F5967F01D979
S21401470029F0B1F84FF000094FF00C0B29891FFA78
S21401471089F291420ED808F10108019B5FFA88F5EB
S214014720FB189B681A79AA42E2D8FF2ED2D101342F
S214014730E4B2C4E71FFA89F00BFB00F06B681918A6
S2140147400A7912F0100F23D19AF800E012F0400F08
S2140147508DF80CE0B5F800E0185AADF80EE00CBF85
S2140147604FF0400E4FF0800EADF8120028468DF83F
S21401477010E021F018FE5307ADF81400C8780AD5EA
S2140147800228896800D90968002203A821F0E7FEFB
S21401479009F10109BAE702288CBF89680831F3E7F5
S2140147A0925800209C390020052370B5094A0688D6
S2140147B01488B44208D19578047B2C403F2C03D949
S2140147C00D4201D0506870BD013B02F10802EFD1E5
S2140147D01846F8E76081040070B50024074D084EBE
S2140147E02B78E0B2834200D870BD06EB0010437B05
S2140147F0DB0701D521F0F5FF0134F1E792580020DF
S2140148009C390020F8B50C4600210546FFF7B0FD9F
S214014810FF2829D0154A060102EB00135B7B03F043
S21401482001016CB143F001031644A142737305D034
S214014830C4B100B202EB001021F0D3FF0120F8BD95
S2140148402346F1E77B4311682846CA18127BC95AEA
S214014850D20921F03DFC0134B268E3B211799942E4
S214014860F0D8EBE71427F7E70846E8E79C3900207D
S2140148702DE9F04F0024B1F57C4F0E4638BF4FF0BE
S214014880010BA246A1464FF6FF781F4628BF274BCD
S21401489085B028BFB3F800B0009001925C4503D301
S2140148A0404605B0BDE8F08FB6F57C4F0CD3204BE3
S2140148B03A4603EB840331465B880098FFF786FE91
S2140148C0054680B300232AE03A463146009821F097
S2140148D0D9FEF5E70C229CB254436A680199105B35
S2140148E002EB040C884219D3B9F1000F01D05045F0
S2140148F014D861462846CDE9023221F054FD029BC8
S21401490060B1039A125BB9F1000F03D0524501D38F
S214014910804503D9924680464FF0010901332A8922
S2140149209CB2A242D6D80134A4B2B7E7E27F040013
S214014930E47F04002DE9F04F91461A4600238BB020
S2140149408DF82020BDF850208DF81C00ADF81E1003
S214014950ADF8242005460F461A4604A907A8159C5B
S2140149609DF858609DF85CA09DF860B09DF8648045
S2140149700493ADF8229021F09EFD049850B92B4681
S214014980CDE90079644A654900F014FC86200BB035
S214014990BDE8F08FBAF1000F14D18378B34206D088
S2140149A050465D4A5E4900F005FC8D20EFE703792D
S2140149B013F0010306D11846574A5A4900F0FAFB8C
S2140149C08820E4E703795B072CD583685A689B68DF
S2140149D005920693807822F00BFB049B0546DF7850
S2140149E02146022F03463A4610D805A822F0BCFA03
S2140149F081462B463A46214606A822F0B5FAB9F179
S214014A00010F01D001300DD18720C0E7059822F0B3
S214014A10ABFA0128F8D02B463A462146069822F0F2
S214014A20A3FAEFE7BBF1000F6FD1049F4FF6FF72B9
S214014A302146B87821F055FC00286BD0BDF824300B
S214014A40C5B20093CDE902549DF82030BDF822206E
S214014A50BDF81E109DF81C00019622F0C3F8002830
S214014A6095D1BDF82430CDE902540093BDF822203B
S214014A709DF82030BDF81E109DF81C00019621F00F
S214014A808AFE002883D121469DF8682007A821F0D8
S214014A9066FD00287FF47BAFB8F1000F07D03B46D8
S214014AA02046BDF81E209DF81C1021F0FBFDBDF828
S214014AB02430BDF82220BDF81E109DF81C0000937E
S214014AC0CDE901649DF82030FEF7FCFBBDF82430EB
S214014AD0BDF82220BDF81E109DF81C000093CDE9FC
S214014AE002549DF82030019622F07BF8BDF8243060
S214014AF0BDF822200093BDF81E109DF820309DF8C9
S214014B001C0021F020FE002041E70020064900F0AD
S214014B1051FBF8E701203AE7B22B0400BE2B040054
S214014B20EA2B0400FE2B0400122C04007FB500259E
S214014B308DF80830BDF820308DF80400ADF8061069
S214014B40ADF80A20ADF80C306946BDF82830099A50
S214014B5001A80B9E009521F0AEFC044630B916B1B3
S214014B60009B9B783370204604B070BD8928FAD12B
S214014B702846024900F01EFBF5E700BF2F2C040073
S214014B802DE9F04F4FF0000AC7B0FFF77FFC5FFA40
S214014B908AF6B04202D847B0BDE8F08F5B4B3601CB
S214014BA09A5D00205A4900F005FB0020594900F0A3
S214014BB001FB00230593554B9DF8144033449B6835
S214014BC01A79A24202D80AF1010ADEE714224FF04E
S214014BD000091B6802FB043422891FFA89F39A42F2
S214014BE002D8059B0133E5E70C231FFA89F803FB7E
S214014BF008F8D4F804B028F036FE0BEB08052B793C
S214014C00454913F0400F3BF8083022884FF000006A
S214014C100093424B18BF0B46414900F0E5FA29467E
S214014C20204621F0C0FB074600283CD13D4900F054
S214014C30DBFA2979DFF814C111F0010F3A4818BFE1
S214014C40604611F0020FAA78EB7832D1DFF800C186
S214014C5011F0100F354918BF6146CDE9000100205B
S214014C60334900F0C1FA2B793BF8082013F0400FC6
S214014C704FF0000B4FF0FD030DF118082188CDE928
S214014C80023BCDE9007821480CBF40238023805D9C
S214014C90FFF74CFF86280ED12649002000F08AFA3D
S214014CA009F1010998E702462349002000F09CFA21
S214014CB0BFE72249D1E7A87821F065FBD8B1404685
S214014CC021F0FAFF421C92B201234146002000F077
S214014CD0D5F93946208801F001FA4FF6FF7398425C
S214014CE007D0174B174903EBC0035A68002000F0A2
S214014CF061FA1549D1E7A87821F04BFB20B140466F
S214014D0021F0DFFF821CDEE7EA78DDE79C39002030
S214014D10812C04008F2C0400592C04005E2C040006
S214014D20CF2C0400461D0400662C0400692C0400E8
S214014D30E32C0400FF2C0400A0310400712C0400B5
S214014D4024820400C2FC0300B12B0400632C04007F
S214014D50792C04002DE9F04FC7B0BDF844A10646F2
S214014D60BAF1040F0D4614461F46BDF840B163D98B
S214014D70CDE9013B00920B4602463049002000F087
S214014D8019FAFD230DF117090DF1180830460293A3
S214014D9022463B462946CDE900B8CDF80C90FFF7F0
S214014DA0C5FE0646B8B9FD22414699F8000021F035
S214014DB098FA0746C0B1AAF10403834238BF892690
S214014DC0204621F036FF8EB1304600F01BF9304602
S214014DD047B0BDE8F08F009023462A4600201849C8
S214014DE000F0E8F90027EBE78926E9E7DFF85CA0A1
S214014DF0BA1CBAF80030C3F1FF039A4219DA3046FA
S214014E0000F000F999F8000000F0FCF8BAF80090FC
S214014E100C483A4641464844B94404F021FFAAF8F2
S214014E20009023462A4630460749009700F0C2F90B
S214014E30CDE7892000F0E6F88926C8E70B2D0400A7
S214014E40462D0400B65900206D2D04002850002080
S214014E5010B5044C20600448018004490A60044AE5
S214014E60136010BD643A002026500020603A0020EE
S214014E705C3A002030B587B00AAC0D4654F8041BE6
S214014E800093CDE9011413460949024609480988E9
S214014E900068059421F0CBFD4FF48A52064B1B683F
S214014EA01880064B1B685D80DA8007B030BD00BFF6
S214014EB026500020643A0020603A00205C3A002028
S214014EC008B410B587B009AB0C4653F8041B009222
S214014ED0CDE9011302460B490B48059309880023C7
S214014EE0006821F0A4FD4FF48A52084B1B68188015
S214014EF0074B1B685C80DA8007B0BDE8104001B044
S214014F00704700BF26500020643A0020603A002017
S214014F105C3A0020044A034611680448044A09889A
S214014F201268006821F085B8603A00205C3A0020DB
S214014F30643A0020044B054A1B6812681988044B22
S214014F40186820F0E9BF00BF603A0020643A0020EC
S214014F505C3A002007B5074B1B681B880192064A7E
S214014F6012680092054A126821F037F803B05DF81E
S214014F7004FB00BF603A0020643A00205C3A00203F
S214014F801FB51446064A12681288CDE901430091FE
S214014F90044B05491B68096820F0FBFF04B010BDEF
S214014FA0603A0020643A00205C3A0020014B186801
S214014FB0704700BF5C3A0020024B1B68187159719C
S214014FC0704700BF5C3A002010B50024084B1C70E7
S214014FD0FEF778FD074BFF2218802146064804F0AD
S214014FE0AFFC064B1C80064B1C605C609C6010BDD1
S214014FF0C05A00202A500020B65900202850002010
S2140150002C50002007490B88FE2B9FBF064AD05420
S214015010581C80B29DBF088000F1FF308018002028
S214015020704700BF28500020B6590020F8B5094F38
S2140150300D463B885C18FE2C0ADC074E0A46A4B2D5
S2140150400146F01804F0CEFC3C80641BA019F8BDA4
S2140150500020FCE728500020B6590020024B034AE6
S21401506000201A60704700BF683A0020E87F0400FD
S214015070014B1878704700BF9C39002030B4044DAE
S214015080044C002B0CBF2B46234630BC21F03DBE02
S21401509069ED0300402E040070B5054608460C462F
S2140150A021F00AFE611C0246024B2846BDE870400C
S2140150B021F02BBE4635040000B5037889B006936F
S2140150C043783E220593837808490493C378039373
S2140150D0037902934379019383790093C379044852
S2140150E0008800F081F809B05DF804FB9B2D0400F0
S2140150F038500020024B02460249188800F05AB880
S21401510038500020D5F303002DE9F04705460E463A
S21401511017460024DFF84480DFF844A0DFF8449007
S214015120AC4201D1BDE8F087B8F8000006EBC40137
S2140151305346082221F0E9FD0134B8F800003FB9D2
S214015140044AA54208BF4A46034900F04DF8E7E77E
S2140151504A46F9E7B12B0400D4F303003850002087
S214015160402E0400D1DF03002DE9F0410E4E044627
S214015170308821F0E2FDA8B100250C4FDFF8308021
S214015180E3070AD518B94146308800F02DF8308873
S2140151902A46394600F028F8002001351B2D4FEA33
S2140151A05404EDD1BDE8F0813850002034360400B7
S2140151B0E32A04000EB417B505A9044651F8040BFA
S2140151C0019103F0BFFA01210220054AF9F756F9C9
S2140151D0044B1C8003B0BDE8104003B0704700BF0D
S2140151E0B12B0400385000200EB417B505A90446AB
S2140151F051F8040B019103F0A5FA034B1C8003B090
S214015200BDE8104003B070473850002013B503685E
S2140152100446587900F032FF90B923685A88032A69
S2140152200ED0E17C5B79CDE900211649164AFFF7DD
S214015230C1FF0121204621F020FE012002B010BD51
S214015240637D012B0AD0637D33B92368228A59888E
S214015250587921F0F3F948B9C3200AE02368228A75
S2140152605988587921F0F3F90028ECD0204621F02E
S21401527066FD064B1B78002BDFD110F5807FDCD056
S214015280C1B2D7E7C82D0400C02D0400B75A0020CC
S214015290002970B50F491D460F4B14460CBF6E22F0
S2140152A07922002808BF0B4600200C49FFF79CFF17
S2140152B00B4E2544AC4205D1BDE87040002009499B
S2140152C0FFF778BF3146002014F8012BFFF78CFF5B
S2140152D0F0E700BF012E0400F72D04000A2E04009B
S2140152E03E2E04006B1104002DE9F04FC27C8BB0FA
S2140152F00592427D0368002A14BF80224022077D62
S2140153000446856886895879B846B3F802900692AD
S21401531000F0B4FEA0B9059B052B05D86FF02D0350
S214015320059A1341DB070BD5B9F1030F08D0AB493A
S2140153300020FFF73FFF0121204621F09EFD76E089
S214015340E37B1BB1228A002A00F0B781607D002230
S214015350B0FA80F05B4203F00403DFF88CB2400938
S21401536043EAC000ABF80020FFF74CFEE37B1BB31B
S214015370208A21F05EFC8246A07CFFF743FE059A58
S214015380162A00F29A81DFE812F019009E016C00DD
S2140153905600D2016C009201D9019A01E001E701A1
S2140153A0EE0139010202980198019801140258028F
S2140153B014027002390102029A46DDE700204B46CC
S2140153C0874A8849FFF7F6FE0120FFF71BFE08F122
S2140153D00207B74229D841463246284621F066FCE4
S2140153E08046236842465879BBF800304946C3F1E7
S2140153F0FF039BB20193238A0093069B22F0B5FF1D
S21401540010B11FFA87F8E2E7236842465879BBF8DD
S21401541000304946C3F1FF039BB20193238A0093F0
S214015420069BFFF797FC8928EBD121F020FD012090
S2140154300BB0BDE8F08F4FF0000B0420FFF7E2FD44
S214015440F31E0893089B984552D3BBF1000FECD18D
S214015450E37B94F81480002B0CBF02220422624BDB
S2140154601A804FF0000B0420FFF7CCFD5F4608F1D1
S214015470030A564540F29D8032464146284621F0B1
S21401548015FC05EB08039B78F21EAA44A2EB080262
S21401549007905146184692B2099320F022FF0890D1
S2140154A0002879D02268099B5079CDE901A3238A87
S2140154B049460093DDE9063221F047FA82464A461C
S2140154C00020079B4949FFF78FFEBAF1000F55D11F
S2140154D00BF10103504646495FFA83FBFFF76AFE6C
S2140154E0089B08F1030813FA88F81FFA88F8BEE744
S2140154F032464146284621F0D9FB05EB08039F7842
S214015500089B08F10301A3EB08022944824692B2E4
S2140155103846099120F0E5FE079068B3236809999B
S214015520587902970191238A524600934946069B71
S21401553021F05BFA0746B8B10BF1010338465FFA72
S21401554083FBFFF75FFD504621F073FB53464A4647
S21401555000202649FFF72EFE3A4600202549FFF790
S21401556029FE802F3FF471AF079B08F1030813FA59
S21401557088F81FFA88F865E78027DDE75046FFF7C9
S21401558041FD079821F055FB013752460020194985
S214015590FFB2FFF70FFEA3E78720FFF733FD07985B
S2140155A021F047FB0137872212490898FFB2FFF71F
S2140155B001FE059B052B3FF43AAF002F7FF435AF74
S2140155C0BBF1000F05D10C495846FFF7F3FD8021CA
S2140155D0B2E63846FFF716FD27E700BF27E40300CB
S2140155E04B2E0400982E040028500020552E04004F
S2140155F0982D0400712E04007B2E04000599A84AFC
S214015600A84B0020152918BF1346CDF80090A64ACE
S214015610A649FFF7CFFD059B0C2B14BF16200D20C6
S214015620FFF7F0FC32462846394621F03FFB059B42
S2140156303D440C2B0646AD7835D1192D28BF1925CA
S214015640E37BB3B14FF6FF73278A9F4211D12068DF
S21401565032464946069B4079FFF70AF9B84208D018
S214015660BAF1000F05D020828AF80000000A8AF8F5
S21401567001000020BBF80070FFF7C4FC2368324627
S2140156805879059B4946A3F1150CDCF1000343EB61
S2140156900C03CDE90153238A0093069B21F0C9F838
S2140156A0834BD855C1E6132D28BF1325C8E72046DE
S2140156B0FDF790FC00287FF4BAAE81213CE6204637
S2140156C0FDF73CF9F6E7B9F10A0F05EB0708A6EB7B
S2140156D0070A21D1DFF8DCB19BF80030E3B1E37BA8
S2140156E0D3B9BAF1080F17D132463946284621F008
S2140156F0DDFA88B998F8023073B998F80320E22ADF
S2140157000AD13246391D2846059321F0CCFA21F0FC
S21401571099FB059B8BF80030414648461FFA8AF2F2
S21401572022F025FE00287FF482AE002104E6F21B5B
S214015730484692B2E91921F076FAF3E7F21B484699
S21401574092B2E91921F030FAECE7F21B484692B220
S214015750E91921F055FAE5E7F21B484692B2E91934
S21401576022F007FEDEE72368EE5D5879238A0137CB
S214015770ED5D0193069B3246494600932B4620F089
S21401578092FF2A463146484621F010FA4FE6059820
S2140157907A1CE95DB31AA0F1160670427041003911
S2140157A0009018BF012148469BB22A4421F000FA16
S2140157B0B8E7059BEE5D112B3D446F7838D112207A
S2140157C0FFF720FC0025E37BB3B14FF6FF73B4F877
S2140157D01080984510D133464A462146284621F086
S2140157E023F8404508D0BAF1000F05D020828AF888
S2140157F00000000A8AF80100BBF80080DFF8B0A0BC
S214015800C8F1FE0292B208F10103009253444A46DF
S21401581021462846CDE90267CDF804B021F007F805
S214015820BBF800300AF808000133ABF80030FCE59D
S2140158301420FFF7E7FB0125C5E77B1C9E422CD30E
S214015840EF5D1D44003F18BF0127F31A9EB2334691
S2140158502A4639460020FFF71BFD00962B463A469E
S2140158604846218A21F0A8F95CE77B1C9E4214D3A6
S214015870EF5DF61A003F18BF01271D44B6B2334646
S2140158802A4639460120FFF703FD00962B463A4685
S2140158904846218A21F08EF944E70020C8E500BF7A
S2140158A0B12B0400462E04008C2E0400962E040014
S2140158B0B6590020B55A002038B54FF6FB75044698
S2140158C0A9424FF001019DF8100098BF43F4004330
S2140158D0217023816260A07202230020084A0949D0
S2140158E0FFF768FCE07A084B40F6CA0203EB40106B
S2140158F0FF211FF0A3FBBDE83840042021F04AB980
S214015900A62E0400B12E0400AC3A002030B50546A0
S21401591085B028B91D4905B0BDE83040FFF74ABC3F
S2140159200024007B21F0D8F92046194A19492C7029
S214015930FFF740FC184BE87AFF2103EB40101FF0FD
S2140159408EFB2046154B02019A5C22B901300428D1
S214015950F9D121F05EF9696899B1B5F908302A895B
S2140159609B1303F002038DF80430C2F30E03ADF867
S21401597006304FF6FF73ADF80830002301A80393F5
S214015980884705B0BDE8304021F0ABB9DC2E0400F5
S214015990A62E04000E2F0400AC3A00206C3A00201C
S2140159A00948037873B91946084AD3720133042BA0
S2140159B01173117051601181917202F11002F4D1CC
S2140159C001230370704700BFB65A00206C3A0020CE
S2140159D008B5FFF7E5FF002305491A018A5C01EBCC
S2140159E003101AB10133042BF7D1002008BD00BF04
S2140159F06C3A002070B50D460646FFF7D1FF00232E
S214015A00094800EB0514A17AB14205D1217819B1F4
S214015A102B4400EB031070BD0133042B04F110047A
S214015A20F1D10020F7E700BF6C3A002010B504461C
S214015A30FFF7B6FF0E4B9C4212D003F120029442B0
S214015A4010D003F1400294420ED060339C420DD137
S214015A500323084800EB0310BDE81040FFF756BFCC
S214015A600023F6E70123F4E70223F2E70020F3E739
S214015A70AC3A00206C3A002070B50024064D074E63
S214015A802846324600210134F8F70EFA042C05F1B7
S214015A902005F5D170BD00BFAC3A00202D5A01009B
S214015AA02DE9F34105460C4617469846FFF790FF49
S214015AB0064640B91C4A1D49FFF77CFB02242046D6
S214015AC002B0BDE8F0814FF6FB739D420AD94FF64E
S214015AD0FD739D4204D00020134A1549FFF76AFB67
S214015AE04FF6FD75434621463A46284621F092F97F
S214015AF0044600F02FFE804634B1234600200A4AB1
S214015B000C49FFF757FBDAE73B462046064A0A49A7
S214015B10FFF750FB062329463046089ACDF8008049
S214015B20FFF7CAFECBE700BFA62E04001B2F04001A
S214015B30452F04007A2F0400A32F0400F7B506466C
S214015B400C461746FFF744FF054638B9104A114977
S214015B50FFF730FB0224204603B0F0BD21464FF488
S214015B608A52304621F01EFB044600F0F3FD34B1A4
S214015B7023460020064A0849FFF71CFBEBE7009086
S214015B8004233A4631462846FFF796FEE3E700BF70
S214015B90A62E04001B2F0400CB2F0400F7B50646E3
S214015BA00F46FFF715FF054638B9104A1049FFF7AB
S214015BB001FB0224204603B0F0BD0022402311461B
S214015BC0304621F0CEFC044621F0C9FC34B1234610
S214015BD00020064A0749FFF7EDFAEBE7009001239C
S214015BE03A4631462846FFF767FEE3E7A62E04004D
S214015BF01B2F0400FE2F040073B504460E46FFF764
S214015C00E7FE054638B9104A1049FFF7D3FA0224D1
S214015C10204602B070BD00222046114621F0A3FCAA
S214015C20044621F09CFC34B123460020064A08496C
S214015C30FFF7C0FAECE70090234632464FF6FC71B8
S214015C402846FFF739FEE3E7A62E04001B2F0400C3
S214015C502C3004002DE9F0418846107800219EB0D2
S214015C6014461D46FFF7C6FE0646002800F0FD80D6
S214015C700778002F7BD0B8F80010002940F0F58097
S214015C800389B8F8022043F40040824240F0ED80D8
S214015C90617800296BD1A2F50042062A00F2E58060
S214015CA0DFE812F0A100A100E300E3000700B8005E
S214015CB06900E3880D3DADF82430238915F0010510
S214015CC0ADF8263063798DF82830E37A03F10602C1
S214015CD014F812208DF814308DF81C2042D10BA92F
S214015CE08E46069104F10C005FFA85FC9C4500F196
S214015CF0020009D210F8018C10F802CC01350CEB29
S214015D00082C2EF802CBEFE701EB43011A44089169
S214015D10D2B2590001F10D009A42C0B20BD025183B
S214015D206D78205C7831694400EB0520013321F859
S214015D304C0CDBB2EDE7B6F908203389002AACBF7C
S214015D4001220322C3F30E038DF808206288ADF802
S214015D500A3005ABADF80C20049302A9304621F0B9
S214015D6044F804E0424A43490020FFF723FA384644
S214015D701EB0BDE8F081042D02D83D4A3E49F3E746
S214015D802379053DADB29D42B4F8028002D0384A6F
S214015D903A49E9E73A4A3B4B0020002D08BF134633
S214015DA03949334ACDF80080FFF704FA05348DF8F7
S214015DB01450B6F90830069485B1002BACBF012308
S214015DC003238DF82C303389ADF83080C3F30E03EE
S214015DD0ADF82E3005AB0D930BA9BFE7002BACBF7A
S214015DE006230523EDE70B2DC7D9D4F80200D4F816
S214015DF0061013F4004F05AA03C20CBF04220322A7
S214015E008DF82C206289C3F30E03ADF83020ADF86F
S214015E102E30DFE7042DB0D96388ADF83030237912
S214015E200533DBB29D4206D00020114A1749009582
S214015E30FFF7C0F99BE70E4A00201549FFF7BAF9AC
S214015E40B6F908203389002AACBF01220322C3F326
S214015E500E03ADF82E3005AB0D93631D0693237923
S214015E608DF82C208DF81430B6E700277FE700BFA9
S214015E70A62E040059300400813004009530040039
S214015E80E5EB0300B12B0400BC300400D93004005C
S214015E901A310400304BF0B5B0FBF3F24FF46165F4
S214015EA003FB1200B0FBF5F3DCB205FB13033C2544
S214015EB0B3FBF5F3DBB2A0EB04104B71C3EB03139A
S214015EC0A0EB83004FF4FA630B8040F201134B8082
S214015ED001230C711F4600246425204E88719442CC
S214015EE000D1F0BD91F802C013B1BCF1020F2BD066
S214015EF006EB0C0010F801ECC87870450BBF0120CA
S214015F0001300CF1010CC0B208BF81F802C0C870A4
S214015F1088780D2816D10B888F7001339BB29807AD
S214015F200B8014D1B3FBF5F005FB103080B280B9BD
S214015F304FF4C870B3FBF0FC00FB1C339BB2B3FA02
S214015F4083F35B090134CAE74FF01D0ED4E7002343
S214015F50F8E70123F6E700BF80510100E68104005F
S214015F6010B5044688B006A9FFF794FF9DF81E30C9
S214015F700A4803939DF81D30049402939DF81C3043
S214015F809DF81A200193BDF8183005490093008842
S214015F909DF81B30FFF70EF908B010BD38500020F1
S214015FA033310400026808B51188154B19805188F1
S214015FB0598051791971117959714FF48A51D980E3
S214015FC0D28812F0200F0CBF0A464FF48B5281691B
S214015FD0DA800C4A137831B9C0880B4923F00203E2
S214015FE00880137008BD43F002031370074B152297
S214015FF01846013103F0F6FC002200F8012CF1E707
S2140160002C500020C05A00202A5000203B5000206F
S21401601010B5184C2368587920F004FB0B2822D8B9
S214016020154B03EB0010027B237F9A421BD123689A
S214016030428819888A4205D04FF6FF70814212D1F4
S214016040120410D42279023A012A06D9A37B63B935
S214016050BDE810400748FFF747B9198958791FF07E
S214016060C3FB0028F2D1002010BD0248BDE8104055
S214016070FFF7CCB8303B00209C39002008B520F053
S214016080D1FA0B2896BF024B0020185C08BD00BF52
S214016090C55A002008B5002020F01EFEFF2020F083
S2140160A0F4FA20F01EFE20F0C1FCFEF7EFF9012104
S2140160B00246064803F044FC054BFF21054A064804
S2140160C0FEF7C6FEBDE80840FEF786BBC55A0020AF
S2140160D02C50002028500020B6590020F0B5002290
S2140160E004464FF6FF750B4F90B237F83060034603
S2140160F0AE4201D12846F0BDA64209D1B4F57C4F87
S214016100F9D307EBC3035B888B42F4D00029F2D0A6
S2140161100132E9E72482040010B50446FFF7DEFFEA
S214016120094A034610884FF6FF72934214BF074A86
S2140161302246BDE8104017BF02EBC30304495A6864
S2140161400449FFF751B800BF3850002024820400EC
S21401615056310400C2FC0300034B18780130C0B26C
S214016160187000F07F007047C3640020044A13785B
S21401617018B143F001031370704703F0FE03FAE70A
S214016180C05A0020014B1870704700BFC35A002048
S21401619038B1074B1B78012B04D1038843F0400329
S2140161A003807047022BFCD1038823F04003F7E7F6
S2140161B0C35A002068B1074A1378012B07D1064B52
S2140161C01B781370037843F01003037001E0022B71
S2140161D0F8D07047C25A0020C15A00207FB501216D
S2140161E0264B274E197033780246D90744D42549E1
S2140161F0096881B10868C1888D0641BF224CE188D3
S21401620041F02001E180C1884C0641BF1E48C1888B
S21401621041F04001C1801D4D1D492878097840078D
S2140162204CBFE97069701B4913F00204098809D054
S214016230164A194820F0D0FC337823F00203337055
S21401624004B070BD154B18884FF6FB73984208D8FA
S2140162500B46CDE9005201460B4A20461FF0BDFE13
S214016260EEE74FF6FF73CDE9014200930A46074B6E
S21401627005491FF08EFEE3E70020E1E7B75A00204C
S214016280C05A00202C3B00202C500020B65900207C
S214016290C4640020285000203A5000202A500020D4
S2140162A070B503790446012B0D46164631D883682E
S2140162B01B78DB0600D561B3A37B13B9E37C0B2BFC
S2140162C027D00022144B1A80637DB3FA83F35B094F
S2140162D0D800E37BABB9FEF795FEA07CFEF792FEF5
S2140162E00B20FEF78FFEE07CFEF78CFE2846FEF7BD
S2140162F089FE2046FFF756FE3046BDE87040FFF7A0
S2140163006DBF40F00400FEF77DFE208A20F091FC70
S214016310E3E7002070BD00BF28500020024B0A466C
S21401632001461868FFF7BCBF2C3B0020F0B40546B9
S21401633018460F4B0C461B78BDF81010012B0D4E5E
S21401634001D0377827B1002333700020F0BC7047A6
S2140163500CB9002AF9D143B14FF65743994204D0FC
S2140163602B462246F0BC20F01DBC0120EEE700BF04
S214016370C5640020C45A00202DE9F04F684C4FF048
S214016380000A25468446964698460F46654B664E55
S21401639083F800A00FCE0FC596E80F0085B085E8FC
S2140163A00F00DDF83C90BDF8383072460093394650
S2140163B043466046CDE9019400F0DCF8DFF89081B1
S2140163C0064670B90025FEF7FFFD16220021574844
S2140163D003F0B6FA00232846C8F8003005B0BDE839
S2140163E0F08F534BA27CC8F800401A70514B1B78B3
S2140163F0002B36D020F028FD4F4902465046FEF7C6
S214016400F3FE22685046537952884C490092A2897D
S214016410FEF7EAFE504620F090FC20B12368218A60
S2140164205888FFF779FEE37B23B10020228A44498E
S214016430FEF7DAFEA36800201A78E37C4149009350
S214016440A37CFEF7D1FE207DA289A168121A014421
S2140164500123002092B2FEF711FE00203A49FEF712
S214016460A9FE2F48FFF79EFD2D4821F079FF05462E
S21401647030BBB9F1000F25D12168E0880B88019067
S2140164804988BA1E032A00918CBF002201220121ED
S214016490E07CFFF74BFF38B923685B79FF2B3AD0D6
S2140164A0FFF7B6FD05468EE72368DB889A06F3D428
S2140164B00121264C1A48217020F0DFFC84F8009058
S2140164C0354680E7B9F814309B07E5D47AE7584695
S2140164D0FEF796F882465846FDF7DEFF88B1236838
S2140164E05046228A598820F0A0F850B13846FFF766
S2140164F059FD236889F804A083F805A0FFF788FDF5
S21401650000B9284605460136FDF7C0FF5FFA86FB4F
S2140165105845DCD857E70026014FDFF83890F3E7F7
S214016520303B0020B75A0020048204003A50002075
S214016530C4640020C26400206F3104007831040076
S21401654099310400A531040036E50300C45A002041
S2140165502C3B00202C5000200023054AD15C8142B0
S21401656002D31A44507870470233DBB2F6E700BF15
S214016570F281040073B515462E781A4616F0040FFC
S2140165800CBF032605269E42089C08D9224A2349A9
S21401659000960020FEF70EFE002002B070BDBDF88A
S2140165A0183021712060E380A560A2812B7803F06A
S2140165B00103A3732B7803F00403002B14BF0121FE
S2140165C00021E1732978C1F3C00161754FF0010123
S2140165D0217518D0284620F069FB237D20820233DE
S2140165E02375227D531CDBB22375A95C0232D2B21D
S2140165F0A1742275EB5CE374A3899A4205D90092D3
S2140166000749054AC5E72382EBE7079B0120A361FB
S21401661000232377C1E700BF79EC0300CF310400E4
S214016620EB3104002DE9F7430024204FDFF89C806E
S214016630DFF89C90E0B220F0C8FEFF2805460FD197
S2140166402346012102201A4AF7F718FF194B013495
S21401665018781EF0F5F8152CECD103B0BDE8F083E0
S21401666046B238EA260328BF4B4601210093022092
S21401667057F82430104AF7F701FF002EE6DA09230F
S214016680E340DB070AD50D4A0D4B15F0010F18BF85
S2140166901A4601210220F7F7F1FED7E70A2CD5D1D9
S2140166A0084A094B15F0010FF1E700BF34820400D8
S2140166B044320400C66400206C3204001D3204001B
S2140166C007320400393204002F320400E5EB0300E0
S2140166D0B12B040008B554220021024803F030F91A
S2140166E0002008BD2851002008B55422FF21024889
S2140166F003F026F9002008BDD4500020024B23F8F1
S21401670010100020704700BFD4500020002310B4A2
S214016710074ADCB2A14203D85DF8044BFFF7DABFA3
S2140167202A2BF9D032F8024B20F813400133F0E758
S21401673028510020002310B5054A994201DD2A2B75
S21401674000D110BD32F8024B20F813400133F4E7B4
S21401675028510020024B187800F07F00704700BFD8
S214016760D15A0020034B18780130C0B2187000F0DF
S2140167707F007047D15A002030B51C4600238BB0ED
S214016780ADF82220021D92B2012A0E9DADF82030EE
S214016790ADF81E10ADF81C3003D94FF6FF729042CB
S2140167A00FD10022CDE90352CDE90124094B014660
S2140167B01B784FF6FF70009307AB20F024FE0BB05A
S2140167C030BD0146CDE901531846009407AA20F0D2
S2140167D036FEF4E7C764002038B505464FF400508E
S2140167E00C4603F0B3FA4FF400532860236030B927
S2140167F040F2A511BDE83840014827F027B838BD5A
S2140168005B3304000048704706540020014B18789B
S214016810704700BFE3640020014B1888704700BF33
S2140168206A640020014B1878704700BFDC640020C2
S214016830014B1878704700BFD3640020014B1878CD
S214016840704700BFD6640020014B1878704700BF20
S214016850D65A0020014B1870704700BFD65A002048
S214016860014B1878704700BFD55A0020014B1870AD
S214016870704700BFD55A0020014B1878704700BFFB
S214016880D7640020014B1888704700BF6864002059
S2140168902DE9F74F414B424A0193424BDFF84491B1
S2140168A01B78DFF84481DFF844E1DFF844C13E4F4E
S2140168B03E4E3F4D3F49404802EB431A019B52452D
S2140168C003F1200309F1200908F120080EF1200E3A
S2140168D00CF1200C07F1200706F1200605F1200532
S2140168E001930FD100221146344B324D1C78344EA1
S2140168F0344B314FD0B2844203F1200346D803B063
S214016900BDE8F08F304B314C5360002349E9074313
S2140169102F4CDFF8E0B048E907432E4CC2E90230BD
S2140169204EE907432C4C11604CE907432B4C13618D
S21401693047E907432A4C49E9050348E905034EE9B7
S21401694005034CE9050347E9050349F8201C48F807
S214016950201C4EF8201C4CF8201C47F8201C46F83A
S214016960201C46E90743019C45E907B3DFF888B0D8
S21401697046E9050345E9050344E907B344E9050388
S21401698045F8201C44F8201C203297E743E90856B6
S21401699043E9061743F8101C0132ABE7783E0020A6
S2140169A0983F0020EA640020D83E0020B83E002030
S2140169B0983E0020144E0020B12B0400E164002014
S2140169C0FDAF0200183F002055590200BD9A030092
S2140169D0B56D0200DDF8020017AB03009D900200C2
S2140169E075730300783F0020583F0020383F002091
S2140169F0F83E00200D26030059560200002208B575
S214016A00074B1A605A6020F09CFC064B187020F069
S214016A1098FC054B1870054B1A78054B1A7008BD83
S214016A20B64D0020315B0020305B0020D46400208E
S214016A302F5B0020002100B593B008466A460AF095
S214016A40FBF90146C8B90E4B0E4A09930E4B0D923F
S214016A500A930E4A0E4B0E920B930E4A0E4BCDE93D
S214016A600F230C930D4B6A4611930AF09BFC0038DA
S214016A7018BF012013B05DF804FB0120FAE700BF40
S214016A80D195030051670200D597030081300200BB
S214016A90B7730300517E020035980300A16102001E
S214016AA0084B1878112806D8012809D9064BC34087
S214016AB003F001007047A0F1430358425841704764
S214016AC000207047335B00203400020008B5064BF7
S214016AD01B78013B022B05D80020FFF7E1FF0138A8
S214016AE0C0B208BDFF20FCE7345B0020044B00F178
S214016AF0100250F8041B904243F8041BF9D170476A
S214016B00355B0020044B03F1100253F8041B93423B
S214016B1040F8041BF9D17047355B002030B50024DE
S214016B2091B0114B0546214614220BA8CDE9094325
S214016B3002F006FF102209ABCDE900440693CDE929
S214016B400452CDE90252094B09490AA81DF077FA09
S214016B5004460AA821F0ABF91CB1A021054826F08D
S214016B6075FE11B030BD00BF002480000044400413
S214016B70355B0020E633040070B5002490B0154B59
S214016B8005460E46142221460BA8CDE9094302F01C
S214016B90D7FE102209ABCDE9004406933146CDE974
S214016BA00452CDE902520C4B0AA81DF048FA0446DD
S214016BB00AA821F07CF91CB1BA21084826F046FE45
S214016BC0099B102B03D0BB21044826F03FFE10B0D2
S214016BD070BD00BF0024800000444004E63304007A
S214016BE030B50D4600218FB0124B0446142209A879
S214016BF0CDE9071302F0A4FE102207ABCDE902424D
S214016C00CDE90042049329460B4B08A81DF019FA5A
S214016C10044608A821F04BF91CB1D121074826F0FB
S214016C2015FE079B102B03D0D221044826F00EFE3A
S214016C300FB030BD0024800000444004E633040059
S214016C40014B93F95A0070474C4D00200022034B2C
S214016C501870034B1970034B1A707047465B00207F
S214016C60475B0020455B00202DE9F04FDFF8908060
S214016C70064698F800300D4685B0002B3AD04FF600
S214016C80FB73984236D84FF0000B1C4FDFF874A008
S214016C903C7898F800305FFA8BF94B459AF800007B
S214016CA011D9484402AA0DF10601C0B216F028FA1D
S214016CB0082229460DEB020003F08EF90BF1010BB9
S214016CC00028E6D14C463B78A34208D198F800202C
S214016CD0631CDBB29A423B7004BF00233B70324612
S214016CE029469AF800301C44E0B205B0BDE8F04FE2
S214016CF016F0F4BA05B0BDE8F08F00BF455B002082
S214016D00475B0020465B00202DE9F74F06460D46FF
S214016D1014461F464FF0010BDFF8789003F10C0A7A
S214016D2015B903B0BDE8F08F102DA84628BF4FF067
S214016D3010083A46164B5FFA88F152F8040B524592
S214016D4043F8040BF9D101919AF8002011481A7002
S214016D50002389F80F4089F800B089F80E30FFF754
S214016D60DDFE324601340B480199E4B212F801CB3C
S214016D7010F8013B83EA0C0302F8013C931BDBB2DB
S214016D808B42F3D3A5EB080816461FFA88F5C7E72A
S214016D90495B0020485B00202DE9F04F9046914664
S214016DA085B00090981A029383B20193009B0F4618
S214016DB0354903F10C0453F8045BA34241F8045B24
S214016DC0F9D11B78314E0B7049233370019BF07358
S214016DD01B0A3046B373FFF7A1FE0221BB460D46E0
S214016DE0737888EA030373704FF0000A1DE0C5F15B
S214016DF01004A9EB0A039BB2A4B29C4228BF1C460E
S214016E0000231FFA83FCE8186445C0B21FD8254446
S214016E10EDB2A344102D54441FFA84FA05D100257F
S214016E2030460391FFF77AFE0399D145DFD807EB89
S214016E30080B25B115480391FFF770FE0399012948
S214016E404FF000050DD00121DDF80490CCE71BF8CA
S214016E5003C016F800E001338CEA0E0C06F800C0F9
S214016E60CFE7029B09491F44094B38461C78224646
S214016E7002F0F6FE2A4621463846009B05B0BDE8DC
S214016E80F04FFFF741BF00BF495B0020485B002081
S214016E90EB64002030B540780C4601284FF0110312
S214016EA087B001F1100516D1144A01A90BF002F8BA
S214016EB0234601AC224618685968083303C2AB4220
S214016EC01446F7D111230D4A002001A90AF0F2FF5A
S214016ED0002007B030BD0120094A01A90AF0EAFFE7
S214016EE0234601AC224618685968083303C2AB42F0
S214016EF01446F7D11123024AE6E700BF75E4010004
S214016F0079EB010030B50C46407887B001284FF088
S214016F1011030DBF0B4A0C4A012001A918BF01A994
S214016F200AF0C8FF234601AA05AD144603CCAC42BD
S214016F3018605960224603F10803F6D1002007B015
S214016F4030BD00BF75E4010079EB010010B50C46B9
S214016F5088B01A230C4A01A901200AF0ABFF21468A
S214016F600DF10E0304F1100251F8040B914243F89F
S214016F70040BF9D11A230020034A01A90AF09AFF4B
S214016F80002008B010BD00BF24E10100F0B58BB0B1
S214016F9004460D4622F091FAA8B101A813F082FE2C
S214016FA088B1667B271D16F0020F05D008223846E9
S214016FB001A903F011F8D0B901AB46F0020603CBE4
S214016FC06060796066731A230A4A03A901200AF0F1
S214016FD071FF29460DF116030DF1260253F8040B35
S214016FE0934241F8040BF9D100200BB0F0BD2D20DF
S214016FF0FBE700BF24E10100F0B50546071D0022AE
S2140170000C463846082193B022F0E9F96A7B064619
S214017010D0070BD5687808A920F07AFEDDF83D3058
S2140170206B60DDF841307B6080B10BE0910709D5DC
S214017030D2000121384602F0800220F076FEFF28B9
S214017040687002D12D2013B0F0BDD6B1687801A9C1
S21401705020F0F3FD9DF81C305B0604D54FF4C67195
S2140170600A4826F0F3FB234603AD07AC2A4603CABB
S214017070A24218605960154603F10803F6D10020B4
S214017080E1E708A920F044FECEE700BF643404001F
S2140170902DE9F04106468AB01F480F4615460024E2
S2140170A0FFF730FD002C01A914BF4FF05C0C4FF028
S2140170B0360C10238846184A12F8010B013B8CEA5D
S2140170C0000013F0FF0301F8010BF5D105A822F02B
S2140170D0ECFF4246102105A822F0EBFFC4B9394661
S2140170E0324605A823F04DF82A460DF1140C0DF191
S2140170F0240E634603CB7345106051609C4602F133
S2140171000802F6D114B10AB0BDE8F0810124C9E73E
S2140171102A461021E5E700BF785B00202DE9F047FD
S21401712091460D46C0B09DF82041DDF828811E46E7
S214017130DFF87CA09DF824310746224649464046A2
S2140171408AF8003002F08CFD9DB123463246414656
S2140171503846FFF721FEB44207D9A11B3B46012260
S21401716089B208EB0600FFF7CFFD002040B0BDE86E
S214017170F087A11B3B46012289B208EB0600FFF708
S214017180C3FD22464146684602F06AFD324669461C
S21401719038462346FFF700FE9AF800200DEB04015F
S2140171A009EB040002F018FF0028DED02C20DDE7F2
S2140171B0EB64002038B50346104601F1100451F87F
S2140171C0045BA14242F8045BF9D104491BB1FFF705
S2140171D0D3FC002038BDFFF703FDFAE7785B0020FB
S2140171E030B5054689B0694620F09CFB6B8804AC37
S2140171F0ABB122462946684620F034FB0E4A08AD5C
S214017200234603CBAB42106051601C4602F10802D4
S214017210F6D10948FFF76AFC002009B030BD6B467D
S214017220054D1A4603CAA24228606960134605F155
S2140172300805F6D1EDE700BF785B002050B10B4B97
S2140172400B4A03F1100153F8040B8B4242F8040B6E
S214017250F9D17047064B054A03F1100153F8040BA8
S2140172608B4242F8040BF9D1704700BF785B0020CF
S214017270585B002008B51022024802F0B3FB00203C
S21401728008BD00BF685B002008B508461022024909
S21401729002F0A8FB002008BD685B002010B504467C
S2140172A086B001A9114A112301200AF003FE9DF8B8
S2140172B0143001A8E37023F0EEFA80F001000C4AC6
S2140172C001A96070112301200AF0F4FD9DF8143025
S2140172D001A8A37023F0DFFA80F00100207012F0FD
S2140172E06DF86060002006B010BD00BF75E40100B7
S2140172F079EB010010B5044686B01123134A01202C
S21401730001A90AF0D7FDA3789DF814209A4207D068
S2140173108DF81430002011230C4A01A90AF0CAFD89
S21401732011230B4A012001A90AF0C4FDE3789DF858
S21401733014209A4207D08DF8143000201123044AF5
S21401734001A90AF0B7FD06B010BD00BF79EB010038
S21401735075E401002DE9F04186B0064603A80C4607
S21401736014F0EEFC054600284AD1BDF80C3098060C
S21401737046D510222946204602F0E2FA01A813F06B
S21401738091FCC0B1777B06F1040817F0020F06D016
S2140173900822404601A902F01FFE00282ED101ABAB
S2140173A047F0020703CB7060C8F804107773238890
S2140173B043F008032380238843F00203238013F05D
S2140173C041F8606022F079F830B10E4B1B68A3607B
S2140173D0238843F0040323800B4B1A68D1035EBF56
S2140173E0238843F010032380130203D5238843F434
S2140173F000632380284606B0BDE8F0812D25F9E715
S2140174002425F7E7C83F0020CC3F002010B5D0E97F
S214017410023253F8223090B01C684022694620465A
S21401742020F0E9FC034630B1224600200549FDF76D
S214017430C1FE10B010BD012269460820FDF764FEAA
S214017440F7E700BFFA34040070B500F0B1F8002881
S2140174500CBF6E22792200201349FDF7ABFE00F027
S214017460A7F8F0B120F0DBFC00280CBF6E227922D1
S21401747000200E49FDF79EFE082200200C49FDF76C
S21401748099FE00250B4C0C4E234654F8042C31462D
S21401749000200335FDF78EFE182D04F10C04F3D100
S2140174A070BD3F22E4E700BF3235040049350400D1
S2140174B059350400F04000207835040070B520F0FE
S2140174C093FC044621490020FDF774FE2CB92046A2
S2140174D0BDE870401E49FDF76DBE00F0BBF80546DD
S2140174E01C4B62690020002A08BF1A461A49266802
S2140174F0FDF760FEA28800201849FDF75BFE1849DB
S214017500E2880020FDF756FEA388228913F01000BA
S2140175101ABF002013491449FDF74CFEE26800200B
S2140175201249FDF747FE226900201149FDF742FE88
S214017530104A114B0020B6F5817F38BF13460F491C
S2140175402A46BDE87040FDF735BE00BFAD350400E4
S214017550BA3504005F050400DB350400F935040084
S2140175601A36040037360400543604007236040016
S21401757090360400A53504009B350400AE360400A1
S21401758038B5014600230C25084A05FB03F4A0186C
S2140175901459013404D10C2202F024FA002038BD1B
S2140175A00133082BF1D10120F9E700BFEC400020A0
S2140175B0034B1878012894BF00200120704700BFB4
S2140175C08A5B002038B50446044D2878A04203D0D3
S2140175D0214620F0E9FB2C7038BD00BF8A5B0020F5
S2140175E000B58FB03422002101A802F0A9F901A844
S2140175F0EFF768F90598D0B182680E4BB2F5803F77
S21401760034BF92B2C2F38F2241881A81028828BF02
S21401761041F010011A6042689980DA80C268DA6027
S21401762002691A6142695A61027E18461A760FB0DB
S2140176305DF804FB70400020054B1B7820B1012B40
S21401764004D80220FFF7BEBF012BFBD8704700BF4E
S2140176508A5B002010B5084C237853B920F0C4FB90
S2140176600123237028B10368B3F5817F24BF037E0D
S2140176702370207810BD00BF895B002070B5184BC1
S2140176801B78012B2BD820F092FB164D024616498B
S2140176900020FDF78FFD0120FFF7CEFF2E78FF2E8D
S2140176A01DD1FFF79DFFC8B1848860223146C4F31F
S2140176B040040E482C7002F043F9602231460C4813
S2140176C002F03EF95CB1FFF7C5FF042807D9BDE813
S2140176D0704040F22B11074826F0B8B8287070BDEC
S2140176E08A5B0020EC640020D1360400EC400020C8
S2140176F08C400020E33604002DE9F04FDFF8849239
S2140177008DB003AB07468846144699E8070083E820
S2140177100700FFF7B3FFFFF79DFF944B06461D7862
S2140177204B46012D40F07081012840F27281B7FB73
S214017730F0F200FB1272002A00F06B818C490022E5
S2140177408B46D1F800C0BCF1FF3F04D0087A6044F4
S214017750874200F019810132082A01F10C01F0D1AB
S21401776093E8070006AE0DF1240A86E807008AE8CA
S2140177700700FFF76FFFB7FBF0FB00FB1B7BA0EBDF
S2140177800B094A46414606460AA809978DF82C90E9
S21401779002F066FA00224FF00C0E764902E0013242
S2140177A0082A0ED00EFB02F000EB010C085801303F
S2140177B0F5D19AE807008CE807006F490A7801328C
S2140177C00A70A14504DD4FF4E2716C4826F03EF8DC
S2140177D0A41B5C444F44A1B217FA84F4B4FBF6F23E
S2140177E006FB1242C8448E1A91B1A41A08EB060190
S2140177F007A88DF82020069402F032FA06A8FFF7B3
S214017800BFFEFF2804D140F2D9115C4826F01EF8CD
S214017810B6B2B6B10320FFF7D5FE802E0AD832469F
S2140178204146574802F01CFA32463846544920F081
S214017830C6FA05460220FFF7C5FE28460DB0BDE88C
S214017840F08F0025F9E74FF40E714C4825F0FEFF46
S214017850464B1B78012B00F0E380002C36D003202A
S214017860FFF7B0FE802C2FD822464146444802F04E
S214017870F7F922463846424920F0A1FA0546022089
S214017880FFF7A0FEDFF8F09099F8003093B1039C63
S214017890FFF7E0FE374B002798461A68511C04D0C4
S2140178A0197A411A521A944224D00137082F03F14B
S2140178B00C03F2D1002DC0D1039B0133C1D003A824
S2140178C0FFF75EFE0546B8E70125D8E72546D9E766
S2140178D040F26D21294825F0B9FF012524E0012D4C
S2140178E030D0802E2FD832462549039820F067FAEB
S2140178F0054628E0002DA0D10C247C4308EB0403A8
S2140179009DF814A093F808B00AEB0B03802BDFDC7C
S2140179101B4B524604A9184602F0A2F9211D5A46ED
S2140179204144504402F09CF90C2303FB07839DF865
S21401793014201B7A13449E42D1D040F273210F4883
S21401794025F084FF01250220FFF73CFE99F8003060
S21401795013B1013B89F800304FF0FF3308EB040206
S21401796048F80430C2E9013367E700BFEC64002041
S214017970EC4000208C400020885B0020E3360400A9
S214017980F03F0020988204004FF00C0A0AFB02B375
S214017990187AA6EB00095FFA89F9A14501D35FFAC7
S2140179A084F90AFB02FA0AF1040528444A464146CC
S2140179B0584402F055F90BEB0A031A7AA4EB0904B2
S2140179C04A44D2B2B242A4B21A7219D10320019328
S2140179D0FFF7F8FD32460BEB05015BF80A0020F0D5
S2140179E0EEF905460220FFF7EDFD4FF0FF32019B51
S2140179F04BF80A20C3E90122002D7FF41EAFC844CC
S214017A00002C3FF41EAF4F44104B1B78012B7FF424
S214017A1024AFB7FBF6F306FB1373002B7FF413AF0B
S214017A20E319B3FBF6F506FB1535002D3FF415AF4C
S214017A30641B5B1B08EB04012A4604A80393A4B24B
S214017A4002F00EF98DF8145007E700BFEC64002031
S214017A5070B5134B1B78012B0CD1FFF70FFE0026D8
S214017A60104D55F8043C013306D10336182E05F1A6
S214017A700C05F6D1002411E00320FFF7A3FD55F80D
S214017A80044CFFF7E7FD29460246204620F097F909
S214017A9004460220FFF796FD002CE6D0204670BD76
S214017AA0EC640020F040002070B505460C46FFF758
S214017AB0E5FD0520FFF786FD2146284620F08DF9D5
S214017AC006460220FFF77EFD00220A4B2C44196869
S214017AD0481C08D0A94206D3A1423EBF4FF0FF3151
S214017AE0C3E9001199600332182A03F10C03EED1A1
S214017AF0304670BDEC400020D0E9023253F8223007
S214017B0010B51C68204600F095FA28B12146BDE85C
S214017B101040024800F002BE10BD00BF61370400ED
S214017B2008B5D0E9023253F82230186800F06CF933
S214017B3020B1BDE80840024800F0F0BD08BD00BF16
S214017B40833704002DE9F041D0E9023253F82210C0
S214017B5003EB82035B680F681D789AB0642D04D925
S214017B606421114800F0DAFD64252A46384601A949
S214017B7000F002F9044698B90C4800F0CFFDDFF892
S214017B80348001AE013DA54202DC1AB0BDE8F081A9
S214017B903919404616F8012B00F0C0FD0134F2E712
S214017BA0034800F0BBFDF0E7A6370400C637040023
S214017BB0F0370400DD3704002DE9F04700252D4F8E
S214017BC0DFF8E080DFF8E0908CB0284603A900F0EB
S214017BD0EFF810B10CB0BDE8F087049B2946039A74
S214017BE00093384600F09AFD404600F097FD05994F
S214017BF010290CD810290CD8DFE801F00F14320B2D
S214017C00340B0B0B360B0B0B0B0B0B0B3A00202913
S214017C102CD0194800F082FD07E0184800F07EFDE0
S214017C200135D2E7164800F079FD0699484600F07E
S214017C3075FD0799134800F071FD134800F06EFDBD
S214017C401024DFF868A00DF11F06504616F8011F34
S214017C50013C00F063FD14F0FF04F6D10B48DDE7AC
S214017C600B48E0E70B48DEE70B48DCE70B48DAE7B2
S214017C700B48D8E70B380400B0380400603804001D
S214017C8070380400D6380400EE380400D2DF030052
S214017C9078380400803804008938040094380400D9
S214017CA0AB3804004F380400BF380400FF38040026
S214017CB010B50B4C8EB023785BB9EEF77DFD01460F
S214017CC050B9012301A82370EEF7FCFD054B049A79
S214017CD01A6020780EB010BD034800F01FFDF8E7CB
S214017CE08B5B0020304400200539040000B58FB0BE
S214017CF0FFF7DEFF002829D001A8EEF7E3FD059B7C
S214017D001448198800F00AFD059B13485969134B5E
S214017D10002908BF194600F001FD059B1048598847
S214017D2000F0FCFC059B0F48196900F0F7FC059B69
S214017D300D48D96800F0F2FC059B0C48197E00F04E
S214017D40EDFC0B4B0B48196800F0E8FC0FB05DF832
S214017D5004FB00BF42390400543904005F050400E7
S214017D60663904007A3904008E390400A239040009
S214017D7030440020B639040070B5064615460C4658
S214017D8079B172B1FFF794FF68B121462A463046B1
S214017D90EEF7A2FE014618B1044800F0BFFC012030
S214017DA070BD2120FCE71120FAE700BFC8390400A6
S214017DB037B505460C46FFF77BFFE0B1114B1B6854
S214017DC0AB421AD9CCB100212422204601F0B8FDDD
S214017DD0214628461BF066F988B9284601AA04F10F
S214017DE00801EEF72BFE20B140F20643C01A18BF79
S214017DF0012003B030BD1120FBE72120F9E7012067
S214017E00F7E700BF30440020F0B593B00546FFF712
S214017E104FFF002845D0254B1A68AA4207D82946A5
S214017E202348013A00F07AFC212013B0F0BD05A8E2
S214017E30EEF748FD284603A91BF034F998BB049ACF
S214017E4022F4FF57C2F30C0327F01F072BB14FF4A0
S214017E5000532946174800F061FC039E7FB125F0C8
S214017E6002FD30464FF40051EEF7C2FE334604469B
S214017E7006F5005650B9039BF31ABB42EFD32A46C8
S214017E8039460D4800F04AFC002406E000902A46D8
S214017E904FF40051094800F041FC201E18BF012094
S214017EA0C3E71120C1E70120BFE700BF304400202F
S214017EB0F6390400A43A0400633B0400123B0400B4
S214017EC010B5044638B1FFF7F3FE30B10020044B7D
S214017ED01B68236010BD2120FCE71120FAE700BFD4
S214017EE03044002010B50446FFF7E2FEB0B10C4B5B
S214017EF01A68A24206D821460A48013A00F00EFC4A
S214017F00212010BD25F0AFFC40F2C12220460649D3
S214017F10EEF754FD003818BF0120F2E71120F0E714
S214017F2030440020F63904006C41002010B50446A8
S214017F30FFF7BEFE70B121460848EEF75FFD40F23E
S214017F400323984208D040F2012398420CBF052033
S214017F50012010BD1120FCE70020FAE76C4100204B
S214017F602DE9F0412D4D04462F68FFF7A1FE0028AC
S214017F7051D02968A14207D84A1E2948214600F057
S214017F80CDFB2120BDE8F0812648EEF7F7FCDFF8AF
S214017F9094800246B0B943462E68964222D1BE422C
S214017FA014BF3A4606F1FF3212BB31461D48C8F8E7
S214017FB00040EEF7C3FC014600B31B4800F0AEFBE1
S214017FC00120DFE72046EEF799FC044638B101466A
S214017FD0164800F0A3FB201E18BF0120D2E7EEF7DB
S214017FE0E9FAF8E753F8041B8C42DDD00132D4E7F6
S214017FF00C499200081D01F0F5FCD6E729680948EE
S214018000EEF7BCFC044610B101460948D6E7EEF788
S214018010D1FA2046B6E71120B4E700BF304400206D
S214018020F63904004C410020A93B04007F3B0400C4
S214018030DC3B0400F8B50446FFF73AFE002845D0BD
S214018040234B1A68A24207D821462248013A00F07B
S21401805065FB21242046F8BD1F4800F05FFB25F094
S21401806002FC40F2C1221D492046EEF7A7FC40F271
S2140180700327054625F0F7FB184E65B140F20323AA
S2140180809D421AD02946164800F048FB012415489F
S21401809000F044FBDEE725F0E6FB29463046EEF726
S2140180A0ADFCB84209D040F20123984203D10E48F4
S2140180B000F034FBE1E70546DFE721460B4800F018
S2140180C02DFB2046FFF74CFF0446E0E71124C1E7ED
S2140180D030440020F6390400133C04006C410020B3
S2140180E0333C0400D2DF03006B1104004B3C040058
S2140180F010B50A46044619B1024B00211B68984781
S21401810010BD00BFA482040010B5114C2378580797
S21401811044BF23F0040323702378990705D500F0A4
S2140181205DF8237823F00203237063781BB10023E4
S214018130084A636053600023082106486370FFF70E
S214018140D7FF2378DA0744BF23F00103237010BD5D
S214018150344400203844002038B51A4C627823781D
S214018160022A01D1072B11D0DD0712D523789807F3
S21401817007D400F02BF82378054643F0020323705A
S21401818080B96278237882B15A0716D50025284629
S21401819038BD1BF0D2FE2378054643F00103237059
S2140181A00028E3D0FFF7B0FFF1E7D907ECD5064981
S2140181B062604A6002226270E6E743F004032370BD
S2140181C0E4E700BF34440020384400200122024B7B
S2140181D0002083F8F0207047404400202DE9F0414C
S2140181E00A4C002526464FF0010803272046C4F80E
S2140181F01C80277601351FF03DFE062D04F128046C
S214018200F4D1002386F8F030BDE8F0814044002028
S2140182102DE9F04F984691B00B1E0A93B44B914648
S21401822014BF83469B4600251A9E98F8000070B935
S2140182304D4538BF2A464B464FF000000A9928BFE5
S21401824009F1FF32D847284611B0BDE8F08F25283E
S21401825008F1010806D02A464B460A996C1CD847F5
S2140182602546E2E70023414611F8012B2B2A16D0BA
S2140182700AD8202A16D0232A17D0A2F130000928BE
S21401828034D800270A2418E02D2A05D0302AF4D144
S21401829043F001038846E6E743F00203FAE743F0BA
S2140182A00403F7E743F00803F4E743F01003F1E7AC
S2140182B0884604FB0722A2F13007414611F8012B3C
S2140182C0A2F130000928F3D998F800202E2A52D1BD
S2140182D098F8011008F10102A1F13000092843F4D1
S2140182E080633ED800244FF00A0E11E02A2A08D1F6
S2140182F056F8047B8846002FBCBF43F002037F423A
S214018300E2E70027E0E702460EFB0411A1F1300484
S214018310104610F8011BA1F1300CBCF1090FF2D97F
S2140183209046424612F8011B6C292DD025D86829A3
S21401833033D06A293BD04246904618F8010B67288D
S21401834060D8572836D8452808D084D9462800F062
S214018350188147287FF47FAF43F4006343F020037E
S21401836027E12A2906D156F8044B08F1020824EA27
S214018370E474D6E790460024D3E7742901D07A291D
S214018380D9D143F48073D7E798F801106C29F8D156
S21401839043F4407308F10202CEE798F80110682909
S2140183A002D043F08003C7E743F0C003F2E743F48B
S2140183B00073C1E7A0F158020F2A3FF64CAF01A1A6
S2140183C051F822F0658401005782010057820100AE
S2140183D0578201005782010057820100578201002F
S2140183E0578201005782010057820100658401000F
S2140183F0D185010065840100A785010087850100FC
S214018400A7850100A0F16901C9B20F293FF623AF84
S214018410012249F2410C8A4012EA0C0218D10A29BB
S21401842000F0158107297FF416AF43F02103059369
S2140184300823CDE903431023CDE9012356F8043B75
S2140184402A46009358464B460A991FF003FEA8E0B9
S2140184506F2800F05E8110D9782808D1102223F009
S2140184600C0310E0582839D0622800F054810A2203
S21401847023F01003642806D0F1E769284FF00A02BA
S21401848023F01003F6D1590548BF23F001036928EC
S21401849003F4007101D0642840D111B3073626F0E9
S2140184A00706B24670685AF8081BCDE90773002321
S2140184B00593C30F0028029306940B46049202DA32
S2140184C04B4260EB4000CDE900304B462A46584609
S2140184D00A991FF001FE05465646A6E643F020031C
S2140184E0BCE7D90506F1040A04D5316805E000BFEA
S2140184F0B77E030058060CD53178CDE90224CDE9C4
S214018500047300294FEAD1730193B8BF4942009121
S21401851020E01906E9D5B6F90010EEE779B1CDE904
S21401852007730023CDE9042306F1070A2AF0070A98
S21401853006940293FAE80223CDE90023C5E7D8059D
S21401854006F1040A0DD5CDE90473CDE902240191A3
S214018550336800934B462A4658460A991FF07AFD1F
S214018560B9E7590607D53178CDE904730023CDE97B
S21401857002240193CBE7316813F0800F18BF89B24C
S214018580F2E743F02003CDE90173073626F007062C
S2140185900094B6EC020B4B462A4658460A99ECF76D
S2140185A0F7F8054641E600F0DF00472801D143F41D
S2140185B00063CDE90173073626F007060094B6EC92
S2140185C0020B4B462A4658460A99EBF725FFE8E781
S2140185D013F0020426D04FF0010A6B1C0B932A46B7
S2140185E04B460A9916F8040BD84774B354460B9AAF
S2140185F021E04B4620200A99D8470AEB05020AF1EA
S214018600010A5745F5D83A1E18BF0122002A07F17C
S214018610FF3308BF002307F1010A1D4408BF4FF0CE
S214018620020ADAE7A246E8E7551C4B4620200A99DB
S214018630D8472A460134BC42F6D3A7EB0A0357456E
S21401864038BF00230B9A1A440B920B9DEDE5324678
S214018650002C52F8046B14BF21464FF0FF310B92E9
S21401866032463144107808B1914211D1A2EB060A84
S21401867013F480620C9202D0A24528BFA24613F0E2
S21401868002030D931BD1AAEB05032A460F9308E0BC
S2140186900132E7E7531C0E9320204B460A99D84730
S2140186A00E9A0F9BD318BB42F4D3A7EB0A03574588
S2140186B038BF00230AF101021D4403EB020AAB1B7B
S2140186C00E9304E01C464B462A460A99D8470E9B51
S2140186D0F51816F8010B28B10C9B002BF3D0631E7E
S2140186E0002CEFD10D9B93B12A46AAEB050405E0B9
S2140186F0561C4B4620200A99D84732461319BB42CE
S214018700F6D3A7EB0A03574538BF00231D440B9E3B
S2140187108BE50822A3E60222A1E600BF0FB41FB52F
S21401872006AA52F8043B02A90392009204484FF0AD
S214018730FF32FFF76DFD05B05DF804EB04B070473E
S214018740798103001FB5034600914FF0FF3203A95C
S2140187500248FFF75DFD05B05DF804FB7981030073
S2140187601FB5CDE90201009302A9134603484FF055
S214018770FF32FFF74DFD05B05DF804FB8181030074
S2140187801FB5094B094A1868094B01A91860094B1E
S2140187901360094A0192094A1268CDE902231BF0C7
S2140187A073FC05B05DF804FB1C6100202C3500202D
S2140187B03035002010610020B4720400F04700201C
S2140187C0014B18681BF074BC1C61002038B5F2F729
S2140187D057FA0446064D2B68D3F8B002F2F744FA6E
S2140187E028681BF078FC2046BDE83840F2F73CBA12
S2140187F01C61002010B51F4CF0F706FD236F012009
S21401880023F0070343F002032367F0F70BFDD4F8C8
S2140188102031002023F0070343F00103C4F8203180
S214018820D4F8403123F0030343F00103C4F8403188
S214018830D4F8603123F0030343F00103C4F8603138
S214018840D4F8403223F0030343F00103C4F8403266
S214018850D4F8003223F0070343F00103C4F80032D2
S214018860D4F8083223F0070343F00103C4F80832B2
S21401887010BD00BF00800050064B1B681A7A022A02
S21401888001D81AB97047032A00D070471B68024AFC
S2140188901360704720610020F04700200022024B41
S2140188A05A60DA601A607047F447002008B501F094
S2140188B037FF0022014B1A7008BD00BF8C5B0020F9
S2140188C00A4601491FF0C6BCC19A04000A4601497E
S2140188D01FF0C0BCBC9A04000A4601491FF0BABC8E
S2140188E0B59A04000A4601491FF0B4BCB29A0400C6
S2140188F00A4601491FF0AEBCAF9A04000A46014978
S2140189001FF0A8BCAA9A04000A4601491FF0A2BC9F
S214018910A59A04000A4601491FF09CBCA09A0400CF
S2140189200A4601491FF096BC999A040081F000415D
S21401893002E000BF83F0004330B54FEA41044FEA3E
S214018940430594EA050F08BF90EA020F1FBF54EAD9
S214018950000C55EA020C7FEA645C7FEA655C00F075
S214018960E2804FEA5454D4EB5555B8BF6D420CDD46
S2140189702C4480EA020281EA030382EA000083EAC9
S214018980010180EA020281EA0303362D88BF30BD69
S21401899011F0004F4FEA01314FF4801C4CEA1131BF
S2140189A002D0404261EB410113F0004F4FEA03331E
S2140189B04CEA133302D0524263EB430394EA050FA9
S2140189C000F0A780A4F10104D5F1200E0DDB02FA18
S2140189D00EFC22FA05F2801841F1000103FA0EF2AC
S2140189E0801843FA05F359410EE0A5F120050EF172
S2140189F0200E012A03FA0EFC28BF4CF0020C43FAA3
S214018A0005F3C01851EBE37101F0004507D54FF0AF
S214018A10000EDCF1000C7EEB00006EEB0101B1F5FF
S214018A20801F1BD3B1F5001F0CD349085FEA300045
S214018A304FEA3C0C04F101044FEA445212F5800F50
S214018A4080F09A80BCF1004F08BF5FEA500C50F1ED
S214018A50000041EB045141EA050130BD5FEA4C0CD0
S214018A60404141EB0101013C28BFB1F5801FE9D22D
S214018A7091F0000F04BF01460020B1FA81F308BF50
S214018A802033A3F10B03B3F120020CDA0C3208DD1C
S214018A9002F1140CC2F10C0201FA0CF021FA02F1F7
S214018AA00CE002F11402D8BFC2F1200C01FA02F167
S214018AB020FA0CFCDCBF41EA0C019040E41AA2BF8C
S214018AC001EB0451294330BD6FEA04041F3C1CDA54
S214018AD00C340EDC04F11404C4F1200220FA04F074
S214018AE001FA02F340EA030021FA04F345EA03011E
S214018AF030BDC4F10C04C4F1200220FA02F001FAE0
S214018B0004F340EA0300294630BD21FA04F0294661
S214018B1030BD94F0000F83F4801306BF81F48011FA
S214018B200134013D4EE77FEA645C18BF7FEA655C6D
S214018B3029D094EA050F08BF90EA020F05D054EA3F
S214018B40000C04BF1946104630BD91EA030F1EBF44
S214018B500021002030BD5FEA545C05D14000494148
S214018B6028BF41F0004130BD14F580043CBF01F53B
S214018B70801130BD01F0004545F0FE4141F4700121
S214018B804FF0000030BD7FEA645C1ABF19461046FC
S214018B907FEA655C1CBF0B46024650EA013406BFFD
S214018BA052EA033591EA030F41F4002130BD00BFBC
S214018BB090F0000F04BF0021704730B54FF4806479
S214018BC004F132044FF000054FF0000150E700BFFA
S214018BD090F0000F04BF0021704730B54FF4806459
S214018BE004F1320410F0004548BF40424FF0000146
S214018BF03EE700BF42004FEAE2014FEA31014FEA89
S214018C0002701FBF12F07F4393F07F4F81F06051D7
S214018C10704732F07F4208BF704793F07F4F04BF22
S214018C2041F40021704730B54FF4607401F00045FF
S214018C3021F000411CE700BF50EA010208BF70475F
S214018C4030B54FF000050AE050EA010208BF704750
S214018C5030B511F0004502D5404261EB41014FF4B9
S214018C60806404F132045FEA915C3FF4D8AE4FF0C1
S214018C7003025FEADC0C18BF03325FEADC0C18BFA4
S214018C80033202EBDC02C2F1200300FA03FC20FAF5
S214018C9002F001FA03FE40EA0E0021FA02F1144442
S214018CA0BDE600BF70B54FF0FF0C4CF4E06C1CEA5B
S214018CB011541DBF1CEA135594EA0C0F95EA0C0FCC
S214018CC000F0DEF82C4481EA030621EA4C5123EA3F
S214018CD04C5350EA013518BF52EA033541F480116E
S214018CE043F4801338D0A0FB02CE4FF00005E1FB21
S214018CF002E506F00042E0FB03E54FF00006E1FB6B
S214018D0003569CF0000F18BF4EF0010EA4F1FF04AD
S214018D10B6F5007F64F5407404D25FEA4E0E6D41ED
S214018D2046EB060642EAC62141EA55514FEAC520FE
S214018D3040EA5E504FEACE2EB4F1FD0C88BFBCF57A
S214018D40E06F1ED8BEF1004F08BF5FEA500E50F12B
S214018D50000041EB045170BD06F0004646EA0101F1
S214018D6040EA020081EA0301B4EB5C04C2BFD4EB23
S214018D700C0541EA045170BD41F480114FF0000E1C
S214018D80013C00F3AB8014F1360FDEBF002001F08A
S214018D90004170BDC4F10004203C35DA0C341BDC04
S214018DA004F11404C4F1200500FA05F320FA04F0D6
S214018DB001FA05F240EA020001F0004221F000410A
S214018DC010EBD37021FA04F642EB06015EEA430E7D
S214018DD008BF20EAD37070BDC4F10C04C4F12005AD
S214018DE000FA04F320FA05F001FA04F240EA020060
S214018DF001F0004110EBD37041F100015EEA430E31
S214018E0008BF20EAD37070BDC4F1200500FA05F250
S214018E104EEA020E20FA04F301FA05F243EA0203CF
S214018E2021FA04F001F0004121FA04F220EA0200DE
S214018E3000EBD3705EEA430E08BF20EAD37070BD24
S214018E4094F0000F0FD101F00046400041EB010104
S214018E5011F4801F08BF013CF7D041EA060195F0E6
S214018E60000F18BF704703F00046520043EB0303A0
S214018E7013F4801F08BF013DF7D043EA060370478D
S214018E8094EA0C0F0CEA135518BF95EA0C0F0CD098
S214018E9050EA410618BF52EA4306D1D181EA0301DE
S214018EA001F000414FF0000070BD50EA410606BFD8
S214018EB01046194652EA430619D094EA0C0F02D11D
S214018EC050EA013613D195EA0C0F05D152EA033662
S214018ED01CBF104619460AD181EA030101F0004180
S214018EE041F0FE4141F470014FF0000070BD41F0C9
S214018EF0FE4141F4780170BD70B54FF0FF0C4CF4A3
S214018F00E06C1CEA11541DBF1CEA135594EA0C0FC1
S214018F1095EA0C0F00F0A7F8A4EB050481EA030E0E
S214018F2052EA03354FEA013100F088804FEA0333F5
S214018F304FF0805545EA131343EA12634FEA0222C3
S214018F4045EA111545EA10654FEA00260EF0004184
S214018F509D4208BF964244F1FD0404F5407402D2D6
S214018F605B084FEA3202B61A65EB03055B084FEA67
S214018F7032024FF480104FF4002CB6EB020E75EB64
S214018F80030E22BFB61A754640EA0C005B084FEA8C
S214018F903202B6EB020E75EB030E22BFB61A754609
S214018FA040EA5C005B084FEA3202B6EB020E75EB54
S214018FB0030E22BFB61A754640EA9C005B084FEACC
S214018FC03202B6EB020E75EB030E22BFB61A7546D9
S214018FD040EADC0055EA060E18D04FEA051545EAC8
S214018FE016754FEA06164FEAC30343EA52734FEA71
S214018FF0C2025FEA1C1CC0D111F4801F0BD141EAEA
S21401900000014FF000004FF0004CB6E711F4801F4E
S21401901004BF01430020B4F1FD0C88BFBCF5E06F2E
S2140190203FF6AFAEB5EB030C04BFB6EB020C5FEA3E
S214019030500C50F1000041EB045170BD0EF0004E93
S2140190404EEA113114EB5C04C2BFD4EB0C0541EAC5
S214019050045170BD41F480114FF0000E013C90E6C2
S21401906045EA060E8DE60CEA135594EA0C0F08BF86
S21401907095EA0C0F3FF43BAF94EA0C0F0AD150EA85
S21401908001347FF434AF95EA0C0F7FF425AF104618
S21401909019462CE795EA0C0F06D152EA03353FF440
S2140190A0FDAE1046194622E750EA410618BF52EABD
S2140190B043067FF4C5AE50EA41047FF40DAF52EA91
S2140190C043057FF4EBAE12E74FF0FF3C06E000BF2E
S2140190D04FF0010C02E000BF4FF0010C4DF804CD3B
S2140190E04FEA410C7FEA6C5C4FEA430C18BF7FEAFB
S2140190F06C5C1BD001B050EA410C0CBF52EA430C29
S21401910091EA030F02BF90EA020F0020704710F1A8
S214019110000F91EA030F58BF994208BF90422CBF37
S214019120D8176FEAE37040F0010070474FEA410C30
S2140191307FEA6C5C02D150EA013C07D14FEA430C4E
S2140191407FEA6C5CD6D152EA033CD3D05DF8040BBF
S214019150704700BF8446104662468C4619466346F1
S21401916000E000BF01B5FFF7B7FF002848BF10F1C8
S214019170000F01BD4DF808EDFFF7F4FF0CBF01200D
S21401918000205DF808FB00BF4DF808EDFFF7EAFF89
S21401919034BF012000205DF808FB00BF4DF808ED44
S2140191A0FFF7E0FF94BF012000205DF808FB00BF39
S2140191B04DF808EDFFF7CEFF94BF012000205DF8C3
S2140191C008FB00BF4DF808EDFFF7C4FF34BF0120D0
S2140191D000205DF808FB00BF4FEA410212F50012BD
S2140191E015D211D56FF47873B3EB625212D94FEAE8
S2140191F0C12343F0004343EA505311F0004F23FAD2
S21401920002F018BF404270474FF00000704750EA26
S214019210013005D111F0004008BF6FF000407047E3
S2140192204FF00000704700BF4A0011D212F500123D
S21401923011D20DD56FF47873B3EB62520ED44FEAA8
S214019240C12343F0004343EA505323FA02F0704728
S2140192504FF00000704750EA013002D14FF0FF3066
S21401926070474FF00000704753B94AB9002908BF4C
S21401927000281CBF4FF0FF314FF0FF3000F08CB9D3
S214019280ADF1080C6DE904CE00F006F8DDF804E057
S214019290DDE9022304B070472DE9F04F099D0E4623
S2140192A004460F46002B47D18A429446B2FA82F30F
S2140192B05AD943B102FA03FCC3F120029F409C40F5
S2140192C020FA02F217434FEA1C461FFA8CFE220CC4
S2140192D0B7FBF6F106FB117701FB0EF042EA0742F7
S2140192E0904208D91CEB020201F1FF3702D29042EC
S2140192F000F23C813946121AA4B2B2FBF6F006FB24
S214019300102200FB0EFE44EA0244A64508D91CEBD7
S214019310040400F1FF3202D2A64500F22A8110466B
S21401932040EA0140A4EB0E0400211DB1DC400023FD
S214019330C5E90043BDE8F08F8B4205D90DB1C5E9FB
S214019340000100210846F5E7B3FA83F100294FD161
S214019350B342C0F00281824240F2FF800846002DEF
S214019360E8D0C5E90047E5E7002B40F0AF808A1A50
S2140193704FEA1C4E1FFA8CF70121B2FBFEF60EFBDC
S2140193801620220C42EA004207FB06F090420FD953
S2140193901CEB020206F1FF382CBF4FF001094FF01B
S2140193A00009904203D9B9F1000F00F0DC8046466F
S2140193B0121AA4B2B2FBFEF00EFB102200FB07F756
S2140193C044EA0244A7420FD91CEB040400F1FF3221
S2140193D02CBF4FF0010E4FF0000EA74203D9BEF18D
S2140193E0000F00F0C9801046E41B40EA06409CE7E7
S2140193F0C1F120048B4006FA01FC00FA01FE22FAB4
S21401940004F7E6408A401F4320FA04F34FEA174860
S21401941043EA0C031FFA87FC4FEA1349B6FBF8F040
S21401942008FB106649EA064600FB0CF9B1450ED961
S214019430BE1900F1FF3A2CBF4FF0010B4FF0000BA5
S214019440B14503D9BBF1000F00F0A2805046A6EB50
S21401945009061FFA83F9B6FBF8F308FB136603FB4C
S2140194600CFC49EA0646B4450ED9BE1903F1FF388D
S2140194702CBF4FF001094FF00009B44503D9B9F1EB
S214019480000F00F08280434643EA0040A6EB0C063C
S214019490A0FB028C66454346E14602D307D1C6458A
S2140194A005D2B8EB02036CEB070C0138E1465DB15F
S2140194B0BEEB030266EB090606FA04F422FA01F390
S2140194C0CE401C43C5E90046002133E702FA03FCFF
S2140194D0C3F1200299409C40D6404FEA1C4E20FA28
S2140194E002F21FFA8CF7B6FBFEF00A430EFB10667B
S2140194F0110C41EA064100FB07F68E420ED91CEB21
S214019500010100F1FF382CBF4FF001094FF00009AF
S2140195108E4202D9B9F1000F34D04046891B92B26F
S214019520B1FBFEF60EFB161142EA014206FB07F1FD
S21401953091420ED91CEB020206F1FF382CBF4FF008
S21401954001094FF00009914202D9B9F1000F16D076
S2140195504646521A46EA00410FE7841A66EB0302B2
S21401956001201746FBE6023E624421E702396244C7
S214019570C1E664440238D3E66444023834E7023E66
S2140195806244E6E702386144C8E7023B3E447BE7B3
S21401959002383E445BE700BF704700BF2DE9F04F3D
S2140195A0924685B089461E460D46554A0390294681
S2140195B015F8014B135D13F00803F8D12D2C7CD060
S2140195C02B2C4ED04FF0FF3102936FF00043CDE9C4
S2140195D0001336F0100851D037464FEAE6783A467F
S2140195E04346DDE90001FFF73FFE002383468E4632
S2140195F018461946A44613E0ACF13704A6421FDD0F
S214019600002B09DB83457EEB010305D38E4508BF9E
S21401961083453BD1A24239DA4FF0FF3315F801CB2F
S214019620ACF13004092CE9D9ACF14104192CE3D989
S214019630ACF16104192C03D8ACF15704A642DFDC67
S2140196405A1C2FD0029A12B1404261EB4101BAF185
S214019650000F03D0002B48D1CAF8009005B0BDE832
S214019660F08F4FF0FF30029336F010086FF0004392
S2140196702C7801F10205CDE90003ADD1302C25D0BF
S214019680002E3AD10A27B0463E46A8E700FB08F36B
S21401969007FB0133A0FB07010B44201843EBE471E1
S2140196A00123BBE72223039A1360BAF1000F17D0F8
S2140196B005F1FF39DDE90001CEE74FF000470093E1
S2140196C001232C788D1CCDE9017382E72B7803F0FA
S2140196D0DF03582B0CD086B90827B0463E467EE7F6
S2140196E0DDE9000105B0BDE8F08FCDE90001DFE757
S2140196F010276C7802353E4671E710273E466EE726
S214019700C99A04004AE700BF10B4044C13460A463F
S214019710014620685DF8044B40E700BF5061002019
S21401972010B4044C13460A46014620685DF8044B03
S21401973034E700BF5061002020F0030110F0030061
S214019740C0F1000051F8043B00F1040C4FEACC0CC8
S2140197506FF000021CBF22FA0CF213434FF0010C0B
S2140197604CEA0C2C4CEA0C4CA3EB0C0222EA03024A
S21401977012EACC1204BF51F8043B0430F4D0C2F113
S214019780000102EA0102B2FA82F2C2F11F0200EB04
S214019790D20070472DE9F04780460C4645482646DC
S2140197A014F801EB10F80EC01CF0080CF7D1BEF14E
S2140197B02D0F5BD0BEF12B0F3AD0654633F010006B
S2140197C03ED04FF0FF379A46B7FBF3F703FB07F996
S2140197D06FEA0909002630460EE0AEF1370C634504
S2140197E01DDD002E04DBB84202D833D1CC4531DD75
S2140197F04FF0FF3614F801EBAEF1300CBCF1090F57
S214019800EDD9AEF1410CBCF1190FE6D9AEF1610C00
S214019810BCF1190F03D8AEF1570C6345E1DC731C9C
S2140198201CD005B140420AB1F6B91160BDE8F08717
S21401983033F0100094F800E0654606F10204C0D14A
S214019840BEF1300F17D06BBB0A234FF005091A4F34
S2140198509A46BFE700FB0AC00126CBE72223304623
S214019860C8F80030002AE1D0611EDEE794F800E077
S2140198700125B41CA2E7207800F0DF00582807D0A5
S21401988083B908234FF007096FF060479A46A1E7AE
S214019890102394F801E04FF00F0902346FF070477F
S2140198A09A4697E710234FF00F096FF070479A46D4
S2140198B090E700BFC99A0400999999196AE700BF11
S2140198C010B4044C13460A46014620685DF8044B62
S2140198D060E700BF5061002010B4044C13460A46EE
S2140198E0014620685DF8044B54E700BF5061002034
S2140198F00F4B70B50F4DAB42A3EB050607D0B61064
S2140199000024013455F8043B9847A642F9D80A4D7D
S21401991024F0A6F9094B5E1BAB424FEAA60606D019
S2140199200024013455F8043B9847A642F9D870BD87
S2140199302465002024650020246500202865002079
S21401994070B5860747D0541E002A3ED0CAB20346D9
S21401995001E0013C39D303F8012B9D07F9D1032C13
S2140199602CD9CDB20F2C05EB052505EB054535D9D0
S214019970A4F1100C03F1100E1A462CF00F064FEA54
S2140199801C1CB644C2E90055C2E9025510327245A4
S214019990F8D10CF1010214F00C0F04F00F0C03EBDC
S2140199A0021213D0ACF1040323F00303043313446F
S2140199B042F8045B9342FBD10CF003042CB1C9B20C
S2140199C01C4403F8011BA342FBD170BD6446134639
S2140199D0002CF4D1F9E703461446C0E71A46A4461C
S2140199E0E0E700BF88420ED98B1883420BD900EB03
S2140199F0020C002A6ED0624613F801CD994202F895
S214019A0001CDF9D170470F2A0FD8034602F1FF3C6A
S214019A10002A5FD00CF1010C013B8C4411F8012B9C
S214019A20614503F8012FF9D1704740EA01039B070E
S214019A3051D1A2F1100301F1200C70B523F00F05EE
S214019A4001F1100E00F110041B09AC445EF8105C25
S214019A500EF1100E103444F8205C5EF81C5C44F8DD
S214019A601C5C5EF8185C44F8185C5EF8145CE6450D
S214019A7044F8145CEAD1013312F00C0F02F00F0C1B
S214019A8001EB031100EB031329D0ACF1040C1C1FEE
S214019A908E462CF003064FEA9C0C1E445EF8045BCF
S214019AA044F8045FB442F9D10CF1010402F0030258
S214019AB003EB840301EB840102F1FF3C4AB10CF194
S214019AC0010C013B8C4411F8012B614503F8012F71
S214019AD0F9D170BD704702F1FF3C03469AE7624632
S214019AE0EAE700BF2DE9F04F82468E463F487546AD
S214019AF01EF801BB10F80B4014F00804F7D1BBF1B7
S214019B002D0F5BD0BBF12B0F6FF0004904BF9EF801
S214019B1000B005F1020E33F0100010D1BBF1300F8A
S214019B2004D0002B5ED10A231F4609E09EF80000F0
S214019B3000F0DF0058284ED0002B53D108231F46D3
S214019B400025B9FBF7F6284607FB16980EE0ABF1A1
S214019B50370C63451DDD002D04DB864202D321D17F
S214019B60E0451FDA4FF0FF351EF801BBABF1300CB4
S214019B70BCF1090FEDD9ABF1410CBCF1190FE6D9D7
S214019B80ABF1610CBCF1190F03D8ABF1570C63456F
S214019B90E1DC6B1C0AD004B140420AB1CDB91160B8
S214019BA0BDE8F08F07FB00C00125DDE72223CAF8D8
S214019BB000305AB10EF1FF314846F0E79EF800B08A
S214019BC04FF0004905F1020E0124A4E74846BDE81E
S214019BD0F08F8146EEE710239EF801B00EF1020EDB
S214019BE01F46ADE710231F46AAE700BFC99A040027
S214019BF0242B02D8012B00D074E710B500F02EFA02
S214019C0016230360002010BD10B5242A084C134605
S214019C10246807D8012A05D00A4601462046BDE831
S214019C2010405FE700F01AFA16230360002010BD0B
S214019C305061002010B5242A084C1346246807D822
S214019C40012A05D00A4601462046BDE8104049E7EC
S214019C5000F004FA16230360002010BD50610020B6
S214019C60844641EA000313F0030349D1403A23D363
S214019C700B6803604B6843608B688360CB68C36086
S214019C800B6903614B6943618B698361CB69C3616E
S214019C900B6A03624B6A43628B6A8362CB6AC36256
S214019CA00B6B03634B6B43638B6B8363CB6BC3633E
S214019CB040304031403ADBD230320BD30B68036080
S214019CC04B6843608B688360CB68C360103010318B
S214019CD0103AF3D20C3205D351F8043B40F8043B5A
S214019CE0043AF9D2043208D0D2071CBF11F8013B5E
S214019CF000F8013B01D30B8803806046704700BF24
S214019D00082A13D38B07B1D010F00303AED0C3F1EA
S214019D100403D21ADB071CBF11F8013B00F8013B14
S214019D20A4D331F8023B20F8023B9FE7043AD9D38B
S214019D30013A11F8013B00F8013BF9D20B780370A8
S214019D404B7843708B78837060467047024B0146B0
S214019D5018681AF07FBF00BF50610020024B014611
S214019D6018681AF07ABF00BF50610020CAB3844653
S214019D700B4630B504460843800719D09CF800000E
S214019D800C78A04212D150B3012A28D0E64603E04F
S214019D901CEB030F23D010B31EF8010F11F8014F6F
S214019DA0A2EB0E03A04203F1FF33F1D0001B30BD3E
S214019DB0032A07D8E2E7043A11D01EF0803F0ED1FD
S214019DC0032A10D92068194653F8045BA446A0F16B
S214019DD0013E0434A8422EEA000EECD0CEE7002065
S214019DE030BD10467047A4461946C7E780EA010C05
S214019DF01CF0030F37D110F0030C20F0030021F004
S214019E00030150F8042B08BF51F8043B0ED08CF028
S214019E10030C6FF07F434FEACC0C23FA0CFC51F88D
S214019E20043B42EA0C0243EA0C0300BFA2F1013CE8
S214019E309A4201BF2CEA020C1CF0803F50F8042B1A
S214019E4051F8043BF2D04FEA02604FEA1222012891
S214019E5028BFB0EB036F08BF1B0AF4D003F0FF0363
S214019E60000EC01A704710F0030F0AD010F8012B2D
S214019E7011F8013B012A28BF9A42F4D0A2EB030055
S214019E8070474DF8045D50F8042B01F0030521F0EE
S214019E90030151F8043B022D26D04DD822F07F4510
S214019EA0B5EB132FA2F1013C2CEA020C0DD11CF0EC
S214019EB0803C08BF51F8043B0AD185EA0205B5EBA0
S214019EC0036F0CD150F8042BE8E74FEA13235BE04D
S214019ED03CF07F4C54D10B784FEA126554E04FEAC0
S214019EE0126503F0FF034FE04FEA0245A2F1013C81
S214019EF04FEA15452CEA020CB5EB134F18D11CF0AE
S214019F00803C08BF51F8043B07D185EA0205B5EB52
S214019F10034F09D150F8042BE6E75FEA0C4C2FD12A
S214019F200B884FEA12452FE04FEA03434FEA1245EA
S214019F304FEA134328E000BF02F0FF05B5EB136FAD
S214019F40A2F1013C2CEA020C0DD11CF0803C08BFAA
S214019F5051F8043B0AD185EA0205B5EB032F0AD175
S214019F6050F8042BE8E74FEA13630DE012F0FF0FF9
S214019F7006D051F8043B4FEA122523F07F4303E055
S214019F804FF0000020BC704705F0FF0203F0FF0011
S214019F90012828BF904204BF2D0A1B0AF4D0A2EB69
S214019FA0000020BC704700BF08B5064B044613B13D
S214019FB0002100F0AFF8044B1B6803B19847204618
S214019FC019F0F8F815A101003C49002000230146CC
S214019FD01A46184600F048B8032A30B415D941EAA3
S214019FE0000484460B46A40704D0541E0FE0043A2E
S214019FF0032A08D91946604653F8044B5CF8045BFB
S21401A000A542F4D0F1E760461946541E7AB1431EC4
S21401A0100139021901E09A4209D013F8010F11F82B
S21401A02001CF6045F7D0A0EB0C0030BC7047002094
S21401A03030BC704738B5074D074C2C1BA41005D013
S21401A040013C55F8043D9847002CF9D1BDE838404D
S21401A05023F00CBE2C65002028650020014B1868F3
S21401A060704700BF50610020F0B5264C83B006460D
S21401A0700F46256805B36C681F2C3FDCA6B1D5F8E2
S21401A080880048B3D0F800114FF0010C40F82420A6
S21401A090022E00EB84020CFA04FC4CEA0101C0F823
S21401A0A00011C2F8803010D0631C002002346B60AF
S21401A0B045F8247003B0F0BD13491448216010B16F
S21401A0C00068C1F88800104DD5E7D0F8043143EA9E
S21401A0D00C03C0F80431E7E70D49CDE9002369B167
S21401A0E04FF48470FFF732FE40B100216C68C0E97E
S21401A0F04011DDE90023C5F88800C5E74FF0FF30C1
S21401A100D8E700BFCC4900204049002000000000ED
S21401A1104D9D01002DE9F04FDFF8B49083B0D9F8DA
S21401A120006096B3884601907568D6F888706C1EF4
S21401A1302BD4013507F1800B06EB8505B8F1000F2E
S21401A14026D173682A68013BA3423BD000232B60CB
S21401A150BAB1D6F804A05FB30123D7F80011A34023
S21401A1600B4225D0D7F8040157F8241003422BD10F
S21401A170019890477368D9F8002053451ED1B24222
S21401A1801CD1013C043D631CD8D103B0BDE8F08F5F
S21401A1904FB15BF824304345D3D0013C043D621CEB
S21401A1A0F3D0002FF5D1013CEFD3013CFBD2ECE715
S21401A1B090477368D9F800205345E0D0002AE4D0D0
S21401A1C01646B1E77460C3E708469047D2E700BF7A
S21401A1D0CC490020431E033306D8044B984228BFBF
S21401A1E01846642838BF6420704700BF40420F00FD
S21401A1F038B5194B05461B680C4603B1984744B160
S21401A200236833B11B68013303D0E3680BB1A3683D
S21401A2104BB91EF0DBFC00204FF4C172412100F067
S21401A220FFF9212038BD204602F04AFC00230B4AE4
S21401A23085F83C31C5E93743C2E9003363694BB160
S21401A240074A422110684FF4D272C31A5842584145
S21401A25000F0E6F90020E5E73C4C0020505E0020C7
S21401A260A04C0020F8B5044623F0F1F90026074675
S21401A2700E4B1B6893B19E68AEB196F82420D207A8
S21401A28011D435460FCC0FC50FCC0FC523682B60F4
S21401A29096F8243043F0010386F82430384623F03C
S21401A2A0D1F93046F8BD1B68E4E700BFA461002081
S21401A2B010B5044618B9054B054A136010BD00F0E9
S21401A2C0D9FCD4F8E830002BF6D1F4E77783030005
S21401A2D0A0610020014B1868704700BF505E002047
S21401A2E008B502460868FFF775FF08604868FFF77B
S21401A2F071FF48608868FFF76DFF8860C868FFF7E0
S21401A30069FF0B69C860581C03D00B48834228BFFD
S21401A31003460B614B69581C03D00748834228BF8C
S21401A320034688694B61FFF755FFBDE80840886121
S21401A330104601F07BBC00BF40420F00D0F8E03071
S21401A3402DE9F04105460C4613B1C38D8B424CD026
S21401A350D5F8DC30002B4BD09E68002E48D0D8684C
S21401A360002845D0013800B200281ADB002106E09B
S21401A370128A591CA24217D209B2884211DB0B1865
S21401A38003EBD3735B1003EBC30206EB8202B2F856
S21401A3900EC003F1FF3EA445EAD90FFA8EF08842BB
S21401A3A0EDDA2120BDE8F0814FF6FF7299B29142B5
S21401A3B0F7D09BB203EBC30306EB83062846B6F938
S21401A3C0122095F83011D5F8F080EFF745FA0746D8
S21401A3D0B8F1000F04D00023324628461946C0477C
S21401A3E0EC85C5F8E06085F839710020BDE8F0819C
S21401A3F00E20BDE8F08100BF2DE9F04782B004468B
S21401A4000F46164601F086FE002863D14F4D2B6895
S21401A410D4F8DCA0D4F8E0800BB1534576D04FF0E9
S21401A4200009AF6001F09EFE0128074665D120466F
S21401A4301EF00BFB002851D12B68DAF80010D8F873
S21401A440002013B1186888426BD020461EF0AFFA80
S21401A450C5E900A8D4F8F0508DF80760002D67D044
S21401A4600022204611460DF10703A847204600F0BA
S21401A470EDFF0546B9F1000F0FD076B9D4F88C3050
S21401A4800BBB012F05D025B1314B002103205B68A2
S21401A4909847284602B0BDE8F087B5FA85F040F245
S21401A4A007523321400900F0BBF83146204601F03F
S21401A4B00BFA284B05461B68414620469847D4F8B8
S21401A4C08C30002BDDD000224FF40073204600F0C4
S21401A4D0E1FBD6E700231D4D6B6098E794F8253025
S21401A4E0DA07A9D5D4F894305B05A5D51A4B012215
S21401A4F0002120461B6898479EE70021012000F0B6
S21401A50001FC01F02FFE0128FBD190E76B68002BC0
S21401A51085D0434583D1AB689F4215D04FF00109E2
S21401A5207FE7696811B10968914291D059688CE753
S21401A53094F82A1094F839313246994228BF1946C0
S21401A540204600F0D1FE91E70025A2E7505E0020EC
S21401A550AC610020A0610020404C0020F8B50F46F9
S21401A560054623F074F8394606462846FFF7E6FE08
S21401A570044620B1304623F065F82046F8BD01F0C8
S21401A580A7FD224639462846FFF736FF044600282F
S21401A590F0D128461EF059FA0028EBD095F8253060
S21401A5A013F001030DD0D5F8942052050DD5B5F85A
S21401A5B02A21BA4205D0B5F82C31DB1BB3FA83F356
S21401A5C05B09034A82F8C430D4E72346F9E700BFA3
S21401A5D0001E00B013B5044669461DF0FAFF20467A
S21401A5E01EF03EF9FF28024606D020469DF80010D0
S21401A5F0EFF7B0F902B010BD0048FBE70080FFFF9F
S21401A60038B5044D044C054B286021601A6022F0D1
S21401A61073FC38BDD04B0020A8610020D44B00202D
S21401A62010B550B90548064B016006480260186827
S21401A630054B18601868FFF7E3FF10BDA8610020FE
S21401A6402C4D0020D44B0020D04B00202DE9F041AA
S21401A6508AB001AC05460B462746194A02F1200C82
S21401A660264610685168083203C662453446F7D15B
S21401A670002B08BF3B46002710681C463060384652
S21401A68003F10C0690B95FFA87F8424628462188FE
S21401A6901EF0DEF950B942462846E1881EF0E9F977
S21401A6A020B94246314628461EF0F5F90137032FF8
S21401A6B006F1080604F10204E4D10AB0BDE8F0810F
S21401A6C0EC9B0400F0B589B005460E461EF0F2F983
S21401A6D0044600BB01AC06F10C070FCF0FC497E888
S21401A6E0070084E8070001A92846FFF7F9FD284678
S21401A6F0311D1EF0B9FB044648B92846074901F04A
S21401A70057FA044618B9284601F0C6FD04462846FD
S21401A7103168FFF79BFF204609B0F0BDE49B0400BB
S21401A72001491DF0A9BF00BF69C2010070B5164EF0
S21401A730032804460D4633781ED023FA04F202F0AD
S21401A7400102AA421DD053B10122A240A54023EA2C
S21401A75002032B43DBB233704BB1012070BD2DB128
S21401A7600A4B01201B6898473378EDE73570074B95
S21401A77000201B689847F0E79A07DED003F0FC0339
S21401A780E9E7002070BD00BF8D5B0020144C00205F
S21401A79038B504460D4605F077FD60B101F0C6FCFC
S21401A7A048B9012D07D801201EF02FF90D4B1B6863
S21401A7B023B15B6898470C4B1C7038BD23F09EF89C
S21401A7C00A4B1A68801A186021F010FD4FF47A724D
S21401A7D0074B1B6802FB00301DF04CFF012001F007
S21401A7E0ADFCE8E7384C0020EE6400200C4C00205D
S21401A7F0104C0020F8B505460C4622F028FF104FF5
S21401A80006463B7833B1012D04D01CB90D4821F022
S21401A8103FFC3C7021462846FFF788FF0A4B04465A
S21401A8201B783BB93B782BB91EF0E3F810B1074B08
S21401A8301B689847304622F005FF2046F8BD00BF4A
S21401A8408E5B0020E84B00208D5B0020AC61002071
S21401A850054A0B46117831B100211170034A0121D6
S21401A86052681878104770478E5B0020AC61002054
S21401A870124B0239012910B518701ED805F004FDD7
S21401A880D8B101F053FCC0B101F034FAA8B90C4BB1
S21401A8901C6834B123689847BDE8104000201EF0BC
S21401A8A0B4B81DF0E5FE074B186023F027F8064BF9
S21401A8B01860204601F042FCEEE710BDEE64002071
S21401A8C0384C0020104C00200C4C002038B50446B3
S21401A8D080B122F0BCFE01210446084621F07CF836
S21401A8E001210B4A08461AF089FA2046BDE838408D
S21401A8F022F0A8BE22F0ABFE05462146012021F03B
S21401A9006BF801202146024A1AF078FA2846EDE74C
S21401A91098730400F0B585B022F099FE344D0446D4
S21401A9202B7823B1334821F0B3FB002852D121F014
S21401A93039FC02AA03A91EF046F80346002838D0BF
S21401A9401EF055F8029B98421CD100202A4B039911
S21401A9501B682A4E9942307020D90027C91A012354
S21401A96024482B70264A3346CDE9007722F0A2FF11
S21401A970002837D1234A1378D90701D53178F9B1A0
S21401A980204611E01EF031F8029B984228D00023A1
S21401A99018461949194A0968137003910121FFF7EE
S21401A9A0C5FE002320462B7022F04CFE002005B089
S21401A9B0F0BD20462B7022F045FE212005B0F0BDEB
S21401A9C003F0FE031370002BDAD10F4B1B68984778
S21401A9D02046E9E7204622F035FE0E2005B0F0BD00
S21401A9E00220B3E7032320462F703370F3E700BF3E
S21401A9F08E5B0020E84B0020084C0020ED64002010
S21401AA0051A801008D5B0020144C002038B522F0BF
S21401AA101EFE0F4D04462B789BB90E4A0E49137045
S21401AA200E4B0F4A0F481A600F4A5A60F0F7BEFBEA
S21401AA300E490F48F0F7BAFB0E4B0F4A1A60012376
S21401AA402B70F0F7BDFC204622F0FCFD002038BD3F
S21401AA508F5B00208E5B0020109C0400AC61002000
S21401AA6015A90100D84B0020F5A70100189C040089
S21401AA70E04B0020144C0020CDA801002DE9F04346
S21401AA808F7880460F2F0C4685B003D9212005B05C
S21401AA90BDE8F08327B90123374A00201370F6E793
S21401AAA00D784E78EDB9002EF0D194F90310E088B8
S21401AAB003F00AF82128E9D055EA0603A088DFF852
S21401AAC0C89013D003F064F84FF60403B9F80020D9
S21401AAD001469A424BD1AE42334638BF2B4600263A
S21401AAE02DE0082DD2D8082ED0D8DEE703F050F896
S21401AAF04FF6040501464FF60500204A136E9BB239
S21401AB00AB4208BF0346B1F5803FA9F800300FD924
S21401AB1002230825136680230126C2F880302B46BF
S21401AB2049084FF6FF720139914228BF114608E0E5
S21401AB308023012608251666C2F880302B46002998
S21401AB40EFD1002202920122013FFFB2009201974B
S21401AB502A4608F1F80002F0B7FE1EB14FF4801243
S21401AB60074B5A65074BA2681A60022394E703480D
S21401AB700266A9F80030AEE7905B002000C001B87D
S21401AB8000D001B8204C00207264002010B50446A5
S21401AB90D0F818210B4B4FF40061C3F8A82090F8A9
S21401ABA02420D20102F4006205F0D2FA94F824308F
S21401ABB013F0100F4FF4007314BF034A034A1367D0
S21401ABC010BD00BF001E00B0001002B8002002B881
S21401ABD0431C07D06FF0FF02034B10401A62A3F527
S21401ABE080531862704700BF00E000B8F8B504460D
S21401ABF00F46164622F02BFD0546A047044620B117
S21401AC00284622F01FFD2046F8BD04F07FFC0422F2
S21401AC100549D1F8D83E23EA07033343C1F8D83EA5
S21401AC20024B1A67ECE700BF001000B0002002B824
S21401AC3000F01803182B0AD003070AD440F20113B8
S21401AC4010F0100018BF1846034B18657047002017
S21401AC50FAE70120F8E700BF001F00B0044B1868B0
S21401AC60830654BFC0F30F204FF6FF70704700BF36
S21401AC70084D002038B10368044A002B08BF13466C
S21401AC80034A13607047014BFAE700BFBF86030013
S21401AC90B861002010B4D0E9544122400B4052EA7A
S21401ACA0030104D003495DF8044B096808475DF8C1
S21401ACB0044B7047B86100200F2938B505460C468D
S21401ACC00ED801F04FFA01280CD1074A2846D36B5B
S21401ACD023F00F032343D3631DF0FBFE002038BD92
S21401ACE02120FCE70220FAE7001F00B0014B186C98
S21401ACF0704700BF001F00B0014B00201964704769
S21401AD00001F00B003282DE9F347884655D82C4B81
S21401AD1013F800902B4B1E5C2B4B13F800A022F06F
S21401AD2096FC074604F03EFB054640B10023002290
S21401AD30CDE9003301200023002104F079F904F065
S21401AD4039FB48B100230022CDE90033002000235F
S21401AD504FF4004104F06CF96EB31C4BDC6C04F04C
S21401AD6008041B4B3146DC64484604F02DFC524671
S21401AD703146484604F092FC164BDC646DB1164B26
S21401AD801868D0F89410F83003F06EFA1349086882
S21401AD90FFF71EFF4FF0FF330B60B8F1000F04D032
S21401ADA00F4B002103205B689847384602B0BDE888
S21401ADB0F04722F047BC3446D3E702B0BDE8F0873F
S21401ADC0289C0400249C0400209C0400004000B839
S21401ADD0006000B8005000B82C4D0020B46100207F
S21401ADE0AC6100200F4A136F13F0A00F15D1506FFE
S21401ADF010F0040013D10C4BD3F8D83E23F07F4358
S21401AE0023F0FF035BB1D368C3F30362092A07D0BB
S21401AE10B2F10C0018BF01207047002070470120D6
S21401AE20704700BF000002B8001000B070B50D46B4
S21401AE30064620B91A4B1B68A3B10E2011E001F09B
S21401AE4091F9012829D1174B93F90040C4F11C044C
S21401AE50641BC4F11C03002BB8BF5B42232B0CDD23
S21401AE60212070BD81EAE173A3EBE173DBB2232BF2
S21401AE70F6D80C4B19700020F3E786F8285022F01C
S21401AE80E6FB094AE402D36904F4FF2423F4FF2312
S21401AE901C43D46122F0D6FBEDE70220E1E700BFB8
S21401AEA02C4D0020915B002000C000B818B9034B60
S21401AEB093F90000704790F928007047915B0020D5
S21401AEC010B504461DF0C1FD10B1012001F0D4F902
S21401AED02046FFF75BFE22F0BAFB0A4A0121D2F8B0
S21401AEE0A030044623F02003C2F8A0300222064B0D
S21401AEF008469A60054B5B689847204622F0A2FBFD
S21401AF00002010BD001E00B0001002B8AC61002089
S21401AF10064B5A6A920207D4D3F8803013F4706F46
S21401AF2014BF01200020704701207047004001B87F
S21401AF30F8B50E46D0F8943002EA010423EA01037C
S21401AF402343C0F89430464A01F00B0323EA040178
S21401AF50D1642340A2F58052D3647207054610D50A
S21401AF600121FFF7D5FF60B104F0D0FA4FF400736A
S21401AF7014F0040F14BF3B4A3B4A536204223B4B76
S21401AF801A67F30606D514F0100F14BF00221B2211
S21401AF90374B5A6537061DD5200616D54FF40012D5
S21401AFA0304B1A62012203F58053C3F8002122F0C8
S21401AFB04EFB0E210746032003F09EF840F20122C5
S21401AFC02B4B3846DA6222F03DFB214605F1F800AC
S21401AFD003F04AF9F10503D5E2052AD503F05CF83A
S21401AFE0B30503D5A70527D503F062F816F48C6FD1
S21401AFF01DD014F4806224D095F82530DC070CD5DA
S21401B000EA8DB5F82A31934219D0B5F82C31981A41
S21401B01043424341174A82F8C430D5F8E410284623
S21401B0201DF04EFB8022144BD864144B1A6100208D
S21401B030F8BD03F02BF8D3E703F034F8D6E7012385
S21401B040E8E77105E9D595F82530DB07E5D5094B25
S21401B050114683F8C4200A4B28461B689847DCE74C
S21401B060006000B8005001B8006001B8002002B8C6
S21401B070004000B8001E00B0001F00B0000002B87B
S21401B080404C0020014B1868704700BF2C4C002034
S21401B09037B522F0DCFA002401230022CDE9003482
S21401B0A0002305461946104603F0C2FF022002F0AF
S21401B0B0E7FA064B21461C60054B02205B68984761
S21401B0C0284622F0BFFA204603B030BD344C00209B
S21401B0D0AC6100202DE9FF4102290D46164698462F
S21401B0E0039004D1FFF7D4FF04B0BDE8F08122F04D
S21401B0F0AEFA1E4F04463B683BB1B34205D022F080
S21401B100A1FA002321203B60EEE7194B0022C3F889
S21401B11000803E60002301264FF0000810461946C5
S21401B120CDE9006603F084FF124B022083F800800D
S21401B13002F0A6FA43462A46022003A902F0BEFA06
S21401B1400D4B039A1A6008B92046D8E70B4D2B68B9
S21401B1509847212804D0204622F074FA0020C3E73D
S21401B16031466B6802209847F5E700BF344C002053
S21401B170304C0020935B00202C4C0020AC6100205A
S21401B180044B5B6E5B054EBF0120034B187800F045
S21401B1900100704700C001B8935B00200A78022ABC
S21401B1A011D0101F4242424152004B781201022B2D
S21401B1B00BD0191F4B424B415B000549054842EA3B
S21401B1C08312FFF713BD0122EFE70123F5E700BF66
S21401B1D0F0FFFF00ADC101000B78022B10D0181F45
S21401B1E0434243415B004A78022A0BD0111F4A4270
S21401B1F04A4152000F21044843EA8202FFF7F6BC97
S21401B2000123F0E70122F5E7D9C101002DE9F84352
S21401B2100E780446042E0D4690F830810BD1002797
S21401B2205FFA87F9484601F07DFD08B14E4602E017
S21401B2300137042FF4D1304601F074FD002849D0BF
S21401B24094F83031B34209D1AA88D4F8A8309A428A
S21401B25004D16A88B4F832319A4238D084F8306121
S21401B260AB883046A4F834316B88A4F83231AB8809
S21401B27004F59875C4F8A830FF2384F82B301DF028
S21401B280D9FC84F82A00284601F078FC18BB284629
S21401B29001F03EFDF8B9D4F8E03053B194F830111E
S21401B2A0414506D02046B3F91220EEF7D5FA84F8C8
S21401B2B03901204601F09AFE0949A4F83401012318
S21401B2C0084AD1F8FC1004F1F80003F0AFFC0020A6
S21401B2D0BDE8F88321200C2384F83031F8E700BF5D
S21401B2E0001F00B0581F00B0F8B5054690F83001B1
S21401B2F00C460C28164623D0FF2923D01AB14FF04E
S21401B300FF32114B1A601DF095FC074695F8300187
S21401B31001F068FD844228BF0446E4B2BC4238BF4F
S21401B3203C46E0B285F82B0001F002FEFF280CBF78
S21401B3302124002416B9284601F068FD2046F8BDF0
S21401B3400224FBE72124F9E7BC61002010B590F840
S21401B350303104460C2B43D0D0F8E03080F82A1068
S21401B360D3B3D0F8F020CAB990F839318B421BD349
S21401B37000222046FFF7B8FF40BB1A4B1B78022B72
S21401B38023D8204601F032FE17490123174AD1F887
S21401B390FC1004F1F80003F049FC16E0B0F9422075
S21401B3A0B3F912309A42E3DD0022204694F83911AF
S21401B3B0FFF79AFF50B9C4F8E00020461DF083F865
S21401B3C04FF6FF739842014601D1002010BD20467A
S21401B3D0BDE81040FFF7C2B8FF2380F82B30F4E732
S21401B3E00220F3E776640020001F00B0581F00B06B
S21401B3F0F0B51D46144B04461B780F46164685B01D
S21401B4005BB1D0F8E030E3B102AAB3F91230009292
S21401B410002218F055FC05B0F0BD02A91DF0D9F8C0
S21401B4209DF808103A462046EEF716FA014626B968
S21401B4302A462046FFF758FFEDE72046FFF786FF2E
S21401B440E9E71846E7E700BF42750400D0F89C30EC
S21401B450012B01D10020704770B5044665498CB0B8
S21401B4601DF01DFCD4F8E0600146E58DC4F8E4004B
S21401B47026B1336813B15B68002B71D122F0E7F86F
S21401B48022F0E0F80123D4F8E4108DF80630B389F1
S21401B490D6E90120EB1A9BB200FB03225648ADF811
S21401B4A00430036800928B4207D020461DF008F94D
S21401B4B080225249524BC8641A61514D00F052FE27
S21401B4C00128FBD1AB689E06F8D420469DF80620DD
S21401B4D0009906AB03F0E6F800283ED100F042FEE4
S21401B4E00128FBD1464A136FD801FCD4936899060C
S21401B4F0F9D4684606A903F08DFA054668BBE28DC5
S21401B500404B5A6494F8243060F3410384F82430A5
S21401B51000F0EEFFD4F8E0305969431E0E68DBB246
S21401B520FD2B029622D9F31C34D84B68FF280393CF
S21401B5305ED10126DA1C25D8024602A920461DF056
S21401B540D7FAE6B9D4F8543199053FD494F82430A3
S21401B55043F0020384F8243011E002200CB070BDE1
S21401B5601A68032A8AD99B6A5B0E8EE74B68012804
S21401B5700393DED00246204602A91DF0B9FA002048
S21401B5800CB070BD0133204B5B6816D0DA1C23D893
S21401B5900393D1E71C4B01361B6818BF0126DD1C3F
S21401B5A006D802934B68FF280393C3D00020C3E755
S21401B5B0FF284B6819D00393C3E7DD1C0FD802465A
S21401B5C0204602A903931DF093FABBE720464FF4E9
S21401B5D080311DF015FCD2E7FF28B2D1E6E7FF283F
S21401B5E0B0D10022204602A9EDE701200393A1E78E
S21401B5F02A46C0E7FC1F00B01C4C0020001F00B00C
S21401B600000002B8008001B8C461002010B50C46E5
S21401B61019B11DF01AFA00B10434204602F0B8FA46
S21401B620024B4042C3F8C80E002010BD001000B007
S21401B630838E70B593420C4615461CD3836C8B42A1
S21401B64008BF002422F003F84FF49C530B4906462A
S21401B650CA68C2F30362D340DA0702D50B6F9B03B5
S21401B66004D401222946204601F016F8304621F07E
S21401B670E9FF002070BD2120FCE700BF000002B8F2
S21401B6802DE9F84F064615460B4611B92120BDE8AF
S21401B690F88F002AFAD0032905D8002201F05EF9B6
S21401B6A003460028F2D01C889978B4F5804F01F043
S21401B6B0070080F0C580A0F1070C1A7993F805A061
S21401B6C0DF88DCF1000343EB0C0305282B7394BFE2
S21401B6D00023C1F30013C1F3801C6B738B0985F83B
S21401B6E010C003F00203C1F3C00C43EA0C03C1F31C
S21401B6F040116B74A974AF82002A40F0828096F8DC
S21401B7001E31013BDBB2EB74D6F89430DF0600F154
S21401B7108380063801287FD8B6F81280F76908F1C9
S21401B720FF38484B083C04EA08045B6D3B5D013476
S21401B730802B0EBF6FF07F03323B5BB2AB730023EF
S21401B740AB6096F8279004EA0804B9F1000F61D1BE
S21401B750631D03EA08035A1C02EA0802BA5CFB5C92
S21401B76043EA0223D9040FFA83FB4CD5D6F8E4301A
S21401B77013B11B68022B05D841F24D724C210020F3
S21401B780FEF74EFFD6F8E420CBF30B0392F8242005
S21401B790DB000AB1B3FBF2F39A4508D83BB1CAEB1A
S21401B7A00A2ABAFBF3FA6FEA0A0A5FFA8AF9D6F8A6
S21401B7B0EC3023B1484695F90E1098478146631C34
S21401B7C085F80F9003EA0803F95C013303EA0803DE
S21401B7D0FA5C013303EA080341EA0221FA5C013309
S21401B7E003EA0803F85C41EA0241002341EA0061EA
S21401B7F06A7C304603F0D8FA06232860AB71002035
S21401B80045E7531E7EE717F804904FEA49095FFAA9
S21401B81089F9CCE79946D2E700230020EB730A4B5F
S21401B8205A69C2F30723120448BF63F0FF035AB2F2
S21401B83012F1800F1CBF323B5AB2AA730346DCE7F3
S21401B840022024E7004000B800C000B838B51488CC
S21401B85011F003054FEAC40422D13F2C20D9B4FAD3
S21401B86084F4C4F11903DBB2052B01D8192C15D0C9
S21401B870052B28BF052301240633DBB29C40C4F305
S21401B880CF03138003828161448700F02DFF054AB0
S21401B890631E2343C2F8A430284638BD2B46EAE788
S21401B8A02125F9E7001E00B011F5004F1FBF01F377
S21401B8B00E01044BC1F30E01002014BF9964212030
S21401B8C0704700BF008001B8F8B504460E4619B9A6
S21401B8D090F824305A063FD44FF6FF73618ED4F8A1
S21401B8E0E470994204D0314B1B680BB1204698474F
S21401B8F02F4D2B68BB424DD02E4B1B683BB11FB161
S21401B9003A68002A48D0BF68394620469847072734
S21401B910204601F06BFB002E32D006270126264B6F
S21401B92094F9282093F900302449C3F11C039B1A8B
S21401B930CA69DB0222F4FF2203F4FF231343CB611F
S21401B940D4F8E4301E4A2B601E4B976720461E70C3
S21401B9501DF0BFF80020F8BD4FF6FF71144DD0F86A
S21401B960E4702A6866F386139742418680F824308D
S21401B97017D0104B1B68002BC1D101F037FB0727EE
S21401B98011493B46114AD1F8FC1004F1F80003F0C6
S21401B9904DF9C2E70127BBE71746204639469847C7
S21401B9A0B5E701F023FB0127EAE700BF284C00209A
S21401B9B01C4C0020244C0020915B002000C000B8E5
S21401B9C0006000B8925B0020001F00B0581F00B056
S21401B9D0054A12681AB190F81E1119B9104708469F
S21401B9E002F0AABB01487047184C002000FEFFFF7A
S21401B9F0344B2DE9F7431C6801F4007900F001038C
S21401BA00174653EA090206460D4635D04FF00008A0
S21401BA103BB30023002200210120CDE9008803F07A
S21401BA2007FB042001F02CFE41462046FFF7D0FF1D
S21401BA3001224146208610461CF0F7FCD4F89410EB
S21401BA4004F1F80002F010FC1F490868FFF7C0F87F
S21401BA504FF0FF330B6094F8243043F0040384F86E
S21401BA602430B9F1000F07D0012120461DF0C8F996
S21401BA7025F4007506430D432B4632462046FFF754
S21401BA8009F9FB070FD51149114A08680021136807
S21401BA90116001210F4A117003B198470E4B002126
S21401BAA002205B68984717F00E0F08D04FF4097212
S21401BAB03B21002003B0BDE8F043FEF7B1BD03B063
S21401BAC0BDE8F0832C4D0020B4610020304C0020EE
S21401BAD0344C0020935B0020AC61002008B548225E
S21401BAE000210248FDF72CFF002008BDDC1E00B037
S21401BAF073B578216422A0F8141182210C23C0E9C1
S21401BB004112C0E94322C0F8002107224FF0FF3559
S21401BB10002680F830314FF6FF730446C28700F1E5
S21401BB204C0282641E4AC385A0F8403080F82C304F
S21401BB3043864263038780F82860C0F8A85045858D
S21401BB4080F8265003F03EFC2046FFF7C7FF94F925
S21401BB5028102046FFF76AF9602340F6FF71114A64
S21401BB602046D36402F11C42D162D1650E4A2946B1
S21401BB70D36440220D4B1A67D4F89420FFF7D8F906
S21401BB800E230022CDE9003340F202231046194667
S21401BB9003F04EFA01F0E2F8304602B070BD00BF85
S21401BBA04000FFFF004000B8005000B8002002B877
S21401BBB010B50C46FFF792FFBCB1A378082B16D838
S21401BBC0E278082A13D843EA021313F0FF030CBFE6
S21401BBD019466168074AC2F8DC10217882F82011FC
S21401BBE0617882F8233182F82111002010BD2120CE
S21401BBF0FCE700BF001E00B0012A10B512D8032BC7
S21401BC0010D803EB82020123074C934094F82201DB
S21401BC10DBB221B10343002084F8223110BD20EAB3
S21401BC200303F8E72120F9E7001E00B0034670B5CC
S21401BC300C68B0F83421013408BFD3F800418D6890
S21401BC4008BF0C604C68F830013404BFD3F80C41CF
S21401BC504C606E1C3CD1D3F80841CE688C60751CD4
S21401BC603CD1D3F804510E69CD60013604BFD3F838
S21401BC70F8600E614E69013604BFD3F8FC604E6170
S21401BC808E69013604BFD3F810618E618E695EB38A
S21401BC905A32B24238BF32460E688A6116B15A2EFF
S21401BCA038BF5A26C3F808414C68C3E94065C3E962
S21401BCB043420A69C3F8F8204A690C49C3F8FC20D4
S21401BCC0D1F8FC1007230A4A02F0B0FF002070BD2D
S21401BCD002F15A04AC4238BF2C46BEE702F17805A1
S21401BCE0B54238BF3546BEE76422D5E7001F00B02F
S21401BCF0581F00B070B521F0AAFC04460B4E00F0A8
S21401BD0031FA012805D0204621F09CFC0225284660
S21401BD1070BDF36813F0706FC3F30365EFD1B36AB8
S21401BD20DB06ECD5204621F08DFCF0E7000002B8DA
S21401BD3038B521F08CFC4FF6FF710A4A13888B4206
S21401BD4003D121F07FFC0E2038BD074C074D1B04A4
S21401BD506566A4F580546366118021F073FC0020AB
S21401BD60F2E700BF74640020006001B80000FFFF26
S21401BD702DE9F74304460F4615461E46FFF732F8EF
S21401BD8030B3A38A23B320461CF065FC78B9002E95
S21401BD9040F0F280794BD3F8D83E03F03002102AF7
S21401BDA000F0EA8003F0C003402B00F0E580DFF8E6
S21401BDB00082D8F81430D90740F1DE8021F047FC24
S21401BDC00646032001F058FD30B1304621F03AFC1A
S21401BDD0022003B0BDE8F083D8F8142012F006085C
S21401BDE0F3D1304621F02EFC644B4FF4006120461F
S21401BDF0D3F8D89ED3F8AC6E04F0BEF940B14FF438
S21401BE00007201215E4B08461A6742461CF00DFB84
S21401BE1094F82530DA0707D5D4F894305B0542BF8D
S21401BE204FF40022574B1A6739462046FEF796FB19
S21401BE30524BC3F8D89EC3F8AC6E0028C9D194F80B
S21401BE402430980601D4002D57D0C5F3400003F0E6
S21401BE5023FB022315F4807F1BBF0021494A484A71
S21401BE60136717BF484A13675161136303F04EFB0C
S21401BE704FF4806315F0040F14BF444A444A15F08A
S21401BE80400F53624FF004023D4B28461A674FF0AD
S21401BE90400314BF3F4A404AC2F88830FEF7C8FE46
S21401BEA020461CF002FD38B14FF4807315F0010FE7
S21401BEB014BF344A324A1367A90647D54FF6FF72B4
S21401BEC0B4F8403093420FD0344A3549526E100CC4
S21401BED0C2F301120132B3FBF2F308802B4A2C495C
S21401BEE030481B0448665366003D18BF012594F888
S21401BEF0243065F3451384F8243020461CF0A5FD54
S21401BF00F0B120461CF0D1FCD0B14FF400312046F0
S21401BF1004F032F9431C03229BB2234801A91CF00A
S21401BF204CFE9DF8042002F00703052B9DF8053012
S21401BF3015D112070DD443F480731C4AC2F8B830E9
S21401BF40002003B0BDE8F0431CF044BEFFF7F0FE4E
S21401BF50CAE713F0040F09D19DF80630EBE703F0AA
S21401BF603002202A05D113F0010FF4E74FF4807355
S21401BF70E3E79DF80630E0E70E202AE7001000B060
S21401BF80002002B8001002B800400054005001B86A
S21401BF90006001B800D000B800E000B8004001B869
S21401BFA0746400200000FFFF08400054001E00B02B
S21401BFB000C001B82DE9F3410646884615461F46DE
S21401BFC021F045FB0446032001F056FC38B120461B
S21401BFD021F038FB0E24204602B0BDE8F081042093
S21401BFE001F04AFC0028F2D1204621F02BFB012368
S21401BFF02A4641463046FFF7BBFE04460028EAD1F2
S21401C000DFF8C8805FB388F8000039463046FEF78F
S21401C01035FD00284CD198F80030012B1CD0202289
S21401C020244B1A67244BDB6CB3F5817F1FD20120AA
S21401C0301CF011FE21F00BFB204B06461B680193FA
S21401C040CBB901F093FC15F0800526D101F0E0FC98
S21401C050284603F0F5F925E003F008FABBE798F85F
S21401C0600030012BF8D0002BD9D12124B3E7802250
S21401C070134B1A61DBE7042001F002FB00230122C7
S21401C080042001A901F01AFB0028DAD103F056FAC0
S21401C0902124304621F0D6FA9DE70022094B9A6703
S21401C0A001F0B6FC084B01215B6800209847F0E7D9
S21401C0B0044690E7001002B8001F00B0204C002094
S21401C0C0000002B800C001B8AC610020905B0020FF
S21401C0D008B50C4BD3F84C114B1C12D011F0804113
S21401C0E00FD1094B1B6813B10320FEF70BFE4FF06F
S21401C0F080624FF40071054BDA67054AD16201226E
S21401C1005A6108BD0080E00F2C4D0020001002B8D7
S21401C110004000B84FF40022034B186F03F500539C
S21401C1201A67C0F3C0407047000002B8024B586956
S21401C13000F00100704700BF00C001B8084B5A6903
S21401C140D10707D508B901F077BA5B69DA0706D4D3
S21401C15001F064BA5B69DB0701D40028F8D17047A7
S21401C16000C001B80F4BDB68C3F30363013B0B2B25
S21401C1700FD8DFE803F006060C06060606080A08CE
S21401C18008080220704704207047052070470320E6
S21401C1907047054B5B6913F0060F0CBF01200420A6
S21401C1A0704700BF000002B800C001B8094AD36852
S21401C1B0C3F303630B2B08D06FF49050184100F0C3
S21401C1C0010080F0010040007047106F10F48030CD
S21401C1D0EDD17047000002B80C4AD368C3F303637D
S21401C1E0062B07D8042BD8B20BD8C31E5842584189
S21401C1F040007047072B06D1D2F830010028ECD159
S21401C2007047022070470020704700BF000002B848
S21401C210094BDB68C3F303639A1E012A8CBF002215
S21401C2200122012B02701EBF4FF4026222FA03F3B1
S21401C23003F001030B707047000002B8094AD36887
S21401C240C3F30363032B01D0072B08D1536FDB061F
S21401C25005D4906F80F00800C0F3C000704700203E
S21401C260704700BF000002B8024B002219681CF09C
S21401C270CDBB00BF8C9C0400024B1B6803B1184762
S21401C280704700BF4C4C0020024B1B6803B1184797
S21401C290704700BF484C002010B5FF224FF6FF71D3
S21401C2A004461CF0D5FB68B9FF224FF6FF71204605
S21401C2B01CF0DFFB30B92046BDE81040FF220249E2
S21401C2C01CF0E9BB10BD00BF309C04002DE9F04115
S21401C2D01C46184B05461E680F46904646B1306808
S21401C2E001F01CFEF3681BB1B368186801F016FE76
S21401C2F0114B1B682BB1DA681AB19B68186801F0FC
S21401C3000DFE9DF81830640744EA08425B0503F009
S21401C310BC6342EAC7621A432846084942F4C87217
S21401C32003F016FF002228461146FFF781F9002088
S21401C330BDE8F081889C04008C9C04009007E12DE8
S21401C34008B5FFF77BFF88B1094BDA6912030DD5F3
S21401C350186F10F4003009D19B6F13F0100F4FF0D7
S21401C36010030CBF034A044A936708BD0220FCE78A
S21401C370000002B8001002B8002002B838B5044622
S21401C380F8B1124AD3691B031DD5556F104BC5F37F
S21401C3908115032DB3F8B4300DD10822083B9BB2AA
S21401C3A021460C481CF009FC0020084B25729B6FA7
S21401C3B01B0A637238BD022D05D1023B2A469BB289
S21401C3C0EEE72120F6E70220F4E700BF000002B8FE
S21401C3D0001E00B038400054431EDBB2FD2B14D9BA
S21401C3E0FF280B6801D14A68134313F0802F1EBF44
S21401C3F042F20102074BC3F8282251F82020054BD0
S21401C400C3F85022C3F8542270470128F5D10023FF
S21401C410E9E700BF004001B8F0B585B06D460E46AD
S21401C4200F4B074614460FCB85E80F000D4BD3F88C
S21401C43048020090D3F84C2201923EB1631EDBB253
S21401C440FD2B0AD93060FF2C00D1726022462946A6
S21401C45038461CF04DFB05B0F0BD012CF4E700BFDB
S21401C460389C04000080E00FF0B585B06E460D4B99
S21401C47007460D460FCB86E80F0000F039F8314627
S21401C4800446024638461CF0ACFC4DB140B9FF2CC0
S21401C4901BBF04AB03EB8404009B54F8103C2B60D9
S21401C4A005B0F0BD389C040030B50C4B054618703D
S21401C4B085B0082380B90A4AC2F8FC3351B96C46E4
S21401C4C0084B0FCB84E80F00074B2A462146186815
S21401C4D0FFF7A2FF05B030BD044AEDE7EF64002088
S21401C4E0001002B8489C04002C4D0020002002B821
S21401C4F0014B1878704700BFEF640020124BD3F849
S21401C500E020D2031ED54FF480321049C1F8E02056
S21401C510A1F58051C1F8EC201A6CD1B2C2F3072202
S21401C520C3F88010C3F880200422C3F880200022BC
S21401C530C3F88020C3F88020C3F88020C3F8802089
S21401C540C3F88020704700BF0040005400600054CC
S21401C550F0220A4B01219A64A022A3F580539A6423
S21401C560074B826CC3F8C010FC21C3F89810C3F8BF
S21401C5709C204FF40052C3F8BC207047006000B8FE
S21401C58000400054F8B50D461746064621F05FF800
S21401C59001230421084C094A2363A760E66025614C
S21401C5A0C2F8E010064AC2F8843121F04BF80DB10A
S21401C5B002232363F8BD00BF00400054006000540E
S21401C5C000E100E00222024B58611A63704700BF87
S21401C5D0004000540122044B1A6640F6FF7299632C
S21401C5E0D863DA65704700BF004000542DE9F04F6C
S21401C5F0042A05460B4683B039D901260978141F4B
S21401C60081615A7803F1040982619A788261DB7844
S21401C61083610368D0F808B003F0070306339E4031
S21401C62006F1FF3A0AEA0B084768A6EB08029442AD
S21401C63047F000570ED84946224607EB0800FDF79B
S21401C6400FFB46EA0A0604EB0B023240AA6003B06F
S21401C650BDE8F08F494607EB08000192FDF700FBA5
S21401C660019A384609EB0201A21B4244E7E7013A68
S21401C670032AECD8DFE802F00B08050213F8012BB9
S21401C680826113F8012BAA6113F8012BAA611B78AA
S21401C690AB6103B0BDE8F08F38B50C4615460146D0
S21401C6A00F4B60B101220F48C3F8C0202246FFF7A6
S21401C6B09DFF1DB104220A4BC3F8C02038BD64B1EA
S21401C6C0D3F8A420A24284BF0122C3F8C0200222CC
S21401C6D0C3F8A040C3F8C020EBE70122FAE700BF89
S21401C6E0004000549840005438B5044620F0AFFF8F
S21401C6F001211A4A638F054611663BB3B3FA83F3E9
S21401C700C3F11903DBB2A069C2F890109366072340
S21401C710D066C2F88C304FF4A02302F50052C2F85E
S21401C720E030A2F58052C2F8EC3000220C4B1A60C1
S21401C7300C4B1B6F5B0209D54FF480020A4B04F1C8
S21401C740F8001A67D4F8941001F08EFD4FF4E02338
S21401C7502846E363BDE8384020F074BF004000542B
S21401C760504C0020000002B8002002B82DE9F84322
S21401C77005460C46B1B1D0F81880478F20F067FF08
S21401C780B5F83CC0791E01EA0C0323F00702032C1E
S21401C7900646DFF8F8E042445CD1DEF8004024B9F2
S21401C7A020F050FF0E20BDE8F88324F00104DEF8E7
S21401C7B0000020F00100A04251D10023CEF8003045
S21401C7C0238894426FEA43436FEA534323803CD164
S21401C7D0EB8F08EB07091846083880B202F1080407
S21401C7E04C4528BF4446082804D9B4F800E0BEF5F5
S21401C7F0804F3ED263440F431B1A3B409BB2AB872C
S21401C800E887118894781C4AC1F30C015164536778
S21401C810C2F88C004FF48022184B04F00704C3F8CA
S21401C820E0200122164BC3F88421FFF767FE042C93
S21401C8300BD14FF48002134B05F1F8001B6F124B1E
S21401C8401A67D5F8941001F00FFD304620F0FAFE75
S21401C8500020A8E7601E012898BF1446A7E7E88FC6
S21401C8604344E31A48BFDB1908389842A8DC30462F
S21401C87096E72246B0E700BF00400054006000542F
S21401C88000E100E0000002B8002002B8504C002091
S21401C890144B10B51968CA8F8B8F488F1344013813
S21401C8A0073B8C69034023F007031C4402F108038D
S21401C8B00D4A9BB2CB87C2F88C304FF480220B4BCB
S21401C8C0C3F8E02001220A4BC3F88421A07800F0C7
S21401C8D00700042803D1074AD3681B03FCD4064B80
S21401C8E01C6010BD2C4D0020004000540060005418
S21401C8F000E100E0000002B8504C002010B5064CE4
S21401C900216839B1CB0703D4044B1868FFF72EFF13
S21401C9100023236010BD00BF504C00202C4D00208A
S21401C9204FF480320B4B0C49C3F8EC20A3F50053AF
S21401C930C1F8E020D3F888109A6E012302F00702AE
S21401C94006329340C1F30C01083B994201D8FFF728
S21401C950D5BD704700600054005000542DE9F047E3
S21401C96080460C4616468769458F20F070FEB8F85B
S21401C9703C2005F1FF3C02EA0C0323F00701032CDF
S21401C98082463944B8F83E0019D1494C24689CB90E
S21401C9900244073A02EA0C0222F00702BC183B44A2
S21401C9A0E31A48BF5B19834210DB504620F04AFE6B
S21401C9B000242046BDE8F08724F00104EFE7012CAF
S21401C9C002D0022CEBD108380C46E8E7002E3DD009
S21401C9D08C423FD1374AD2F844903649B8F81270A3
S21401C9E0D1F88820C2F30C02934247DA2588B5F5C0
S21401C9F0804FDAD2A378C5F30C0503F007037A1E3D
S21401CA00A5EB09053A43052B337005EA02052DD837
S21401CA102DB2E84340F241420421C00FFDF700FE6B
S21401CA207580E3783374D8F81C207B1E03EA09036B
S21401CA30D118B160A9B213FA85F5AF422FBF002312
S21401CA40FF1AB780F26024BFB180F360504620F031
S21401CA50F9FDAEE7A4F10802974284BFED0802EBA8
S21401CA60C502B2F80090C9F30C09B6E7124B5B6D2C
S21401CA70003B18BF0123A5EBC305C9E70B6C7A1E63
S21401CA80A3EB09033A431A400C4915B2002DCB68B3
S21401CA900BDCC3F30363D81E43424341DB00337010
S21401CAA08B6F72801B0A3374BDE70823F7E700BF5C
S21401CAB0504C002000400054004000B8000002B86E
S21401CAC0054BA822D3F84C013121431C0CBF012091
S21401CAD0C0F38070FDF7A4BD0080E00F38B5094DA6
S21401CAE00446286840F69702003818BF01202B211B
S21401CAF0FDF796FDFA235C432B680A20B4FBF3F49A
S21401CB00604338BD844C0020174B30B51A68431C6F
S21401CB10164B22D0B2F1407F1FD3154D00F03F04D3
S21401CB20D5F8002122F03F021443C3F8C84001F0B3
S21401CB303F042243C3F8D020D5F804310D4A1A40E9
S21401CB400D4B03EA500003EA510110431143074B12
S21401CB50C3F8CC00C3F8D41030BD00200146C3F89A
S21401CB60C800C3F8D000F2E70080E00F001F00B055
S21401CB70000002B81FF087E1E0FFFF7F73B5574E54
S21401CB800446317819B91C225548FCF7D9FE23789A
S21401CB90544A6188137051804FF0FC62524CFF2159
S21401CBA0C4F8FC204FF47F02C4F808214F4A022B38
S21401CBB04F4D117033D1042307224E49C4F8FC238C
S21401CBC0C5F8FC33C4F800114FF4C071C5F8001164
S21401CBD0C4F8FC234FF48052C5F8FC33C5F8702125
S21401CBE04FF40052C4F87021C4F808314FF4FF1313
S21401CBF0C4F8FC304FF4BB13C5F8FC308023C4F8EE
S21401CC00703148F2C8023C4BC3F8D8203B4B3C4A33
S21401CC100020C3F8C02F0123337002B070BD394A1B
S21401CC20012BC4F80021384B27D14FF4C072C5F848
S21401CC300021D3F83802D3F83C12FFF765FF07232B
S21401CC40C4F8FC330223C5F8FC334FF48053C5F80F
S21401CC5070314FF40053C4F870310423C4F808311E
S21401CC600DEB0300ECF730FD9DF80530023B012B80
S21401CC709CBF8023C5F87031C3E7244AC5F800215C
S21401CC80D3F83002D3F83412FFF73EFF0723C4F877
S21401CC90FC330123C5F8FC338023C4F870314FF40C
S21401CCA0805301A8C4F87031ECF70EFD9DF80530ED
S21401CCB0012B05D19DF8043053B948F25D1309E004
S21401CCC0FBD9023B012B9CBF4FF40053C5F87031D2
S21401CCD048F25813084AC2F8D83097E7945B002008
S21401CCE0C41F00B076640020002002B8F364002060
S21401CCF0001002B8C0F10F00001F00B0001000B015
S21401CD00584C0020C0F70F000080E00FC0F60F005F
S21401CD10034B1A6802609B8883800020704700BF1F
S21401CD207664002010B5044601F026F80A4BD3F8C5
S21401CD30F83724B983F40023C3F3C04010BD012C97
S21401CD4005D113F4C02F0CBF01200020F6E7A31E67
S21401CD5058425841F2E700BF000002B86FF07F4228
S21401CD60154BD3F8FC37934208D0144A03F03F031F
S21401CD701370F123124A1370124A13701249134B9F
S21401CD8009781A68A9B1B2F1A06F12D3D3F850127C
S21401CD900F4A104BB1F1FF3F18BF13460E4A1360FE
S21401CDA041F66A020D4B1B68B3FBF2F30C4A1360A3
S21401CDB07047084BF2E700BF000002B8F464002099
S21401CDC0F5640020F6640020F26400200080E00F85
S21401CDD05082E00F6C9C0400544C0020A04C0020B4
S21401CDE0844C0020012807D0022802D030B1002050
S21401CDF07047034B18787047024BFBE7024BF9E785
S21401CE00F4640020F5640020F66400200023F0B5E9
S21401CE1090F8304185B002462046CDE90133CDF881
S21401CE200B30FFF7DFFF92F82B30411EC9B28B4261
S21401CE3028BF0B46002C3CD0012C38D104241846C0
S21401CE404FF00F0C384E0DEB0405B0FBFCF7F75D09
S21401CE50013CC01BC0B2814238BF00206055002C87
S21401CE60F3D105240F278DF80830B3FBF7F0305CBB
S21401CE700344DBB28B4228BF0B462B5501340B2CE7
S21401CE80F3D10F2602F1A800D43215F8013BB3FB0B
S21401CE90F6F14C1CC1EB01115B1A0133DBB2E4B2B3
S21401CEA01B0443EA045340F8043F8242EDD105B027
S21401CEB0F0BD042418464FF00F0C1C4F0DEB040672
S21401CEC0B0FBFCF5EDB27D5D013C401BC0B281427A
S21401CED038BF0020A055002CF2D105240F258DF86F
S21401CEE00830B3FBF5F0385C0344DBB28B4228BF55
S21401CEF00B46335501340B2CF3D10F2502F1A80450
S21401CF00D43216F8013BB3FBF5F1481CC1EB011115
S21401CF105B1A0133DBB2C0B21B0443EA005344F888
S21401CF20043FA242EDD1C2E7659C0400589C040070
S21401CF3038B5284B05461A7827490C2A02D1FF2016
S21401CF40087038BD10461BF075FE04461046FFF704
S21401CF5049FFA84228BF2846C0B2A04238BF204693
S21401CF600B78C0B28342ECD0087088B1431EDBB2A6
S21401CF70022A1A490ED14FF0FC62C1F8FC20A1F535
S21401CF800051D1F8FC2042EA4353C1F8FC30D8E7FF
S21401CF900346EDE7124A134C1268AC32C4F8C02FB0
S21401CFA04FF47F02C1F808210F49CA6FD202C8D4D4
S21401CFB00F22B3FBF2F2551CC2EB02129B1A01338D
S21401CFC0D1F808411B0443EA05532343C1F808314D
S21401CFD0B7E700BF76640020F3640020002002B8A3
S21401CFE02C4D0020001000B0000002B82DE9F04FD3
S21401CFF090F830510646D0F8A82087B035BB1F2AD6
S21401D00038BF1F22093A4C24844B85481B6A96F880
S21401D0102B10C3F38213DC400368DFF82CA2934283
S21401D020DFF828827F4B04F0010414D11F78A74251
S21401D03011D19AF80070AF420DD17B4F3F788F42E5
S21401D04009D1B8F8040007B0BDE8F08F032A38BF4D
S21401D0500322023AD7E7026098F800001C70FFF737
S21401D060C1FEFF2924D128461BF0E4FD07466F497F
S21401D0703CB3D6F8E4702FB13B68082B40F2CB8066
S21401D08097F838701DBB0B6840F27121B3FBF1F3C2
S21401D09053431922B3FBF2F339462A4605A80593F2
S21401D0A01BF09EFD02023C04059842F0110988E03F
S21401D0B0471E8F4228BF0F46012F38BF0127FFB2F8
S21401D0C0D5E7012D29D0022D01D0B5B327460B682F
S21401D0D040F27121B3FBF1F353431922B3FBF2F390
S21401D0E03946012207EB072405A8059307EB04241C
S21401D0F01BF076FD7F00032F38BF0327020242EAAA
S21401D100001242EA0009033F00F01F0007FA00F090
S21401D110FFF7E4FC00F5FA6758E00F23B7FBF3F3DB
S21401D120581CC3EB0313FB1A0133DBB2C0B21B045A
S21401D13043EA0053C3F30747C9E70C6840F271217D
S21401D140B4FBF1F40F2354431922B7FBF3F3B4FBFA
S21401D150F2F43748374A0068A2FB0412013350FA4A
S21401D16083F313F8013C0392A3F140012A4603A876
S21401D17001931BF035FD039F2F4AE41BA2FB04120B
S21401D18000903021049204A82A461BF029FDDDF800
S21401D19010B08146A4EB0B0401220594102144F241
S21401D1A0100405A81BF01CFD009B1A02019B42EA15
S21401D1B0091244EA0344059B42EA000907EB0B0007
S21401D1C01844FFF78BFC00F50C57283740F6FF7123
S21401D1D01A4B3846C3F8C010A3F58053C3F8C09065
S21401D1E0A3F58053C3F8C440154C276001F0B0FC8A
S21401D1F04FF47A72134B4042986523680A49B3FB91
S21401D200F2F3A8F8043096F82B30B7FBF2F08AF860
S21401D21000500B7017E7002734E700BF004001B845
S21401D220BC610020955B0020F0640020A04C00202B
S21401D230544C002069C2F568911E856B006001B8E8
S21401D240884C0020001F00B0F164002076640020A6
S21401D250014B1870704700BFF264002010B50446F9
S21401D26003F012F878B1174B1B786BB964B1164B03
S21401D2701B784BB1154B1B78013B012B04D84FF49F
S21401D2800042134BDA6710BD124BDB6F1B04FAD456
S21401D29020F0DDF94FF400420F4B0446DA67A3F5A0
S21401D2A0A0435B682BB1FEF741FF10B102201BF0D3
S21401D2B0D2FC0222094B2046BDE81040C3F8842464
S21401D2C020F0C0B9965B0020975B00208C4C0020B4
S21401D2D0002002B8000002B8001002B800D00350C7
S21401D2E00122024B00201A70FFF7B8BF965B0020A0
S21401D2F00022024B01201A70FFF7B0BF965B002098
S21401D300F7B50646504C00F037FD504B2578504F88
S21401D3101E7085BB2846FFF7A1FF2378013B012B32
S21401D32019D8E37B01A88DF80430237C8DF80530ED
S21401D330E9F706FEC7F884544FF6FF72454BC3F86B
S21401D3408420F822A3F58053C3F884200022404BA2
S21401D350C3F884240DE04FF6FF723E4BC7F88454A1
S21401D360C3F88420F822A3F58053C3F88420C7F8B5
S21401D3708454394B5BE00020FFF770FF2378013BB4
S21401D380012B08D8E37B01A88DF80430237C8DF8A7
S21401D3900530E9F7D5FD0023C7F88434002ECBD03D
S21401D3A062685AB32D4B1B6803EB5203B3FBF2F3CF
S21401D3B0013B1B0243F0F80326782649022E284A31
S21401D3C01ED0032E4FF6FF75214826D0012E34D1EC
S21401D3D043F00203C1F88450C2F884300723C0F832
S21401D3E08434E37B01A88DF80430237C8DF8053066
S21401D3F0E9F77AFD0120FFF731FF17E0F823DBE7B5
S21401D4004FF6FF7043F00103C1F88400C2F8843080
S21401D41006220F4BC3F88424E3E743F00503C1F863
S21401D4208450C2F884300423C0F884340D4B4FF086
S21401D43080420020DA6703B0F0BDC1F88450C2F81C
S21401D44084300023F0E700BF8C4C0020975B00205F
S21401D45000C00350006000B8002002B8A04C0020B5
S21401D460005000B8001002B8F0B5294F06463D46F8
S21401D47004460FCE0FC5336885B02B6000F07CFCE8
S21401D4800022244BC3F88424A17A627A42EA01423C
S21401D490C3F89024217CE27B42EA0142C3F88C2443
S21401D4A0217B627B41EA0240C3F888043B78032B68
S21401D4B02AD8DFE803F022020C178DF804100421A5
S21401D4C08DF805200DEB01000022E9F7D9FCE37B7E
S21401D4D000228DF80830237C042102A88DF809303B
S21401D4E0E9F7CEFC637A01228DF80C30A37A042189
S21401D4F003A88DF80D30E9F7C3FC074B187805B083
S21401D500BDE8F040FFF7FCBE212005B0F0BD00BF2E
S21401D5108C4C002000C00350975B0020034BDB6F50
S21401D520002BBCBF024BC3F888007047000002B84E
S21401D530004000B82DE9F0471BF0F1FB4FF47A7676
S21401D5402D4BB0FBF6F618604FF4FA73734307469B
S21401D5502A48190E1B021818294A4FF0000341F1F8
S21401D5600001FBF781FE274BA0F5807205461A6382
S21401D57020B948222B21FDF753F801254FF47A7282
S21401D5804FF0000A6A43534650083102FBF76CFE1F
S21401D5901C4B1D4AB7F57A7F9A601C4B4FEA05680B
S21401D5A019601B4B8946044618604FEA152505D2BB
S21401D5B09B222B215046FDF733F801264FF47A7350
S21401D5C0A8FB030103FB05117308C01841F1000114
S21401D5D000233246FBF748FE0E4B023419600E4B11
S21401D5E049F10009A408186044EA8974054B013C16
S21401D5F09C63BDE8F08700BFA04C002020A1070077
S21401D60040420F0000C001B802110100B04C0020DA
S21401D610AC4C0020A84C0020A44C00201022044B47
S21401D620C3F884215A600122024BDA60704700BFBA
S21401D63000E100E000C001B81022064BC3F88421C7
S21401D640C3F88420BFF34F8FBFF36F8F0422024BC2
S21401D650DA60704700E100E000C001B810B504468A
S21401D660A242A2EB0000A3EB010104D2034B013955
S21401D6709B6B0133184401F0030110BD00C001B8D3
S21401D68038B501250A4B02019D504FF480730446BC
S21401D690084A834053661FF0DAFF074AA54013780D
S21401D6A023EA05031370BDE838401FF0CBBF00BF67
S21401D6B000E101B800E001B8A05B00202DE9F84FB9
S21401D6C0164605468A461F461FF0C1FF022E00F089
S21401D6D0908080461FF0C8FF594B5A4AD3F82090D5
S21401D6E0147D5A6EE4B2520744BFD3F82090013439
S21401D6F004F003041FF0B3FF4846214600F036FA53
S21401D7008446DAF80000012E04BF01306044ACEB19
S21401D710000C08BFCAF80000BCF1804F7DD300F0B2
S21401D72037FA8145A1EB040188BF454BDFF834C1C8
S21401D73088BF01F1FF3101F0030188BF9B6BA0EBAD
S21401D740090E0CF80510A1B1F90742BF41F61F7288
S21401D7503D4B5A67BA0742BF3B4B3C4A5A677B0769
S21401D76042BF0022364B9A673C0742BF0022344B29
S21401D7709A6511244FF0010A314B05F1100212018E
S21401D78003EB051BCBF80C0131499C501A6A0AFAC7
S21401D79005F4586E0B78A2EB0902E4B223437245F6
S21401D7A00B7025D34FF48073AB40034220D11CF895
S21401D7B00520002A40D10EB3264AF807536607D53E
S21401D7C041F61F7140F201101F4B596750675967A8
S21401D7D0B90706D51C4B1D4A1E491F485A6748679C
S21401D7E05A677A0742BF01221C4B1A613B071AD4BB
S21401D7F040461FF027FF0120BDE8F88F184A2D018B
S21401D80042F805A042F89C3C1FF021FF10490B7816
S21401D81023EA04030B701FF015FF40461FF012FFAA
S21401D8200020BDE8F88F2120FFF778FE4FF4803204
S21401D830034B4046DA60DCE7064A40465366D8E7C3
S21401D84000C001B8104D002000E001B800001F1F05
S21401D850A05B002000D001B800000101000002B862
S21401D86000E101B8985B0020024B1878003818BF19
S21401D87001207047A05B0020034B103000011858B0
S21401D88000F00100704700BF00C001B870B5064641
S21401D890FEF74CFC044608B1FFF7CEFE0023084D08
S21401D8A03046AB61EB612B6200F072F9054BC9B2F1
S21401D8B0197528620CB1FFF7B1FE002070BD00BFDC
S21401D8C000C001B8104D00202DE9F0419DF81880E8
S21401D8D00D46B8F1000F08BF0022214EB5F5803F76
S21401D8E0B168074621F4700141F4A001B1609DF8CA
S21401D8F020409DF81C104FEA042444EA016444EADF
S21401D900031444EA084444EA02044FF0180140F2C2
S21401D910E9222CBF002001207465FCF781FE3564E6
S21401D920B8F1000F1AD00F4BBC68D3F888305A2CC8
S21401D93038BF5A245B0606D500F0F0FB18B10A4B37
S21401D940B3FBF0F31C44204600F022F90130854277
S21401D95038BF0022024B34BF5A645864BDE8F081D8
S21401D96000C001B800C000B800093D00214B10B549
S21401D9701A6E1A66596C59B11F49C96800292EDBFF
S21401D980596D4FF0FF3301F00F018B409A4326D1BA
S21401D99010242020FFF7C2FD184B9C6002F088FB84
S21401D9A02022174BC3F8842101F0F4FC48B1002271
S21401D9B000200821FEF71CF8124B5C66A3F5805385
S21401D9C01C670D4AD36803F07063B3F1807FF9D901
S21401D9D0084B0D4A5A6741F201429A6710BD01F0A1
S21401D9E0D9FC0028F4D0094B064A5366A2F58052AA
S21401D9F01367EDE700C001B8000002B8001002B8D6
S21401DA0000E100E000E001B8011B01181000002051
S21401DA1008B52120FFF782FD4FF48032014BDA6012
S21401DA2008BD00BF00C001B8F8B5184D04462B6A02
S21401DA301B0426D500F0E6FB2B6AA0FB044613F078
S21401DA40787F4FEA9367C3F34450C3F3044505D187
S21401DA5040F25A422B21FCF7E3FD0120AD01B5FB54
S21401DA60F0F010EB871005D140F25F422B21FCF756
S21401DA70D7FD01200246002320463146FBF7F4FB82
S21401DA80F8BD00F04BFBA0FB0401F9E700C000B8AD
S21401DA900246012030B50B4CA0F12003C0F1200551
S21401DAA024FA05F504FA03F32B4304FA00F595422C
S21401DAB08B4100D330BD0F2801D00130ECE7FF20A9
S21401DAC0F8E700BF40420F0010B50C46FFF7ACFF69
S21401DAD0C30943EA4163C01A61EBD111FFF7D8FFCE
S21401DAE0FF2814D00F220C4B40F01000C3F88820FA
S21401DAF0A3F58053C3F88800A3F580531B6ADBB2F5
S21401DB00802B06D02046BDE8104000F067BB2120E0
S21401DB1010BD0220FCE700BF00E000B838B51FF0DA
S21401DB20A3FD084B084A1D6A147D5A6EE4B25207DB
S21401DB3044BF1D6A01341FF092FD284604F003011C
S21401DB4038BD00BF00C001B8104D00200346064A8C
S21401DB50103302EB00111B01D1F80C01D158C1F3AF
S21401DB6040011BF083B800BF00C001B8064B1B681C
S21401DB70434303EB8171054B1B68A3FB003013F194
S21401DB80004341EB00007047A84C0020A44C002045
S21401DB900C4A20F04043014610B5002014684FF0AF
S21401DBA00042E4FB0320084A890F126802FB0300C7
S21401DBB0064B9B6B984204D901330131C01A01F020
S21401DBC0030110BDAC4C0020B04C002000C001B8D1
S21401DBD0044B01F0F071103041F0030100011950BF
S21401DBE0704700BF00C001B808B52220FFF796FCB9
S21401DBF04FF48022014BDA6008BD00BF00C001B8B7
S21401DC0008B5064B4FF030401A6805499200FCF7FC
S21401DC1027F8BDE8084001F0E3B800BFA89C04005F
S21401DC20AC9C040070B50C68651C15D0C4F3026684
S21401DC309E42C4F3074530D1A4B294422DD804EBDA
S21401DC408506B24229D2141BA50824F003040E59F6
S21401DC50340F04D0012C08D00022212402E06B1CD2
S21401DC6051F82320C0E9002470BD0E4C34F813305F
S21401DC7042EA03431A686B1C51F8234001EB830107
S21401DC804B6822405E4036F0704404D11B0F032BD4
S21401DC9004BF8B681A430024E4E7013501EB8501D4
S21401DCA0C1E700BF809C040007B501A8EBF70CFD97
S21401DCB04822164B5A65164AD2F8D43023F4FC3360
S21401DCC0C2F8D430134B1B689DF80530023B012B7C
S21401DCD019D84022104BC3F8FC23104BD3F85C3202
S21401DCE0DBB2FF2B00D10623094A1B03D2F8FC1333
S21401DCF09BB20B43C2F8FC33D2F83021084B1A60B2
S21401DD0003B05DF804FB00F0E7FEECE7008001B825
S21401DD10000002B8002000B0001002B80080E00F3A
S21401DD20444C002000224FF400710F4B10B51A67C7
S21401DD305A679A670D4AD162012102F5E8325161AC
S21401DD40DA6812F0706FFBD14FF0304201245A6648
S21401DD5002F5FC5208329C66DA64054B1B6898474C
S21401DD60044B5C6110BD00BF000002B8004000B863
S21401DD70C0610020002002B801230F4A0F49C2F8F3
S21401DD8080328A6A22F002028A620D4A53600D4A84
S21401DD9053600D4A5360A2F580425360A2F540429B
S21401DDA0536002F5C032536002F580425360A2F51B
S21401DDB000425360704700BF0080005000C0005012
S21401DDC000D000B800500054005001B808B5FFF765
S21401DDD0D3FF0E4B0E4ADA6700F076FEFFF764FFBC
S21401DDE003220C4BC3F8E020012203F54043DA6717
S21401DDF04FF460725A614FF40072DA67FEF778FBEF
S21401DE00BDE808400021FEF74FBB00BF000002B886
S21401DE100048F000005001B82DE9F04F054687B0E4
S21401DE2002900F4657F8044B631C06D1029B2C60E8
S21401DE30E81A801007B0BDE8F08F5FEA147B18BFC0
S21401DE400123344AC4F3016108BFC4F3074332F81F
S21401DE501120A4B24FEAC30A2F4844EA02440AF149
S21401DE6004022A4482421BD20722CA4002F001025F
S21401DE7001929A0004EB830303930123B94603FA44
S21401DE800BF808F0940305F1080604920593039B2A
S21401DE9009F10409A34208D1049955443944C0E75D
S21401DEA01D4A9542E0D80020C4E7059B53B918F0F7
S21401DEB0420F19D118F0280F0BD146F8084C59F823
S21401DEC0042C21E04FF4206232210020FCF7A8FB4D
S21401DED0F3E740F6042232210198FCF7A1FB04F592
S21401DEE0805246F8082CEAE740F60D2232210198C6
S21401DEF0FCF796FB04F50052BBF1010F46F8082C1F
S21401DF00DDD159F8042CD24346F8042C04340836E3
S21401DF10BDE700BF809C0400003000B0F8B50546A0
S21401DF20F0B10026154B34461F46154953F8042B0D
S21401DF30BAB9A00000F13040294600F50150FFF7BC
S21401DF406BFF30B940F6AE323621BDE8F840FCF73B
S21401DF5067BB0C4B0134044447F8265023F816409F
S21401DF60F8BDAA42FCD001360C2E02D031F816407C
S21401DF70DCE740F6C83236210020E6E7B44C002044
S21401DF80FA540020FC54002070B50446A8B1C1B173
S21401DF90384A52F8043B984215D1002336498A681C
S21401DFA09206FCD49B00354A03F1304303F5015336
S21401DFB0C2F8B0302022324B9A6070BD01330C2B70
S21401DFC002D1304D12E0012352F8041BA142F5D1D3
S21401DFD02D4A32F81330E1E704D16268C3E9001232
S21401DFE0083403E0012A01D1043419602268531C65
S21401DFF0E3D0C2F3016335F81300110C93B211F0AC
S21401E000FE0F43EA004360680DD00434CAB2022A08
S21401E0102168E1D9D4E90160033AC3E900169860A2
S21401E0200C340C33F3E7120F072AD9D8DFE802F0D5
S21401E0300704090D1013181DC04303F5005318609B
S21401E040CEE71A6842401A60CAE703F58053F6E73E
S21401E0501AF001FEC4E7012203F580538240F2E77D
S21401E060012203F500538240EDE71A6830EA020206
S21401E070FBD1B5E7B44C0020000002B8001E00B08A
S21401E080001002B8809C0400FA5400200122014BC3
S21401E090DA677047001002B80122014BDA67704751
S21401E0A0002002B84022014BDA677047002002B810
S21401E0B04022014BDA677047001002B80B4B1B6811
S21401E0C0D3F8E43023B11A68022A01D9186A7047D6
S21401E0D0074B9A6D90B238B1064BC2F307421B68E4
S21401E0E0DB085343B3FBF0F0704700BF2C4D002014
S21401E0F0004001B8A04C0020064BDB68C3F3036365
S21401E100984206D1044AD36B23F0F00343EA011187
S21401E110D1637047000002B8001F00B0054B1B68B2
S21401E120D3F8E43013B11A680A2A01D8FFF7C6BF3C
S21401E130186C70472C4D00202DE9F74306461AF05F
S21401E14083FD00248046DFF890901FF080FA0DF1E1
S21401E150070105460DF10600FEF75AF89DF8063050
S21401E1608BB9721C29D01AF06FFDA0EB0804284663
S21401E1701FF068FA9DF8063013B99DF807303BB3D7
S21401E180A642E2D824E0D9F80C3013F4603FE8D078
S21401E190D9F810001AF0C5FD731C074603D01AF013
S21401E1A053FDA0EB080428461FF04CFA17F5007F34
S21401E1B0E0D0384603B0BDE8F08328461FF042FAA7
S21401E1C09DF80630002BC0D19DF80730002BBCD13E
S21401E1D0004FEEE700FEFFFF00C000B810F1800F11
S21401E1E004D04D28CEBF7F20323040B2FF22044BF0
S21401E1F0C0B21A62A3F5805318620020704700BFB0
S21401E20000E000B80B4A10B5136E0B4C116E03F00C
S21401E2100703E35CC1F3CD0101FB0333126E07482C
S21401E220C2F3454202FB033300688001B0FBF3F002
S21401E23010BD00BF004001B8789C0400A04C00202F
S21401E240084910B5D1F89C3040B11C46CA68D1F8CF
S21401E2509C309C42F9D1C2F30362027003F00F00B6
S21401E26010BD00BF000002B8094B01F080011B6F12
S21401E27003F480030B4309D14FF40012054B1A62D5
S21401E280837F1BB10122044BC3F80021704700BFF6
S21401E290000002B8006001B8005001B82DE9F04F47
S21401E2A0404F804685B038680C461AF0D4F920B93C
S21401E2B00024204605B0BDE8F08F224600214046E6
S21401E2C0FBF73EFB384B5D6915F00105F0D1FCF715
S21401E2D001F806460028EBD03F6838461AF0F3F8F6
S21401E2E04FF6FF73984234D04FF060512F4E304BAB
S21401E2F0304AD3F82090D6F88C3011624FF0006186
S21401E300A2F58052116224220421C6F88C202A4AE2
S21401E3104FF4804B91604FF480520027DFF8A4A0A1
S21401E320CAF868B0F262A7421ED30421234A91605C
S21401E330A2F5F032C2F88C304FF060521D4B1A62D3
S21401E34009EA02031E4A13624FF480421D4B9A6685
S21401E350AFE7314638461AF05AF801463846FCF718
S21401E360FDF80028C0D0A3E7B26E5104FCD5B26810
S21401E370D205F9D5CAF868B0D6F890200135012D36
S21401E3800392D0D9E21B042AA8BF042208EB070097
S21401E39003A901930092FBF763FC009A019B3A44A0
S21401E3A097B2C0E72C4D0020000002B8004000B82C
S21401E3B0004001B8006001B8001002B8002002B8A1
S21401E3C0005001B8006000B84FF604014FF6050290
S21401E3D0044B01201B6C9BB28B4208BF1346024ABA
S21401E3E0136670470080E00F00C001B82DE9F74FB3
S21401E3F081460F464FF0FF35FFF790FB0026019050
S21401E4008A462C463046DFF8D8B006F110031B01C9
S21401E4105BF8033003F00308B8F1010F15D130465D
S21401E420FFF794FB02460B4601985146FFF716F993
S21401E430DBF8643006F10802D340DB0739D5002F3C
S21401E44040D000252C463E6040460136082EDCD1E1
S21401E45060B3234A0027D2F808C0916B0CF440330E
S21401E4600131A4FB0141641941F10001B3F5003FFC
S21401E47030D1536B0CF4405C013347F10006BCF518
S21401E480805F22D1156B15F5807505FB06F647F101
S21401E490000203FB0266A5FB03323244594304FB28
S21401E4A00212A3FB04341444C9E9003403B0BDE8E6
S21401E4B0F08FA84271EB0403C6D207B13E60054651
S21401E4C00C46C1E73D463C46BEE7320242EA1362CD
S21401E4D01B02E3E7136B13F5807347F10002DDE7D8
S21401E4E000C001B808B51AF030FC044B5A7C012371
S21401E4F002329340024A536108BD00BF104D00200E
S21401E500002000582DE9F34105460F46684611469E
S21401E510FFF76CFF0646B0B1AFB1DDE900321B0A6A
S21401E52043EA0263A5FB0384094B120A05FB024476
S21401E5301A6812B91AF0F3FB024600234046214638
S21401E540FAF792FE3860304602B0BDE8F08100BFAF
S21401E550A04C002037B50446FFF70EFCE17822797F
S21401E5601B4841EA0243C0F8CC34E579A37943EA73
S21401E5700543C0F8D03423784BB18DF8041004213C
S21401E5808DF805200DEB01000022E8F779FC637891
S21401E5905BB10421A37900228DF80430E3790DEBF9
S21401E5A001008DF80530E8F76BFC227801235AB19B
S21401E5B0084AC2F8C834627802233AB1054A0020F4
S21401E5C0C2F8C83403B030BD034AF2E7024AF6E7A0
S21401E5D000C0035000D0035000E0035070B52C4B30
S21401E5E00C461A7812B92B4A926D1A702A4AD26FC3
S21401E5F052054AD51D78294B05F00F06B0FBF3F0FE
S21401E60040434FEA151505D140F27C622B21FCF7F9
S21401E61007F80120224A0A217243B2FBF0F348436D
S21401E620B3FBF1F602EB5002B2FBF0F201FB16333C
S21401E630042BD2B207D8C3EB8310C3EB80035BB2C3
S21401E64083B96DB217E0C3F10B0303EB8303DBB2AF
S21401E650B3FBF1F32B44DDB20F2DF2D9013AD2B25E
S21401E660053DEEE7053B5BB293FBF1F31D44EBB2D0
S21401E6706DB2002D04DB002042EA0512226070BD57
S21401E68001320533D2B25DB2F5E70220F7E700BFEB
S21401E690A15B0020008001B8000002B8403B2500C5
S21401E6A0809698004FF0000C2DE9F84FA2FB017BF5
S21401E6B0C84EDFF85CE3BE1999466BF10003B64518
S21401E6C07CEB030308D240F23E220E216046FBF7A4
S21401E6D0A7FF0220BDE8F88FD0F8E4A00C46154647
S21401E6E0BAF1000F04D0DAF80030032B00F21B81D8
S21401E6F0B94BBA4A9B6BD2F8FCA0C3F31408B84BCB
S21401E700D3F8EC305E00B64B48BF48F400181B6ED9
S21401E71048EA456858074EBF4FF440039B0503F08F
S21401E720E07348EA03081DF06BF8012D0646D0D1C8
S21401E7300028CED0AB4B984200F0048103F512239B
S21401E74003F5F863984200F00381A74B984200F066
S21401E7502F81002502462B4600204FF00071FAF764
S21401E76083FD2B46013007FB03F3C8F3130100FBBF
S21401E7700B33A1FB0662A7FB007001FB05220344D5
S21401E78020339B09C9F80030F60C984B46EA42360E
S21401E79018F4801F1C6008BF7642954B954DC9F84A
S21401E7A0144034441E602C60BAF1000F00F0B980AA
S21401E7B000239149C8F381528A5C194618F0807F7C
S21401E7C018BF6408002EB8BF764292066008C2FBE6
S21401E7D006012246FAF748FDDAF800300E2B08D972
S21401E7E07F4B7D4A926BD969D3F80C31C90600F18B
S21401E7F0D68018F4001814BFC42240F207127F49CD
S21401E800C0F31300A1FB04614FEA511102FB01F1B1
S21401E810C9F80400DAF818004FF4FA73B1FBF0F106
S21401E82018BF4FF0000801FB03F3A4FB0262FA33A2
S21401E830A3FB003004FB0822B342904138BF0131EC
S21401E840C9B241F4006CC9F808C000297ED0DAF8D4
S21401E8501C00A1FB003624B1B4FA84F20E2A40F360
S21401E8608880E203002E77D1B2FBF3F2530003FB5C
S21401E8700113A3FB00764FEA044EBE454FEA14444B
S21401E88074EB060609D34E003344A0FB0371BE4564
S21401E89074EB010102F10102F6D2C2F30E024CEA58
S21401E8A0023C4CF00063C9F808301CF0A9FF2B6845
S21401E8B0002B00F08880B3FA83F4D4F102044CBF35
S21401E8C01C4623FA04F44E4B9C4288BF6408002879
S21401E8D046D0B4FBF0F3642100FB134201FB02F2C5
S21401E8E0904244D85A1E52085B08013B120242EA83
S21401E8F00313C9F80C301CF04FFF00285CD0B4FBA2
S21401E900F0F2642100FB124401FB04F4A0425ED83D
S21401E910531E5B085208013A1B0243EA0213C9F868
S21401E92010300020D6E6042BDAF828807FF4FBAE00
S21401E93018F0807F0CBF08F0E0734FF4400328F016
S21401E940E078EEE600232F481D460CE72120C1E6BD
S21401E95000232D481D4606E70B46002289E704469C
S21401E96040F2C2422B210020FBF75AFE2346013B10
S21401E970B8E7C2F10F0702F1110E06FA0EFEFB40D0
S21401E98043EA0E03A7F1200E26FA0EFE43EA0E0313
S21401E990FE40013304FA02F246F1000662E702F491
S21401E9A0801203F400131A4308BFC0F5801020E755
S21401E9B0002316481D46D6E640F2E5422B21FBF71A
S21401E9C02FFE621EA4E70028C9D01C46CFE71446D6
S21401E9D0F7E700BF006CCA88008001B8001F00B0CE
S21401E9E0004001B800F04902005A6202EC4C0020D7
S21401E9F0E84C0020E44C0020909C0400D34D6210AB
S21401EA003FBE40250A3BB2DF313641DCD694BFD645
S21401EA10807C814A10B50B46044686B039B98279A6
S21401EA20016821486B460068FFF73CFE6B461F4AAB
S21401EA30196851631E4AD2F8FC2062B35A6842B183
S21401EA401C4A1D49C2F80C115968A2F58052C2F839
S21401EA500C119A6842B1174A1849C2F8EC10996825
S21401EA60A2F58052C2F8EC101549D868D1F8642195
S21401EA7022F4EE620243C1F86421D1F85C211869E0
S21401EA8022F4EE620243C1F85C21A1F5FF41586908
S21401EA902839FFF7A3FD0020A2880A4B9A6203F5E6
S21401EAA0A033186406B010BD2C4D0020008001B8BC
S21401EAB0001F00B0006001B8FFFF0F00FFF8FF0F56
S21401EAC0000002B8004000B84FF48062014BDA67DC
S21401EAD0704700BF001002B84FF48062034BDA673C
S21401EAE0034B1B780BB1034A93657047002002B8AD
S21401EAF0A15B0020008001B840B10368012B05D955
S21401EB000069034B002808BF184670470048704745
S21401EB10989C040010B590B10468012C0FD90269C5
S21401EB206AB11168094B102C1960516859609168D7
S21401EB3088BFD268996094BFD960DA6010BD102290
S21401EB4000210248FAF7FCFEF8E700BFF44C00206B
S21401EB50084BC1171A68A2FB000302FB013310F130
S21401EB60807043F10003400E40EAC310803820EA6B
S21401EB70E0707047044D00200722164B70B5DA6628
S21401EB80154B164A1D68164BEC08E005C0184FEAEF
S21401EB90153141F100010023FAF766FB114B124EC5
S21401EBA018604EF66020FFF7D3FF4042C6F8840097
S21401EBB00E48FEF7EDFF024658B1E301500818185B
S21401EBC04FEA15714FF0000341F10001FAF74CFBD3
S21401EBD0F06570BD000002B8A04C002065CD1D0098
S21401EBE0B2E60E00044D0020001F00B040420F00A8
S21401EBF010B5044698B10B4BD3F8FC00FFF78AFF1B
S21401EC004FF47A7303FB04F0074BA0F6AC50DA68B6
S21401EC109B681044C01ABDE81040FFF799BF4EF636
S21401EC206020F8E7001F00B0F44C00202DE9F843FF
S21401EC300546084614461E46FFF76CFF0DB306F060
S21401EC40020716F004061ED1DFB14FF47A706B6826
S21401EC505843002B40F08C80FFF77AFF60626B69A7
S21401EC60002B00F08C804B4AD0684FF47A7202FB7E
S21401EC700300A0F503501038FFF76AFF2062002E4C
S21401EC8057D1BDE8F8832869002868D04FF47A7315
S21401EC905843404BA0F6AC509B68C01AFFF758FF8C
S21401ECA0E061A88B00285DD04FF47A735843394B46
S21401ECB0A0F6AC509B68C01AFFF74AFF2061364B9E
S21401ECC0E968D3F8008000294FD04FF47A7359438E
S21401ECD0304BA1F6AC519A685B68891AC91A2F4B5A
S21401ECE0C8171A68DFF8BC90A2FB011302FB0033B9
S21401ECF011F1807143F10003490E41EAC3118039D5
S21401ED00274B6161DB6EA361D9F8003053B14046F1
S21401ED1019F09BFE30B12246D9F800301D49D8F8CB
S21401ED20D80098470021A869FFF762FFA062002F6C
S21401ED308BD1A86830BB47F23050FFF709FFA060BF
S21401ED404FF47A702B6858432BB1124B1B6803F5AE
S21401ED501C5310331844FFF7FBFEE06091E74EF6B4
S21401ED6060209BE74EF66020A6E74EF66021B6E7E8
S21401ED70084B1B6803F51C53103318446CE747F225
S21401ED80305079E74FF47A735843A0F503501038A2
S21401ED90D3E700BFF44C00202C4D0020044D00208A
S21401EDA0001F00B0F04C002038B5054608461C464A
S21401EDB019F06DFF0246D5F8E400FFF79DFE4368A3
S21401EDC0A018002B044AA8BF4FF4FA721A44034B4A
S21401EDD092FBF3F2104438BD0CFEFFFF18FCFFFF58
S21401EDE070B5124C88B001AD0FCC0FC594E8070082
S21401EDF085E807008C2200210D48FAF7A1FDD422F0
S21401EE0000210C48FAF79CFD0B4B0C4A5A6301F0A3
S21401EE104DFA0B4B1B783BB1044E01AD0FCD0FC61F
S21401EE2095E8070084E8070008B070BDC41F00B06D
S21401EE30A01E00B02C1F00B0001F00B01011111151
S21401EE40945B002008B51EF002FC0E4B1A78A2B99E
S21401EE500D4A126812F4843F0FD10C4A1021D16773
S21401EE601B7863B9084B1B68DB0508D4074B2022C7
S21401EE70DA67BDE808401EF0E5BB054AEEE7044B3D
S21401EE80F5E700BFA75B002048160020002002B867
S21401EE90001002B80A4B197801F0FF0229B10021CF
S21401EEA0197008499202C1F8B420597801F0FF029E
S21401EEB029B1002159709302024AC2F8B83070474E
S21401EEC0A25B0020005000B8064BD3F8D80E064BC4
S21401EED05B6F1A0103D4054B9B6E1B0401D500F52D
S21401EEE080707047001000B0000002B8004000B803
S21401EEF010B51EF0ACFB0E2104460320FFF7FCF80C
S21401EF0040F20122034B2046BDE81040DA621EF0B3
S21401EF1099BB00BF004000B808B51EF098FB4FF043
S21401EF200042224BC3F88020BFF34F8FBFF36F8F91
S21401EF300122C3F88420BFF34F8FBFF36F8F0222E5
S21401EF40C3F88420BFF34F8FBFF36F8F0422C3F83B
S21401EF508420BFF34F8FBFF36F8F0822C3F884203E
S21401EF60BFF34F8FBFF36F8F1022C3F88420BFF318
S21401EF704F8FBFF36F8F2022C3F88420BFF34F8FCC
S21401EF80BFF36F8F4022C3F88420BFF34F8FBFF3C8
S21401EF906F8F4FF48072C3F88420BFF34F8FBFF397
S21401EFA06F8FBDE808401EF04DBB00BF00E100E0DA
S21401EFB008B51EF04CFB4FF00042094B1A600122C7
S21401EFC05A6004225A6008225A6010225A6020228F
S21401EFD05A6040225A60BDE808401EF033BB00BFAD
S21401EFE000E100E0012370B5074C2370074B1E6853
S21401EFF0074B3240D3E9005319402840FCF7F8FC90
S21401F0000023237070BD00BFA55B00200C4D0020BF
S21401F010481600200022044B1A70044B197811B1CF
S21401F0201A70FFF70FBF7047A65B0020A75B002092
S21401F0302DE9F047DDF820A003EA0108099B064602
S21401F0400C4602EA000703EA0A09BAF1000F40F08B
S21401F0504E81031F0B4300F00E81052871F100035A
S21401F06080F0E48050EA010300F06081431E0B4308
S21401F07000F02481FFF750FFAD4AD2E9005323EA9E
S21401F080040325EA06053D4343EA0807A94BC2E9FE
S21401F09000571E68DFF8F48226EA0A0646EA0906E1
S21401F0A01E60FFF7CFFE15F02A4F14BF48F2020389
S21401F0B04FF40043A04AB007D26EA04848BF43F4BD
S21401F0C0005383EA020122EA0302C2669C4A0B400D
S21401F0D08166D366C5F380421203290348BF42F412
S21401F0E08072EB0648BF42F40052964BAC0648BF0E
S21401F0F042F400726806D3F80C3248BF42F48062CC
S21401F100290648BF42F400628F4882EA030123EAD7
S21401F1100203C0F80C328D4B0A40C7F34024A40406
S21401F120C0F80812C3F80C22EA0448BF44F480343D
S21401F130AB0348BF44F48014A80748BF44F48004D6
S21401F14015F4001F06D0D8F8000019F0D4FE08B94F
S21401F15044F40024E90248BF44F40034FA0648BFE8
S21401F16044F4000473077A4B48BF44F004041A6A57
S21401F17044F4001484EA020323F0010375491A409B
S21401F1800A621C40CB61744B16F0010F1C62734B74
S21401F190734A18BF1A46734B7C071B6F48BF42F071
S21401F1A00062714882EA030123EA020303676F4B98
S21401F1B00A4041661A676E4A05F00103516CA0F5D4
S21401F1C0803081EA030221EA0301416482631A4026
S21401F1D0684B28025A64D8F8002048BF664B92F85C
S21401F1E0F62058BF654B690748BF43F4806322B1D8
S21401F1F015F4C06F18BF43F480733207604A48BFE6
S21401F20043F00043D2F8EC105E4883EA010222F490
S21401F210A0221140C0F8EC101340C0F8E0205A4A72
S21401F220BDE8F047C2F8EC30FFF7C2BEA0F5806338
S21401F2300B4306D020F48063A3F500730B437FF4E1
S21401F24019AF1EF004FA3A49D1E9003223EA06035F
S21401F25022EA040242EA08023B43C1E900324B4A71
S21401F260126892F8F610474A09B313F4C06F1ED01D
S21401F2704FF4807311E01EF0EAF92D4AD2E900310D
S21401F28023F004033B4341EA080157EA0807C2E9B1
S21401F29000314FF480633B4A0BD0C2F8E030A2F550
S21401F2A08052C2F8EC30BDE8F0471EF0CBB94FF4FF
S21401F2B08073C2F8EC30C2F8E030F4E71EF0C7F90C
S21401F2C01B4AD2E9003123F001033B4341EA08011E
S21401F2D0C2E9003101232E4A57EA08071BBF936390
S21401F2E0A2F580525364536408BF9363DBE750EA88
S21401F2F001037FF4BFAEBAF1010F7FF4BBAE1EF07F
S21401F300A6F90C4A136823F0010343EA09031360C4
S21401F3104FF48063144AB9F1000F04D05366A2F586
S21401F32080521367BFE713675366BCE7BDE8F087F3
S21401F330481600200C4D0020004000B8006000B8C0
S21401F340005000B8004001B8006001B8005001B894
S21401F350000002B8002002B8001002B8041C000326
S21401F3600418000300C001B800E001B800D001B8DD
S21401F37000C000B800D000B80D0A0A09090A0A0937
S21401F3800040005400600054005000542C4D0020F2
S21401F39000E000B8024B5868C0F3C000704700BFD9
S21401F3A048160020024B186800F00100704700BFA5
S21401F3B048160020024B5868C0F3C030704700BFA3
S21401F3C04816002010B50446FEF700FDFFF7A4FD21
S21401F3D02046FDF7BDF8FEF7A5FCFEF7ABF8FEF7F5
S21401F3E01DF9FFF7C9FB13490723134AD1F8FC108F
S21401F3F004F1F800FFF71AFC4FF080710020FEF7C9
S21401F400E7FB4FF000720D4B4FF400110120C3F8DB
S21401F4100021FEF7DDFBFEF7D7FF20B940F292325E
S21401F4201421FBF7FDF819F099FCBDE81040012006
S21401F430FDF766BF001F00B0581F00B000D001B82E
S21401F4408023074A1367082340B11367054AD2F899
S21401F450A03023F02003C2F8A0307047024AF4E738
S21401F460001002B8001E00B0002002B810B51EF051
S21401F470EEF8012104460020FFF7E2FF044B196174
S21401F480044B5B6898472046BDE810401EF0DAB88A
S21401F490000002B8AC610020F8B5194C054620788A
S21401F4A040F2E442B0FA80F03E214009FBF7B8F89A
S21401F4B055B9607840F2E442BDE8F840B0FA80F011
S21401F4C03E214009FBF7ACB84FF440660D4F0E4D98
S21401F4D0D7F8B43040F2E442C3F381232370C5F871
S21401F4E0B46060783E21B0FA80F04009FBF798F8E6
S21401F4F0D7F8B830C3F381236370C5F8B860F8BD98
S21401F500A25B0020004000B8006000B8F8B5084CC7
S21401F510084D236F0423084F2B67236F5B0300D42A
S21401F520F8BD042602203E6719F095FB2E67F4E726
S21401F530000002B8001002B8002002B8A82238B5B0
S21401F5401A4B1D6F03F500531A6710229A60A3F534
S21401F550804302F100521A675A66FFF79BFC144B70
S21401F5601B7813B90320FEF78BF80024114B9C6718
S21401F570FFF7CCFF104A114BD2F8D81E0B40C2F849
S21401F580D83E04220E4B1A670E4BAA06C3F8AC40AF
S21401F59008D503F58073DB6CB3F5817F22BF80222B
S21401F5A0024B1A61BDE83840FCF7C2BB000002B846
S21401F5B0A45B002000C001B8001000B0DF0000FF0F
S21401F5C0002002B8001E00B010B549B930B3164A83
S21401F5D0D3681B0E13F00E0F20D193689A061DD424
S21401F5E0FFF786FC104C0020FEF72AFE032801D008
S21401F5F0092805D1636FDB03F5D4E36D0C2BF2D933
S21401F600FFF784FF4FF40072084BDA62012203F51C
S21401F610E8335A61042203F580531A674FF4C06237
S21401F620034BDA6210BD00BF000002B8004000B80C
S21401F630006001B808B503210920FEF75DFD202210
S21401F640014B1A6108BD00BF000002B838B5054677
S21401F6501DF0FDFF0E4B04461868FDF745F835B161
S21401F660FFF7D8FC2046BDE838401DF0EBBF094B3C
S21401F6701B78002BF6D0084B1D78002DF2D1FFF732
S21401F680C9FC2A464FF480400021FFF7ABFCE9E7AE
S21401F6902C4D0020A65B0020A55B00202DE9F84F2D
S21401F6A05C4B06460D4614461B6F002A40F0AE80A2
S21401F6B013F0A00F14BF4FF001094FF00009FCF73B
S21401F6C037FBA0234FF0000ADFF868810320C8F853
S21401F6D07030FDF7D5FF0420FDF7D2FF4E4FFFF740
S21401F6E099FC4E4B4FF0040B7B67C7F878A0FFF7E9
S21401F6F00DFF4B4B4FF48071D3F8A020494842F0E0
S21401F7002002C3F8A020FF22C8F80820414A116150
S21401F710D0F8D82E44491140C0F8D81EC8F870B0A9
S21401F720C3F8ACA07B6913F0060F04D0FEF75CFAB1
S21401F7305846FDF7A5FFB9F1000F08D04FF4006257
S21401F7403A4B1A674FF40042A3F5E0339A6666B166
S21401F750374BDB6C180701D4FFF7CAFBFFF76AFFCC
S21401F7600420FDF78DFFFFF795FB2A4B5A69D10759
S21401F77047D5DA6812F0706FFBD12E4B2E4A1A6706
S21401F7802E4AD36B23F0F003D36315B12046FFF75F
S21401F7905DFF2B4BD3F84C315A1C01D05B0002D5D0
S21401F7A00122244B5A6164B3214BDA6E03F50053F0
S21401F7B09A6603F5D0331B6A1E4A23F00103D36110
S21401F7C0204BD3F80C1203F50053C3F8081203F5C7
S21401F7D00053D3F8841003F5005399671A4BD3F8F6
S21401F7E0EC1003F50053C3F8E010184B596C03F501
S21401F7F000539963164903F5803359664FF608435B
S21401F80013670020BDE8F84FFCF736BD4FF000093E
S21401F81055E700BF000002B800C001B800000101B2
S21401F820001E00B0001000B0DF0000FF001002B89C
S21401F830004000B8002002B810003000001F00B0E1
S21401F8400080E00F004001B80040005400C000B83E
S21401F8505000002F9B4B2DE9F04F9F6EDB6E85B05D
S21401F8601F40994B9F66994BD3F8E050D3F8EC3084
S21401F8701D40974BC3F8E050964BD3F80822D3F8B7
S21401F8800C3202EA0309944BC3F8089203F52043AD
S21401F890DA691B6A02EA0308904B08F47702DA6118
S21401F8A08F4BD3F80422D20605D4D3F80431C3F320
S21401F8B00016DB0651D51DF0CAFE8A4B5A695E6EEC
S21401F8C01B6F12F0060F06EA0306874A26F000733E
S21401F8D014BF4FF0010A4FF0000A23F400637407C7
S21401F8E0536604D5814A137D0133DBB213751DF0CF
S21401F8F0A9FE002F00F0E28017F4004300F0D38049
S21401F9001DF0A5FE0146FFF7DFFA0446784BD3F853
S21401F91000B0DBF80020DBF800309A42FBD0DBF8C1
S21401F92000209A42FBD0FFF7CFFAA04217D1084633
S21401F9301DF088FE6F4B1C606F4BD3F870B01BF444
S21401F940E0520ED124F07F4424F0DF040CB9FFF717
S21401F950F5FD4FF0807B002414E0B246C9E704466B
S21401F960D7E70192FFF7EAFD5C4B019A1BF480543E
S21401F9701A6740F09A801BF4806F0CBF4FF0805BD3
S21401F9804FF0806BB80715D55B4A5448126F02F4E6
S21401F99060410167002900F08B80110400F18B8023
S21401F9A012F4005F0CBF4FF000524FF000620024CB
S21401F9B04BEA020BC7F340377F00504A2A40002A21
S21401F9C04AD015F4206F0AD040F6A3120621002073
S21401F9D0FAF726FE0020FFF739FE25F48025EB0511
S21401F9E006D5FF213D4A4BF4C06B9160FFF780FAC4
S21401F9F015F0090F0AD040F6B81208210020FAF7D0
S21401FA000FFEFFF717FE0121304A116315F0106F44
S21401FA100CD040F6C11209210020FAF701FEFFF7CB
S21401FA2009FE002211461046FCF736FE15F4202F7B
S21401FA300AD040F6C91207210020FAF7F1FD00208E
S21401FA40FFF704FE25F48025E80301D5FCF768FFDF
S21401FA50002DB8BF47F0080769070DD51B4AD26AC3
S21401FA6012F4005F4FF4005217BF19492449CA62C5
S21401FA704BF4000B08BFCA626A0548BF4BF0040B83
S21401FA8015F48023019300F0A480FCF701FF0138F0
S21401FA90062837D8DFE810F028012B0128012E01AF
S21401FAA03101340134019B4655E74FF0804B52E754
S21401FAB04FF000727BE74FF0004278E7BB463C46CA
S21401FAC07BE700BF004000B8006000B8004000546B
S21401FAD000600054004001B8006001B8002002B880
S21401FAE000E100E000C001B800E001B8104D0020C0
S21401FAF02C9C0400084D0020000002B8090B0B895D
S21401FB000050005440F6FA1203210020FAF788FD4F
S21401FB1001218548826ED0F8883002F0070206324D
S21401FB2001FA02F2C3F30C0CA2EB0C0292B2072A02
S21401FB3012D97E4A126F53020ED47D4B826B806DB2
S21401FB405B6D5BB102F0070206329140C0F30C0018
S21401FB50091A89B2072901D84BF4007B754A127835
S21401FB60002A36D0704AD2F8E02012F4A02F30D105
S21401FB70714A724912789AB9F20411D40A787AB1A4
S21401FB804FEADB026E4842EA447282F00102D0F884
S21401FB90D80E02F00102520020FA02F2930718D1A1
S21401FBA00420FDF76DFD674A67485067FFF732FA94
S21401FBB062490A784AB9654A127832B1644A654997
S21401FBC012680BEA02020A4201D14BF4804B26F47A
S21401FBD08056B9F1000F1DD019F4805F18BF4BF4A1
S21401FBE0802B19F4807F18BF4BF4002B19F4005FAB
S21401FBF018BF4BF0100B19F4007F18BF4BF0200B09
S21401FC0019F4806F18BF4BF0400B19F4006F18BF42
S21401FC104BF0800BB8F1000F48D018F4001F0AD043
S21401FC204D4A13683BB1414A4C48116F00680022A7
S21401FC30C1F3C061984718F4802F18BF44F40074CC
S21401FC4018F4803F18BF4BF4805B18F4801F18BF70
S21401FC504BF4003B18F4800F18BF4BF0020B18F45E
S21401FC60003F18BF4BF4801B18F4000F18BF44F078
S21401FC70100418F4002F19D0394AD2F8A02012F037
S21401FC80C00F13D02949CA68C2F30362032A01D000
S21401FC90072A05D14A6FD00602D48A6F120732D5D9
S21401FCA04FF400212F4A28F40028D161002E00F0DD
S21401FCB01B81330540F18F802B48DFF88890C2788E
S21401FCC02A49002A58D04FF40063013AD2B24B6653
S21401FCD0C27032B9264A1278C2B140F60141254AAD
S21401FCE051670022002173E04BF4803B10E74BF490
S21401FCF0006B0DE74BF4806B0AE74BF4807B07E75C
S21401FD004BF0080B04E74BF4001BCFE7D9F878203B
S21401FD1012F4A05F15BF4FF4807240F60142C9F895
S21401FD205820C9F87820DCE700400054000002B8EB
S21401FD30004000B8A75B0020A65B0020A95B00205E
S21401FD40001000B000C001B800000101A85B00204F
S21401FD5048160020088D0100404C00202C4D002044
S21401FD60001E00B0002002B8985B002000E001B839
S21401FD70A45B002000D001B80320FDF781FCD9F870
S21401FD801420A84B12F0060F04BF41F61F72A649B5
S21401FD90A64808BF4A674FF40061A34A5166D9F8DE
S21401FDA0142012F0060208BFC9F878205A8A12F405
S21401FDB0006162D022F400625A82027802F0FF09E2
S21401FDC0002A5ED1FDF710FFFFF7B8FB4A46202157
S21401FDD04BEA020B0C43B00009D52E20FDF79EFB23
S21401FDE04FF00051904A44F0080411675166F1063D
S21401FDF006D52B20FDF792FB10218B4A1167516621
S21401FE0016F0306F05D1F20463D5BAF1000F00F099
S21401FE10C080330117D52920FDF780FB844A526C38
S21401FE2012B11021834A9160FFF7B4FA48B1824AB1
S21401FE3082487D494A66026700F54050C068400422
S21401FE4022D444F0040416F0007A28D00420FDF7EA
S21401FE5017FC2720FDF762FBFFF770FB4FF00071E0
S21401FE60714A5166764AD2F8D82E520679D40221C2
S21401FE70704A916044F0020428E002784FF4005280
S21401FE80A6E74FF400422DE70A6720204A66FDF7F1
S21401FE9045FB2D2044F00C04FDF740FBD3E716F09C
S21401FEA0807FDFF88C9147D00420FDF7E9FB2820FE
S21401FEB0FDF734FBD9F87820002A3AD1FFF73EFB4C
S21401FEC0594A5D4944F00104116751660021584AB8
S21401FED09165720508D55B498A78002A00F0D880BA
S21401FEE0013A8A7000221743574AD2F8A020130617
S21401FEF003D558462146FCF7C7F93A4658462146E7
S21401FF00FFF770F8019B0BB1FCF7F8FC01224F4B91
S21401FF1005F00435C3F8E0504D4B18F4002FC3F834
S21401FF2084211EBF4FF40022424BDA6105B0BDE8C2
S21401FF30F08FC9F878A0C3E7F104C7D50420FDF710
S21401FF409FFB444AC9F87420FDF74EFED9F8642099
S21401FF5012F0407FBAD12A20FDF7E0FAFFF7EEFA59
S21401FF6080E7394AD2F8A0108B0683D402203A499A
S21401FF7088603A49096891F82510C8077FF57AAF75
S21401FF8092F8C420002A3FF475AF8021344A1161EB
S21401FF9070E7344A1268013202D04BF0010B98E741
S21401FFA028490A7952B1013AD2B20A7112B9234AE2
S21401FFB02D49516700224BEA020B8AE70420FDF720
S21401FFC05FFB0320FDF75CFB194A224951671DF0D0
S21401FFD03EFB81460DF10F00FEF732F9234A8246B9
S21401FFE012780AB1FEF784FFBAF1030F0ED1DFF8DB
S21401FFF070A00020FEF724F9032807D1DAF8742050
S214020000D103F6D4DAF85C200C2AF2D99DF80F2038
S214020010032A2FD10121164A484611701DF012FB01
S214020020C8E700BF104D002000E001B8A45B002026
S21402003000C001B8002002B81000002000D001B8AD
S214020040001000B0985B0020001E00B00060005454
S21402005000E100E000000101001002B82C4D002073
S214020060000002B8B46100200000010DAA5B002067
S214020070A65B0020094AD2F8E02012F4A02FC9D1CC
S214020080FEF7C8FF48461DF0DDFA4FF4804292E7BD
S2140200900220FDF7F5FA012225E700BF00400054D2
S2140200A00122024B1A62DA61704700BF002002B8D2
S2140200B00D4B10B5DC691A6A14400C4A24F47F0111
S2140200C0D161E20706D5D9684FF0FF30C1F303616C
S2140200D018F04EFE630706D5BDE810400422002045
S2140200E00021FEF77FBF10BD000002B8002002B854
S2140200F00C4A08B5936B526C13400B4A9363DB07AA
S2140201000FD50A4B40F663421878122100F0010020
S214020110FAF786FABDE80840002201200021FEF721
S21402012061BF08BD00C000B800E000B84816002055
S214020130054AD2F88430DB07FBD4936FD2F88420CA
S2140201401340024A93677047008001B800A001B8C6
S21402015070B514460D461DF07AFA064BD3F8A06029
S21402016074402C407440C3F8A0401DF06BFA06EAB7
S214020170050070BD001E00B0034BD3F8A0309943B3
S2140201800CBF012000207047001E00B02DE9F04190
S21402019017460A43012A1D469DF818409DF81C6022
S2140201A0DDF8208029D8B44227D2082E25D8032B82
S2140201B023D8B8F1000F20D00A460021FBF71CFD19
S2140201C0FF21EB009940C943DFF834C008F1FF383D
S2140201D0FF00E2B2964202D80020BDE8F0813D1947
S2140201E00CEB8505D5F8E02018F8010F0A40984078
S2140201F01043C5F8E0000134EBE72120EDE700BF2D
S214020200001E00B0034B1868034B002808BF1846B0
S214020210704700BF284D00207CBD04002DE9F8433E
S214020220DFF860900646D9F8008008461746B8F10F
S214020230000F03D00E242046BDE8F88306B33368C9
S21402024001331DD1E1B1FAF70DF805460028F1D0C9
S214020250C9F80000FAF72CF8284618F09DF804466C
S21402026040B14046C9F80080FAF722F8284618F04E
S2140202708EF8E0E73560002FDDD02846B847DAE78B
S2140202802124D8E72C4D0020024B1868003818BFEE
S214020290012070472C4D0020002108B5024B08466D
S2140202A05B689847002008BDAC6100200523064A1B
S2140202B0A2F84A3092F8493003F0010363F0730360
S2140202C082F84930704700BF001F00B00023F0B527
S2140202D085B0CDE901330393124B134D1B78134EB1
S2140202E08DF804301DF0C0F92A78337804469A4215
S2140202F00F4F0CD03178386801AA297018F06DFDBE
S21402030050B140F608210B481DF0A0FA04E0386808
S21402031018F043FD0128EDD020461DF0A0F905B0E7
S214020320F0BD00BFC8640020FF6400200065002006
S214020330484D00209D730400F8B52B4B1B7823B163
S21402034040F6FC3129481DF081FA1DF08DF9284B44
S21402035007461C8814F0060409D001214FF4807069
S2140203601CF036F93846BDE8F8401DF078B921464B
S2140203704FF480701CF02CF9204600F0ABFF0228E8
S21402038008D180221B4B8021186818F0CFF8FFF79F
S2140203909DFFE7E7204600F09DFF054638B101289D
S2140203A007D040F6314111481DF050FADAE702460E
S2140203B0E8E7FF220F4E104B30681A70FFF76CFF0B
S2140203C0306818F0EAFC0128CCD02A462946306864
S2140203D018F0E5FC21462C201CF026F921460A20BE
S2140203E01CF022F9BEE700BFB05B00209D7304003C
S2140203F016550020484D0020FF64002000210148C9
S2140204001CF02CBF2C6200207F2837B5044610D182
S2140204104FF6FF73022217480DF10601ADF80630BB
S214020420EBF712FBBDF80640E2054CBF6FF04A043C
S21402043064B21DF019F9104B05461C700F4B1B8851
S214020440DB0710D50E4B1B78002B0E4B0CBF21463C
S2140204506FF07F01186818F08EF820B140F67861C8
S21402046009481DF0F3F9284603B0BDE830401DF0F8
S214020470F6B800BF641002C0F764002016550020CC
S214020480B15B0020484D00209D73040010B513F0A8
S21402049013FC60B113F012FC0B4A80B141F20D035B
S2140204A0BDE8104041F20D0107481CF0E3B9074BC6
S2140204B01A781B799A4204D100220023F0E70D2312
S2140204C0EEE7034AF9E700BF400D0300C8640020C8
S2140204D0488D0100F8B5164E0D46337802F0010439
S2140204E023B140F2C53113481DF0B0F9124B134F39
S2140204F01D60134DA4B1134B997801B10121202040
S2140205001CF066F82B783B700F4B1C780F4B0021C3
S2140205101C70042333700E48BDE8F8401CF09EBEE3
S214020520214620201CF054F82B783B70EEE700BFE3
S214020530B05B00209D730400384D0020AD5B0020A8
S214020540016500203C4D0020AE5B0020AF5B002022
S2140205502C6200202DE9F8431DF086F8DFF8A08112
S2140205600546B8F80030614C13F4807F03D0237838
S21402057073BBFFF7E1FE002108461CF055F85C4B02
S2140205801A78FF2A13D01A7802F0FF0632BBFF222F
S2140205901A702378052B0AD10023284623701DF0F3
S2140205A05EF8304618F0A9FC1DF05EF80546237882
S2140205B0504E062B09D13378FF2B06D03378022B08
S2140205C015D100214C481CF049FEFF2333702BE066
S2140205D000214FF480701BF0FBFFCCE71A78012A4B
S2140205E04FF0FF0214BF33264C261A70D4E7337836
S2140205F013B13378012B22D11CF08AF807463E4805
S21402060096F8009001F0DCFBFF235FFA89F933705D
S21402061077B1B9F1010F44D16421374884F80090CC
S2140206201CF01CFEFFF752FE28461DF018F806E0E6
S214020630284627701DF013F8384618F05EFCB8F806
S21402064000301B0605D5002180201BF0C1FF16F0E6
S21402065048FF01F0F1FA294E308000B32778012FC7
S21402066042D11CF00FFD054610B301301DF0CCF947
S21402067000F44060B0F5006F1AD1042239462846CD
S2140206801CF040FC28441DF0BFF94FF6FF73984259
S2140206900ED10020318800F0FFFC00233380BDE835
S2140206A0F8830023284623701CF0D9FF3F20C4E7B6
S2140206B0114801F085FB002108462170012500F053
S2140206C09DFC23780BB9FFF737FE0020318800F037
S2140206D0E3FC00233380002DE1D020780028DED111
S2140206E0BDE8F84318F054BD0025EAE7B05B0020E9
S2140206F0FE640020FD6400202C62002014550020B9
S2140207001655002008B513460A461946064B1868C1
S21402071017F0BEFF30B1BDE8084040F2F44103488E
S2140207201DF094B808BD00BF484D00209D7304001C
S21402073008B513460A461946064B186817F0A2FF74
S21402074030B1BDE8084040F2FB4103481DF07EB8D8
S21402075008BD00BF484D00209D730400024B187868
S214020760431E584258417047B05B002008B5064BFE
S2140207701B7823B140F2255104481DF067F8FFF7B5
S214020780DBFD002008BD00BFB05B00209D730400A7
S21402079008B5054B01EB81011868490017F0EDFE1C
S2140207A0002818BF212008BD484D002008B5044B7C
S2140207B01868F9F70FFF0A2390FBF3F040B208BD62
S2140207C0484D0020014B1878704700BF0065002096
S2140207D008B5044B186817F03BFEB0FA80F04009E3
S2140207E008BD00BF484D002038B5124D0C462B7888
S2140207F0012B04D940F246510F481DF027F8214636
S2140208000020FFF7E5FF90B10C4B1C702B785BB90C
S214020810FFF792FD0A4B93F900100A4BC9011868BC
S21402082017F07FFE002038BDFFF750FDF2E72120CB
S214020830F9E700BFB05B00209D730400006500204E
S214020840B25B0020484D002008B5074B186817F029
S214020850FDFD30B1054BB3FBF0F083B20BB1184689
S21402086008BD0120FCE700BF484D002040420F00B3
S2140208702DE9F3475C4E01201CF0E5FF338899070B
S21402088004D440F63F4159481CF0E0FFDFF880816F
S21402089098F80030053B012B04D940F641415348F5
S2140208A01CF0D4FF524F3B6823B940F644414F48F0
S2140208B01CF0CCFF348814F0200478D001212220CA
S2140208C01BF0B2FE4FF47A74FFF7BEFF3B681B784C
S2140208D00933434304EBC30498F80030A5B2062B51
S2140208E00BD11CF0DDFA0446FFF7AEFF6023584337
S2140208F00C2303FB0400284485B2D7F800903D4B36
S21402090099F800801C7808F1FF381FFA88F8002C46
S21402091052D133885A0505D409F101001DF074F846
S214020920C0F340143449354A887812784B7812FB63
S21402093000F2334F93423B70A4BF9B1A3B703B7846
S214020940CA78BD60934238BF13463B7013F0BCF9B9
S214020950002833D013F0B6F9012814BF1025082555
S21402096025430023DFF8ACA0009380224346494685
S214020970DAF8000017F033FE20B14FF43B611B4853
S2140209801CF064FF1F4BDAF8000019781E4B197032
S21402099033889B0614D52A461C4B009718F01BFA80
S2140209A0C0B9002002B0BDE8F0471CF04CBF21469B
S2140209B022201BF039FE87E70024B3E72546D0E75E
S2140209C02A460F4B18F005FA014618B925201BF0E7
S2140209D02BFEE6E7214626201BF026FE40F6F431E3
S2140209E002481CF033FFDCE7165500209D73040016
S2140209F0384D0020B35B0020C8640020AD5B0020A9
S214020A00DC61002000650020FF6400203C4D0020D1
S214020A10B05B0020484D0020184B10B51B889B0782
S214020A2004D440F6A66116481CF010FF154B1B783E
S214020A30053B012B04D940F6A76111481CF006FFBE
S214020A40114B1B6823B940F6A9610D481CF0FEFE47
S214020A5000240E4B0E4921201C701BF0E5FD0146BA
S214020A6018B9BDE81040FFF703BF022804D120469C
S214020A70BDE810401BF06EBE10BD00BF165500202C
S214020A809D730400B05B0020384D0020AB5B002055
S214020A90310C0200F8B55A4C23889A0704D54FF455
S214020AA03E7158481CF0D2FE574801F089F91CF0F6
S214020AB0DBFD238805465B070DD54FF0FF3017F0A8
S214020AC0D5FD524B1B68C01AB0F5717F03D90021C1
S214020AD004201BF07DFD28464D4D1CF0C0FD2B78F2
S214020AE0042B32D11CF0C0FD238806465F0708D5CA
S214020AF0454800211CF0B2FB3046BDE8F8401CF029
S214020B00AEBD1CF0ACFD1CF0AFFD424B06461B789A
S214020B10414F13B9238859050FD505230121022019
S214020B202B701BF055FDFFF777FF30461CF097FD44
S214020B303B68DA78394B1A70F8BD386801301CF019
S214020B4063FF8206E9D50623E8E7062B4DD1344B30
S214020B501B78FF2BF0D1334E13F0B8F83378002B06
S214020B603DD01CF081FD238805465B0705D5264847
S214020B7000211CF073FB2846BFE71CF070FD33789B
S214020B80013B33701CF070FD0446012102201BF06D
S214020B901FFDFFF741FF20461F4C1CF060FD20683A
S214020BA001301CF031FF00F44060B0F5006F13D145
S214020BB024680121042220461CF0A4F920441CF0DB
S214020BC023FF0146184B04201A783378D21AD2B281
S214020BD0BDE8F8401CF0E1BE4FF6FF71F2E7402098
S214020BE02B70BDE8F84018F088B9012BA4D1002379
S214020BF02B700E4B1868FFF74FFB3F20F1E700BF44
S214020C00165500209D7304002C620020344D0020EF
S214020C10B05B0020B35B0020384D0020AC5B0020A8
S214020C20FD640020AD5B002001650020484D0020D9
S214020C3008B50A4B1A7882B9012210281A7004D015
S214020C4040F69D6106481CF001FE002120201BF0A4
S214020C50BFFCBDE80840FFF70BBE08BDAB5B00203B
S214020C609D73040008B5094B1B88DB0604D440F2CA
S214020C70C35107481CF0EAFD102000211BF0A8FC17
S214020C80044B1868BDE8084018F09CB816550020BA
S214020C909D730400484D0020012208B5074B1146FB
S214020CA0186818F07CF800212C201BF0BDFCBDE86B
S214020CB0084000210A201BF0B7BC00BF484D0020A8
S214020CC0014B4008185C7047F964002008B51346CB
S214020CD00A461946064B186817F0E0FC30B1BDE824
S214020CE0084040F6E94103481CF0B0BD08BD00BF0D
S214020CF0484D00209D73040008B5044B186818F090
S214020D004CF8013818BF012008BD00BF484D00202E
S214020D10054B10B54C0022460146186817F01BFC1E
S214020D20031B5842584110BD484D002070B5054679
S214020D301CF09AFC0E4B0F4E1B880446DA073570E1
S214020D4008D50D4B0D4D1B78012B08D901212868BB
S214020D5018F0CDF82046BDE870401CF080BC1BB1F0
S214020D6012F0A8FFC305F1D4317881F00101EEE755
S214020D7016550020F8640020B15B0020484D002084
S214020D800C4B10B51B880446DB0711D5FFF77EFB1C
S214020D90094B84F0010208211868D20017F0C6FB3E
S214020DA030B1BDE8104040F6367104481CF04EBD26
S214020DB010BD00BF16550020484D00209D7304004C
S214020DC008B5044B0146186817F073FC003818BFC4
S214020DD0012008BD484D002010B50A4C23787BB18F
S214020DE0FFF75AFF002104201BF0F2FB002102202D
S214020DF01BF0EEFB00232370BDE81040FFF79CBA01
S214020E0010BD00BFB05B002038B5094800F0E8FC12
S214020E100024084D95F84430E0B2834200D838BD2D
S214020E2005EBC000043000F0DBFC0134F2E700BF43
S214020E30EC4D00204C4D002008B5104602494822D1
S214020E40F8F70EFF002008BDA44D002008B505489F
S214020E501CF06CFE014620B9BDE8084001481CF0B3
S214020E60FDB908BD4C620020002238B51C4B154661
S214020E701C461A700132082A5D609D8043F8085F9E
S214020E80F8D1482200211748F8F75AFD4FF6FE73AC
S214020E90A4F868306FF48033E365134B00211A8898
S214020EA0124B1868F8F74CFD114BC4E91255C4E909
S214020EB0283584F8445084F85050656584F8A85064
S214020EC0EAF72CF9FF220B4B012118700A4B00207F
S214020ED01A70E3F7D9FD0020FFF7B8FF002038BDEF
S214020EE04C4D0020A44D00206C6400200C610020B4
S214020EF00000FFFFB45B0020095C002010B5AC24A4
S214020F00084B04FB0030836C53B990F850403CB950
S214020F1031B1C0E912122046FFF798FF204610BDF5
S214020F202120FCE74C4D0020AC2370B503FB00F5F6
S214020F30094E731993F850405CB9204610F0AAFC8B
S214020F40735D204643F002037355FFF77FFF20468A
S214020F5070BD0120FCE700BF4C4D0020AC23584377
S214020F60024A135C23F00303135470474C4D0020CF
S214020F7070B516461F4A04461278C2BBAC211E4DF7
S214020F8001FB00518A6C92BB91F850203AB1022BB9
S214020F902DD191F84410072907D91C2026E091F894
S214020FA044100729F9D8012B08D0AC2000FB0450C6
S214020FB0CA00011D0C30F8F715FD0021AC2303FB17
S214020FC004F000249DF8143000EBC1012944CB71D3
S214020FD0049B8E808B602B1893F8442020460132A7
S214020FE08C7183F84420FFF731FF204670BD012044
S214020FF0FCE700BFB35B00204C4D0020F8B5234B46
S21402100004461B780F46002B3ED1AC23204D03FB33
S2140210100053B3F8A03023B940F245311D481CF006
S21402102015FCAC2202FB0452D2F8A46036B192F848
S214021030A33039460020B2F8A020B047AC230021E6
S2140210406343EA18A2F8A010C2F8A410482192F846
S214021050A82001FB02322A44D2F89820964213D0E6
S214021060EB5C9B070CD5AC226243AB5C204623F0BC
S214021070020343F00103AB54BDE8F840FFF7E6BEB7
S21402108010F02AFC0028EED1F8BD00BFB35B0020AA
S2140210904C4D0020F47304002DE9F04F89B0059002
S2140210A008460D461BF0EEFF044618B9212009B08B
S2140210B0BDE8F08F28461CF001F8C0B20838215C63
S2140210C0221892F802A00491D178526827780392E7
S2140210D00022B4F80130ADF81E20434A029192F87D
S2140210E000B0BBF1000F08D0404B1B681BB1204676
S2140210F04FFA8AF298470020D9E703F00703022B3B
S21402110070D001340922594620461BF0FBFE023FEE
S2140211103F1A3B0606465FFA87F8C7D4344FD7F81D
S2140211209090B9F1000F27D100210DF11E0B434616
S21402113022460846CDF800B010F0E4FAC3B20546DF
S214021140002B4BD1BDF81E0017F01BFFE0B9BDF80F
S2140211501E0018F012F88146BDF81E0017F011FFA7
S214021160F0B906EB080201232146584692B200F077
S2140211707BFDD0B119209AE75B465A4601212846E4
S214021180C8470028D0D191E7D7F89430BDF81E00A2
S214021190002BDCD0A11998470028D8D1022086E778
S2140211A042464846A119F8F75BFDBDF81E001BF043
S2140211B069FF029B059A0372049B80F809A083725A
S2140211C0039B1BBAC360AC2303FB027393F8502045
S2140211D0BDF81E0022B1DB6C03B19847E8B266E7A1
S2140211E0BB6FF9E7012062E7B35B0020304D0020B9
S2140211F04C4D00202DE9F84308460F46164602F1EC
S214021200010917F0BFFF8046384617F0B3FE0428E0
S21402121056D1384617F0D2FE48F661054FF6FF72F1
S21402122048F64103294C904208BF1D46B4F85C10AC
S214021230301D1CF0EBFB384617F0C0FE0146B01D11
S2140212401CF0E4FBB4F85E1006F108001CF0DEFBAE
S21402125006F10A0438460DF067FF10B145F0100596
S214021260ADB2294648461CF0D1FB384617F085FF3A
S214021270424601462046F8F7F3FC384601211BF0A9
S21402128039FF4444074660B11BF018FF054638464E
S2140212901BF0F8FEEDB201462A462046F8F7E0FCBF
S2140212A02C440B4AA41B13780134591C1170F3709A
S2140212B034703046BDE8F843092201211BF022BEF5
S2140212C048461CF0A1FB4C460546C3E74C4D0020A1
S2140212D0B45B0020AC2210B548245043094B1A18C0
S2140212E092F8A81004FB0100034493F87700022842
S2140212F006D092F850301BB9032818BF012010BD43
S2140213000020FCE74C4D002070B508B1012070BDEE
S214021310234C94F8A850002DF8D12946B4F85C2046
S214021320FFF706FA29462846B4F85E20FFF7EAF9E0
S2140213302946284604F16002FFF7C8FC94F8773085
S214021340002BE3D0284694F85860FFF73BFA864213
S21402135015D1002094F95A50FFF728FA854216D183
S2140213600020FFF7B7FF044600201BF081FD00288F
S214021370CDD02146BDE870400020FFF7F7B92846D9
S21402138094F85810FFF730FA0028E2D0BFE70020A2
S21402139094F95A10FFF7FCF90028E1D0B7E700BF2E
S2140213A04C4D00200346AC2010B51446164A00FBEE
S2140213B0032292F8770002280CD1E07F022809D196
S2140213C041B112490978012913D992F858102278A6
S2140213D091420ED118462178FFF7FAF990B14822C9
S2140213E021460B48F8F73CFC00201BF041FD08B9EB
S2140213F0002010BD044B93F8A8000028F8D1FFF790
S21402140083FFF5E72120F4E74C4D0020CE64002050
S214021410A44D002038B5AC230D4C054603FB004313
S21402142000205A6DD86483F8500012B15865FFF751
S21402143019FCF5F74BFBFF281EBFAC2303FB054444
S21402144084F8A8000020FFF75FFF002038BD00BF29
S2140214504C4D00207FB51D4C94F8A83023B10020D7
S21402146084F8A800FFF750FF94F85A30B4F8A0604A
S2140214708DF80F3026B940F2FD2115481CF0E6F92A
S214021480144B31461D6800202A46FFF7B3FEE46F70
S21402149002469CB10DF10F03019300232946304604
S2140214A00093A04702462C7854B920462146FFF7FF
S2140214B0A5FD2046FFF7CAFC04B070BD0122F2E784
S2140214C029460020FFF706F8F6E700BF4C4D00203D
S2140214D0F47304000C61002038B5494B1C78002CCC
S2140214E058D1484800F06CFC20461BF0C1FC00288E
S2140214F050D0454C2378D90733D594F850201AB1EA
S21402150023F00303237045E023F00103237010F059
S214021510CBF9237805469A0701D510F0BBF9294680
S21402152000200FF053FF40B92378284643F001030A
S2140215302370BDE8384010F0ADB90023482284F885
S214021540A33094F8A83084F8A25002FB0343D3F8E1
S2140215509830A4F8A000C4F8A430BDE83840FFF7DD
S21402156079BF94F84400B0B104F1A003251D95E8B4
S214021570030083E80300FFF76DFF94F84420284633
S214021580D20004F10C01F8F72DFA94F84430013B2E
S21402159084F8443038BDA26C62B99B0711D5237813
S2140215A0002023F0020343F001032370BDE8384015
S2140215B0FFF74CBC0123A06484F850309047237890
S2140215C09EE710F089F90028E9D194F8A83073B1A3
S2140215D0F5F77CFA94F85030002BDBD1FF2818BFC1
S2140215E084F8A800BDE838400020FFF78DBED4F886
S2140215F08C30002BECD098470028CBD1E8E700BF10
S214021600B35B00204C6200204C4D002070B50446AF
S21402161000201BF02DFCAC235C430B4E351995F8CD
S21402162050300BB1002070BD0028FBD007481CF0DC
S2140216307DFA0028F6D1335D002BF3D195F84400ED
S214021640B0FA80F04009EEE74C4D00204C620020D4
S21402165010B5084A034617F0A3FD14684FF6FF724A
S21402166003EB40039C42184603D901880233914299
S214021670F8D010BD084E00202DE9F047204F054651
S2140216803B88A3B3B0F90230002B30DBDFF87C8056
S2140216901C49D8F80000F8F7A9FB20B94FF4EA7104
S2140216A019481CF0D3F80026DFF85CA0DFF860903B
S2140216B03A88B3B29A4204D84FF4EB7150461CF003
S2140216C0C5F8D9F80030B2B253F83200D8F8001094
S2140216D003EBC20468B943F83210A38828460133E4
S2140216E0A38017F05DFDE38803EB4003E380BDE8CB
S2140216F0F087F8F77BFB01360028D9D1EDE700BF6B
S21402170018550020C1730400CB7304006C620020DD
S214021710FC4D002038B5094C094D22682B689A42C8
S21402172004D94FF4877107481CF090F8286823689C
S214021730C01A20F0010080B238BD00BF084E00205B
S214021740104E0020CB73040038B5124C124D2146C1
S2140217502846F5F741F823680BB12B681BB9DE2142
S2140217600E481CF073F82A680D4B0E491A6023685F
S21402177023F0010313440B600B4B1A602AB9BDE831
S2140217803840F82105481CF061B8FFF7C3FF64280B
S214021790F5D938BD004E0020044E0020CB7304005D
S2140217A00C4E0020104E0020084E002038B5094C82
S2140217B0094D22682B689A4204D34FF48A7107486F
S2140217C01CF044F828682368C01A20F0010080B292
S2140217D038BD00BF0C4E0020104E0020CB73040014
S2140217E02DE9F0411D4B04461B78012B24D10088BD
S2140217F01BF02AFC0546D8B10426DFF864802C4686
S2140218001BF032FF07462046FFF736FF638843EA9F
S21402181008036380A05B1BF017FC044638461BF0E7
S2140218201EFF1CB1B4F90230002BE9DA062E01D1F4
S214021830BDE8F0810626E2E7022BF9D11BF014FF81
S214021840024620881BF000FC18B10388C3F30E037F
S21402185023801046BDE8F0411BF001BFB55B0020B7
S2140218600080FFFF2DE9F04F0024BA4B97B00646E2
S2140218701C801BF0F9FE0123DFF8EC82B64F3B70AA
S214021880B8F80030A8F80040ADF81630B34B1B6825
S21402189001931BF0E4FEB24B21461A88B14BD200EC
S2140218A01868F8F74DF80DF11600FFF799FF002EAD
S2140218B03CD1DFF8B8924FF0000B0125D9F8004072
S2140218C0019B9C4239D3BBF1000F39D1002DF2D0D7
S2140218D0D9F80040DFF898A225462246019B9A4294
S2140218E073D302230DF116003B70FFF779FF002E2B
S2140218F040F08F80D9F800603246AA4280F0A2807B
S21402190090881BF0A1FB18B10388C3F30E039380E3
S214021910D0881BF099FB18B10388C3F30E03D3805B
S2140219201046FFF795FE0246E7E79847E3B256F8F9
S21402193023300134002BF8D1BBE7BBF1000F3ED0B9
S2140219400BF1FF335FFA83FB16AB03EB8B0252F805
S214021950402CB2F9020051880028B1DA4B04AFD409
S214021960924641F48040931D2AF8020F02933AF8F9
S214021970020F1BF069FBF0B1B0F902E0B0F802C04A
S214021980BEF1000F17DB6FEA4C4C6FEA5C4CA0F816
S21402199002C00390FFF770FEBBF10F0F8FBF00254A
S2140219A016AB039A03EB8B009EBF0BF1010340F8C4
S2140219B0402C5FFA83FB029B9A45D8D180E72046EB
S2140219C0FFF746FE22460446C3E7104617F0E8FB3A
S2140219D08346B2F90200118800280AEA010108DAF1
S2140219E020461BF027FB084381B204EB4B0402EBB4
S2140219F04B0510461180FFF72BFE02466EE798470E
S214021A005FFA8AF356F823300AF1010A002BF6D160
S214021A1070E74FF0000AF3E73046FFF719FE8246FA
S214021A207EB1B6F902307188002B0ADA3088C0F32C
S214021A300E001BF009FB864203462DD1C1F30D01B1
S214021A4071805646AE42E7D3DFF81CA11BF00CFEAF
S214021A5000210646504617F006FC1BF0F5FA05462E
S214021A60002800F0878030461BF0F9FD284617F064
S214021A7097FB064620461BF0DDFA81467600324684
S214021A8029462046F7F7AEFF002249460DF116001A
S214021A901CF024F83444D9E71BD9304617F080FBF3
S214021AA0C1F30D01420071801846314692B2F7F733
S214021AB099FFC6E75046FFF7CBFDD146854203D9CC
S214021AC0B0F90230002B01DA824603E0FFF7C0FDD0
S214021AD0F4E7B146554507D9BAF80000C0F30E0040
S214021AE01BF0B2FA8245E5D3B9F1000F30D0B9F84F
S214021AF00000C0F30E001BF0A7FA034638B93346BF
S214021B00CB46994513D8B1459BD0D946ECE7484613
S214021B1017F046FBB9F802204946C2F30D02A9F8AF
S214021B200220420092B21846F7F75CFFE7E7184633
S214021B300193FFF78DFD019B9B46854203D9B0F9C1
S214021B400230002B01DA0346DBE7FFF781FDF4E7FC
S214021B50CB46DAE71A550020B55B0020084E002077
S214021B6018550020FC4D00201C5500200C4E00206D
S214021B700080FFFFBDF816303870A8F80030044B1E
S214021B8030461C601BF06BFD17B0BDE8F08F00BF3F
S214021B90084E00202DE9F04105461BF055FA0F4687
S214021BA00446D8B11BF084FF20B940F2FB4120481E
S214021BB01BF04CFE28461BF081FA05462046FFF72E
S214021BC047FDBD42064609D004D840F203511848E4
S214021BD01BF03CFE2588ED0B02D02781BDE8F08184
S214021BE06780204617F0DCFA074604EB40081BF035
S214021BF03BFD104B1A68B2420AD1C3F800801BF0B4
S214021C002EFD2A464046BDE8F041FF21F7F798BE72
S214021C10A6EB0806B5B21BF022FD072DF1D900236C
S214021C20083D44F81730C8F80430A8F80250D5E743
S214021C30CB730400084E002038B51BF015FD0021BA
S214021C400546044817F00FFB044628461BF007FD1E
S214021C50204638BD1C550020024B1888B0FA80F08A
S214021C60400970471C5500202DE9F74F04460088AE
S214021C701F461BF0E9F98846154606461BF018FF74
S214021C8020B940F2FE613F481BF0E0FD3388DB0BD3
S214021C90009306D033892B443381002003B0BDE87D
S214021CA0F08F20881BF00AFA82463046FFF7D0FCF7
S214021CB001901BF0D9FCDFF8D0B0019BDBF80020C6
S214021CC081469A421DD1FFF725FDA84204D2484616
S214021CD01BF0C5FC1A20E1E70AEB050373803FB14F
S214021CE020881BF0CFF92A4641465044F7F7B8FF42
S214021CF03046FFF7ADFCCBF8000048461BF0AFFCC1
S214021D00CBE71BF0ACFC20881BF0D8F928440099DE
S214021D1080B21BF02BFA06460028DBD01BF0B2F985
S214021D20814620881BF0AEF9824620881BF0C6F951
S214021D30514602464846F7F793FF3046AFB11BF0CE
S214021D40A1F9074620881BF0B9F92A4641463844CD
S214021D50F7F786FF012120881BF0CCF90121024605
S214021D6030461BF0DBF9268097E71BF08BF980469E
S214021D7020881BF0A3F92A4639464044F7F7E0FDCF
S214021D80E8E700BFCB730400084E00203421014868
S214021D901BF05CBDDF730400036910B55BB182689B
S214021DA0064B9A4201D1002010BD44691BF047FD44
S214021DB0201AF9D5F7E74FF0FF30F5E78D1D020040
S214021DC082681C4B70B59A420446056819D11BF00E
S214021DD04BFC236923B1A34206D100222A601A6172
S214021DE0BDE870401BF03BBC1A4611461269A2427F
S214021DF0FBD12A68A24208BF29600B610023236137
S214021E00EEE7036993B198426E6803D19D210A48B2
S214021E101BF01CFD2B46B44209D122699D4218BF15
S214021E201A614FF0000308BF6A60236170BD334633
S214021E303669F0E78D1D0200DF7304002DE9F047D6
S214021E40074600254FF0010A154EDFF858808AB083
S214021E50347914B90AB0BDE8F087D6F8009087B98D
S214021E6000972A46B8F80010234603A81BF0CDFEBA
S214021E702246484603A9E9F713FE2544EDB2083682
S214021E80E6E7224603A94846E9F7DEFDCDF800A0BC
S214021E9023462A46B8F8001003A81BF0B6FEECE765
S214021EA0A8BD04001E5500200148FFF799BC00BFDC
S214021EB01E5500209C46174BF7B50546084619885E
S214021EC0164611B1144B1C78CCB101466246304618
S214021ED0BDB103B0BDE8F040E9F7B6BD1C44E4B2BC
S214021EE008373B79002BF0D03A689642F6D185F057
S214021EF00105224600951BF088FE03B0F0BD074F91
S214021F00EFE7E9F7CDFDB0B203B0BDE8F04015F05B
S214021F10ECBA00BF1E55002002650020A8BD0400D2
S214021F2010B5074C238843B10020FFF787FF002037
S214021F30FF22044B20801A7010BD0220FCE700BF6F
S214021F401E55002002650020142810B518D808284F
S214021F5005D115F043FBC401E4B2204610BD0E289D
S214021F6002D115F03EFBF6E7064B53F82040002C54
S214021F70F3D00A282478F0D107F0C2FB0443EBE73B
S214021F80FF24EAE7F8BD0400014BB3F86800704787
S214021F904C4D002000487047B64D0020014B187883
S214021FA0704700BF2C5B0020014B1878704700BFBB
S214021FB02F5B0020014B1870704700BF2F5B00207C
S214021FC0204B022810B5204C187002D00438012885
S214021FD022D82378042B0BD000211C481BF03EF994
S214021FE02378033B012B03D9002119481BF036F94D
S214021FF0184B1B689A0022D513F0805F40F61144F6
S21402200018BF4FF44164204615F09DFEC8B920461D
S214022010BDE8104015F067BA0C48FFF7D1FE0C4831
S214022020FFF7CEFE17F098FB2378033B012B03D86D
S21402203015F083FE1624E6E70DF0BAFFFAE715243C
S214022040E1E710BD335B0020345B00209062002085
S214022050383F0020CC3F0020024B187800F00F00DB
S214022060704700BF335B0020034B187800F00F0068
S214022070831E584258417047335B002008B517F05C
S21402208056FBC0B117F06CFBA8B10FF01BFD90B960
S2140220900A4817F09FF870B1094817F09BF850B13C
S2140220A015F0A4FA38B115F050FE20B9BDE8084084
S2140220B0044817F052B9002008BD00BF2055002082
S2140220C054550020144E002030B505460C4693B0F9
S2140220D081B910B9002013B030BD1023214A6946D9
S2140220E00120FFF7E7FE9DF805305A1E052A28D97B
S2140220F01720F0E7182200212046F7F721FC002DD2
S214022100EBD1FFF7B1FF30B315F018F96A46014676
S2140221100020FEF791FEBDF80430204623819DF88C
S2140221200230A3729DF80030E37217F0DEFC002343
S21402213004F11401237304F1100004F0F7FDE081AA
S214022140C8E7094A9DF8041012789142D0D12B7044
S214022150002CD6D1BEE7054B1B78033B022BD3D906
S214022160C6E700BF64EE0100D5640020335B0020A2
S21402217030B593B005460C46FFF776FF20B90C4BF8
S2140221801B78033B022B10D815F0D8F86A46014696
S2140221902846FEF751FE00209DF80230607023703C
S2140221A09DF80030A37013B030BD1720FBE700BFC8
S2140221B0335B0020054B1878012805D000F0FD009F
S2140221C0A0F1310358425841704700BF335B0020EC
S2140221D02DE9F3410E46002105461BF079FC00234B
S2140221E0124FADF806002B800DF1060016F0F2FF36
S2140221F0044610B102B0BDE8F08121460DF106009A
S21402220017F031F880461AF03DFF438AB34207D9E9
S2140222109B1B43822246414628461BF05FFCE3E7AF
S21402222043895B07E0D53B88F3E700BF6E64002076
S21402223008B50A48FFF7C4FD09484FF47A71FFF75C
S214022240C7FF074816F0C6FF30B9BDE808404FF48E
S2140222507A7102481BF002B808BD00BF7062002007
S2140222607C6400201FB50146002201A81BF0C6F8B8
S214022270064801A91BF08FFC20B11AF003FF408923
S214022280C0F3400005B05DF804FB00BF7C6400208C
S21402229030B585B00D460022014601A81BF0AEF807
S2140222A0084801A91BF077FC50B11AF0EBFE044671
S2140222B0014608222846F7F795FB6089C0F34000DE
S2140222C005B030BD7C64002010B5044C204616F0E4
S2140222D0B8FF6388181A80B210BD00BF7C64002065
S2140222E0F8B50546F8B100210F481BF0F1FB04468D
S2140222F0A8B10D4F20461AF0C5FE06461BF06AF836
S214022300830705D4082229463046F7F765FE38B11A
S214022310214638461BF000FC04460028EAD1002479
S214022320201E18BF0120F8BD7C64002010B50C46A4
S214022330014606481BF02FFC30B11AF0A3FE438973
S2140223401C4214BF0120002010BD00BF7C64002088
S2140223501FB51446024601A81BF050F8074801A90B
S2140223601BF019FC40B134B11AF08CFE142201465F
S2140223702046F7F737FB012004B010BD7C6400202E
S2140223801FB50146002201A81BF038F8094801A92A
S2140223901BF001FC58B11AF075FE4389024613F091
S2140223A0020004D0507B80F00800C0F3C00005B0E5
S2140223B05DF804FB7C6400200146014817F067B80C
S2140223C07C640020F8B504460E46142000211AF05C
S2140223D0CDFE0546204616F034FF6388834225D993
S2140223E025B33146204617F052F808BB28461AF0A5
S2140223F049FE07460A223146F7F7F4FA082206F1A2
S2140224000A0107F10A00F7F7EDFA0A4B1B887B82EE
S214022410238823B94FF47A7107481AF01FFF204623
S214022420002229461BF05AFB0020F8BD1C20FCE7C0
S2140224302E20FAE76E6400207062002010B5044673
S21402244086B0B0B11AF0C6FF10F0020011D1CDF876
S2140224500E006168CDF81200ADF81600206801ABD8
S21402246003C32289044801A91A80FFF7ABFF06B00E
S21402247010BD2120FBE700BF7C640020F8B50D46A6
S21402248016461F46044648B31AF0A4FF30BB204641
S214022490FFF792FFE0B1214611481BF07CFB1AF0D1
S2140224A0F1FD438905734673877343F0020321895E
S2140224B04381204601F0F2F9FF28044606D001F0D7
S2140224C0F3F818B10022074B43F82420002004E05A
S2140224D02046FFF7B3FF0028DDD0F8BD2120FCE739
S2140224E07C640020083D0020F7B59DF824400D4688
S2140224F001949DF82040064600941F460DF076FC97
S2140225004FF6FF718842044610D0BB0711D4284606
S21402251000F0CCFF20461AF0D5FFFF281FBF084A5E
S21402252032F8103023F4804322F81030204603B0ED
S214022530F0BD02462946304616F0B0FFEAE700BF75
S214022540E454002073B50E46014614481BF023FBE4
S2140225500546D8B11AF096FD43890446334012D098
S2140225609B0736B20BD5002E09DAA17B437B028984
S214022570007B0191012100912146FFF7B5FF638997
S21402258023EA06036381628912B1012002B070BD9C
S2140225902946024816F086FEF7E700BF7C64002054
S2140225A00148FFF71DB900BF7C6400201FB50C462A
S2140225B00B4A014601A81AF021FF01A8FFF7FCFE0C
S2140225C060B101A907481BF0E6FA1AF05BFD036842
S2140225D0236043680020636004B010BD2D20FBE733
S2140225E066BE04007C64002013B53E4C12F026F949
S2140225F0D4F8FC311020C3F307430193FFF7A4FC81
S214022600000650D50020FFF79FFC01064BD5019B24
S214022610802B3ED1236A9A0704D440F615442046FE
S21402262002B010BDE3699B07F7D52F4815F0ADFE43
S214022630012016F07DFC12F014F904460028EED1B3
S21402264000F086F9294816F062FE00F0F1F9E8F784
S21402265065FB12F0F2F80AF0F1FC0AF043FDF4F71B
S21402266017F9F4F7CBF9F4F7E5F904F003FD14F0E3
S214022670B7FF14F0B8FF15F06BFB1D480CF00CFC0E
S21402268007F092FE15F023FB0028C8D015F021FBB8
S214022690C5E7019B812BC0D1D4F80C315B00BCD5B9
S2140226A0D4F80C31BFE71020FFF74EFC0006BCD46E
S2140226B00020FFF749FC0106B7D5019B802B05D108
S2140226C0084B1A6AD207A8D5DB69ACE7019B812BB7
S2140226D0A3D1044BD3F80C21002A9EDAD3F80C318E
S2140226E0A1E700BF0080E00F690345EC144E00200E
S2140226F06522020010B517F02CF870B301F0B8FB93
S21402270080F00104E4B20020FEF7F6FA44EA800400
S21402271024B217F00CF810BB0220044316481BF034
S21402272005FA44EA401415481BF000FA24B244EABB
S214022730001413481BF0FAF924B244EA8014114834
S2140227401BF0F4F924B244EA40240F481BF0EEF9D9
S21402275024B244EAC02080B210BD0124D3E70B485D
S21402276016F038FD0028D7D0094816F033FD80F061
S2140227700100C0B24000D0E7D0620020B46300205F
S214022780D03F0020346300209463002020550020B0
S2140227905455002008B501F047F90EF0DFF8FDF7B2
S2140227A0D9FE154816F016FD08B906F065F9134865
S2140227B016F010FD08B907F0E1FD03F059FC0CF025
S2140227C01DFD0F4816F0D5FD0E4B1B78043B022B61
S2140227D009D80D481BF0AAF928B1FFF78BFF10287D
S2140227E001D109F07DF914F003FF16F065FEBDE88D
S2140227F008400648FFF736B82055002054550020FA
S214022800144E0020345B0020B463002070BE040027
S214022810014B1868704700BF484D0020F8B54FF6C8
S214022820FF77104B06461B780C46033B012B0F80A6
S21402283009D830460AF0BAFC4FF6FF739842208059
S2140228400ED000200DE00CF023FEB8420546208094
S214022850F7D1304600F002FDA8422080F1D1E8E729
S2140228602D20F8BD345B00204FF6F77370B5984202
S21402287004460D4686B05AD816F01FFEA04207D16F
S21402288008222C492846F7F7ADF8002006B070BD9E
S214022890294EB6F86830A3420AD10022082106F172
S2140228A06A0016F09CFD18B9082206F16A01E9E7EB
S2140228B0ACB1224B1B78033B012B1AD80023012212
S2140228C01946204600930AF01BFBFF2823D129460F
S2140228D020460AF0BFFC80F00100C0B2D6E7184BD3
S2140228E01B689B07E5D4284608F0DCF90028E0D0F0
S2140228F0CBE7204600F06AFFFF2806D1294620468D
S214022900FFF754FE0028D9D1BFE7294600F080FF22
S2140229100028F3D0B9E702A917F0FDFF0028D6D1A8
S214022920DDF80D302B60DDF811306B60ADE701206D
S214022930ACE700BFB65B00204C4D0020345B0020A5
S214022940CC3F0020014B1870704700BFD5640020B2
S21402295010B5054C082221460448E9F775F82046CA
S21402296016F0E5FD10BD00BFB65B002034B608C009
S21402297000487047B65B0020082208B50349F7F7FF
S2140229802BFBB0FA80F0400908BD00BFB65B002002
S214022990014B1870704700BF275B0020074B44F6B8
S2140229A0FF701A7840F6FF73012A18BF1846044BC8
S2140229B01B780BB140F40040704700BF345B002028
S2140229C0275B0020F7B50D46044616461F46002133
S2140229D0284601F0F1FF0B4B002183F859402A46A6
S2140229E03346204600970EF0AFFC014630B1022275
S2140229F0204603B0BDE8F04000F006B8012003B060
S214022A00F0BD00BF4C4D002013B513460C461AB15C
S214022A10022A0CBF134601230021044A01910092A8
S214022A202246FEF7A5FA02B010BD00BF3598030095
S214022A3000B5002093B0FEF717FA1E4B18880CF06C
S214022A4031FA1D4B1D491A7800200EF0A1FD3422E2
S214022A5000216846F6F774FF0B238DF800306FF4FA
S214022A60803301934FF6FE73ADF8103003238DF8D2
S214022A701D30134B134A0893134B10680993134BDC
S214022A8051680D93124B6A460E93124B0F93124BDC
S214022A901093124B119302AB03C300210846FEF7B4
S214022AA081FC6A4601210020FEF77CFC13B05DF82B
S214022AB004FB00BF66640020E864002088820400ED
S214022AC0D92E0200B65B0020D195030051670200A2
S214022AD081300200517E020035980300A161020097
S214022AE0014B1878704700BFBE5B0020014B188868
S214022AF0704700BF806400202DE9F74F81461046DC
S214022B000E4690461AF080FFDFF840B105469BF865
S214022B10003033B94A4B1B681BB94A4B1B68002B63
S214022B207FD015F4406A05F040071BD19FBBB5F570
S214022B30804F61D24FF48074B9F1400F73D0B9F16F
S214022B40800F63D0B9F1100F6BD100239BF8000001
S214022B503D4AD9B2884264D932F8021B0133A142F7
S214022B60F7D166E008F103001AF04EFF4FF6FF7346
S214022B70984214BF0124022487B1052705F4404376
S214022B80B3F5004F44F0080425D0B5F5804F24D2A3
S214022B9044F4807421E054460327EFE7B5F5804FEE
S214022BA04FF00507F4D3BAF5406F14BF0220082091
S214022BB0384440441AF028FF019016F09BFC019B13
S214022BC005F4404598420CBF44F0080444F004045F
S214022BD0B5F5004F01D144F08004BAF5006F0FD16D
S214022BE008EB07001AF010FF054616F066FCA8422E
S214022BF0A2D144F010049FE7544603270220D7E7E9
S214022C00BAF5406F08BF44F0200495E70C4B1B68EA
S214022C103BB10022D1B233F8110033F9111000296A
S214022C2003DA002008E0074BF1E7A04202F10102B6
S214022C30F0D106B13480012003B0BDE8F08F00BFAA
S214022C40244E0020284E00207E550020065C0020E0
S214022C50034B1A78022A04BF09221A70704700BF73
S214022C60BF5B00200C22034B1A211A70032000229D
S214022C7002F024B8BF5B00200C2208B5054B1A21CF
S214022C801A700022104602F019F80022024B1A604F
S214022C9008BD00BFBF5B0020304E00200C2270B57E
S214022CA00D4B05461E781A7030B93046BDE87040A6
S214022CB000221A2102F002B8084B1C78E1B21A2947
S214022CC0F3D825FA04F3DB0703D54422304601F095
S214022CD0F5FF0134F2E700BFBF5B00200465002069
S214022CE00C22024B1A7015F029B800BFBF5B0020F9
S214022CF0F0B50C8805460E468BB0E4B94FF6FF7762
S214022D00ADF8247015F02DF810B902200BB0F0BD06
S214022D10CDE90340CDE90544134A0294B2F85C308B
S214022D206032019300923B464CF60101FF2009AA4D
S214022D3018F03AF93080284616F055FD0B4C70B163
S214022D40237863B1013BDBB22846237016F04BFDB5
S214022D5038B12078B0FA80F04009C0B2D6E7052331
S214022D60F2E70120F9E700BF4C4D00200365002082
S214022D70034B11461B6803B1184714F072BB00BF21
S214022D80304E00200C22024B1A700AF0F1BC00BF33
S214022D90BF5B00200148FEF723BD00BF225500207E
S214022DA07FB505460C4616461AF03CFC00286BD149
S214022DB0062D03D85223EB40DB071AD4B4F1006F7A
S214022DC005D3E30E1C3B032B18D94F202EE000221E
S214022DD02F4B1A602F4B1D7016F02AFB03460A2D46
S214022DE054D8DFE805F02D183E49182518535341EC
S214022DF0360002F03BFCB4F1006FE2D20022244B14
S214022E00042D1A60234B1D70E6D1022001F02EFC21
S214022E1016F00EFB0346012202921F4A01921F4A37
S214022E2000921F4A314620460EF088FE04B070BD5E
S214022E30314620461B4A04B0BDE870400EF066BE1E
S214022E4031462046184B194A04B0BDE870400EF0D1
S214022E5041BE00220292164A0192104A0092154A78
S214022E60E0E702220B4B1A7000221046124904B009
S214022E70BDE87040FEF742B8002202920F4A019265
S214022E80064A00920E4ACDE74D20CFE70120CDE755
S214022E90304E0020BF5B00209D2C0200D92E02007F
S214022EA021980300852D0200792C0200712D020064
S214022EB0E12C0200F12C0200512C0200652C0200CB
S214022EC0E397030008B50EF069FE0C22014B0020C2
S214022ED01A7008BDBF5B0020F0B585B0ADF80600DD
S214022EE018B9762164481AF0B1FCBDF8060016F04F
S214022EF041F80446BDF8060016F03CF8082846D00D
S214022F000C2CBDF8060042D116F037F907461AF027
S214022F107BFD0DF10F010646BDF8060014F049FBD5
S214022F20002879D009220021384619F0EBFF9DF8D7
S214022F300F301033C518BDF806001AF0BFF8EDB210
S214022F40854269D22946BDF806000EF035FF06F422
S214022F504C4416F44066054614D0F81C1AF054FD8C
S214022F604FF6FF73984208BF44F04004B6F5006F70
S214022F7008D1781D1AF048FD4FF6FF73984208BF35
S214022F8044F010049DF80F305BB3072D44D1BDF812
S214022F90060015F0E5FF0446BDF8060015F0EAFF48
S214022FA0082817D0A30615D524F0200189B2BDF84B
S214022FB0060015F0C0FFBDF8060016F0DEF8002188
S214022FC0092219F09FFF00F1100189B20DF10600E7
S214022FD018F013F90022BDF8061028481AF07EFDF4
S214022FE01AE0082D16D8BDB1013D072D14D801A34D
S214022FF053F825F0513002005D300200193002000D
S2140230001D30020019300200693002008F2F0200C4
S2140230106F3002007C2D24D005B0F0BD24F4884425
S214023020A4B2B4F5084FF7D1BDF8060015F09DFF1F
S214023030BDF806100BF0D0FF0028A8D0BDF8060099
S21402304015F0FEFF0022014602201AF0A6FCE3E776
S21402305024F48064A4B2B4F5484F97E7B4F54C4F15
S21402306094E7B4F54C4F92D04CF6500301E04CF680
S21402307040439C428AE700BFED73040020550020BF
S2140230802DE9F7430F4690469946064619F0FAFF91
S214023090044630461AF012F8C5B2083D2C44E178D0
S2140230A0094BA2781970094B31461A700020434624
S2140230B03A46CDF8009012F06FF8003818BF01209B
S2140230C003B0BDE8F08300BFE35B0020E25B0020B4
S2140230D02DE9F04FDFF84081DFF8409198F80020A4
S2140230E099F8003006469A4285B004D340F2191188
S2140230F042481AF0ABFB30460DF10F011AF096F972
S21402310020B14FF48E713D481AF0A0FB98F800707B
S2140231109DF80F403D1B15F0FF0530D04FF0FF3CE9
S214023120374B01211B78A140184699F800304FF61C
S214023130FF790CFA03FC0023324A01F1FF3E0193A9
S214023140C1F1000A9DF80430984243D8122004FBCD
S21402315000002D4BA0F1120105EBC50252001944E6
S21402316004F101091844F6F73DFC4FEA890927489D
S214023170A9F104010144AA004844F6F733FC2249A7
S21402318004EBC40201EB420321F81260204A013725
S21402319012784FF6FF71DA731A745A7412025A8052
S2140231A01C4A0D2012781A7110225A7100229A7344
S2140231B0C3F80620C3F80A20144B43F8242088F8E4
S2140231C000701AF0EAFB0EB908F05CFF204605B064
S2140231D0BDE8F08F13884B450AD053680AEA030B02
S2140231E003EA0E030B4403EB4B0343EA0C03536060
S2140231F0019B083201330193A4E700BF0074040068
S214023200E2640020643D0020D4520020083D0020E5
S214023210E35B0020C05B00202D5B0020E064002002
S2140232202DE9F041074600250A4B0B4E93F8008025
S214023230ECB2A04503D8FF242046BDE8F081082260
S2140232403846B11DF6F7C8FE01350028F4D012360E
S214023250EEE700BF2D5B0020D452002008B5FFF732
S214023260DFFFFF281DBF00B2044B00EBC0004FF685
S214023270FF7018BF33F8100008BD00BFD4520020FC
S21402328007B50DF107011AF0D1F830B19DF80730F5
S214023290034803EBC30300EB430003B05DF804FBF3
S2140232A0D45200202DE9F843294E044633785D1E99
S2140232B02D1A8342EDB204D84FF4A17125481AF0B4
S2140232C0C5FA0123A3404FF0FF305F1E3B440021A6
S2140232D04FF6FF7E6FEA03081F4A92F800C01F4AA5
S2140232E0127890401E4ACBB29C4523D8BDB127B275
S2140232F004EBC4041B48640005EBC50204F112018A
S214023300014452002044F6F76DFBBF001648AA009F
S214023310391D014402F0FC023844F6F763FB3378A9
S2140233200022013B33704FF6FF71BDE8F8430E20D2
S2140233301AF033BB1388734507D0536808EA0309AB
S2140233403B4003EB59030343536008320131CAE79B
S2140233502D5B002000740400E2640020E06400207C
S214023360643D0020D4520020083D002010B50A4CCF
S214023370207858B9094B1B781A2B03D9992108488B
S2140233801AF064FA0322074B1A7010BD0138C0B255
S214023390FFF788FFECE700BF2D5B0020E06400200B
S2140233A000740400295B00202DE9F04705461AF058
S2140233B008FCFF28044624D1DFF884901E4B99F8B7
S2140233C000201B789A422BD22846BDE8F047FFF72A
S2140233D07FBE38883B79504518D86F2B4FEA1312B8
S2140233E014D85B0710D0123708F1010899F80010BC
S2140233F05FFA88F6B142ECD80023104ADEB28E425B
S21402340014D32046BDE8F087022AECD90DF0E2F983
S2140234100028E8D129463046BDE8F04716F024BA1F
S2140234204FF000084FF6F77A044FDFE710790133C2
S2140234308F28EFD81232E1E7E0640020D452002051
S2140234402D5B00204FF6F773984210B514D8FFF79D
S214023450ABFFFF2810D0134C00B200EBC00004EB09
S214023460400412F0F3F8104938B962880B7802EB80
S2140234700313A3EB1213638010BD227C637C0978CE
S2140234809A42E2732374617407D98B4203D21346BD
S2140234908B4228BF0B461B02EDE78A42F8D313463F
S2140234A0F9E700BFD4520020E35B00202DE9F0418B
S2140234B006460F4600240E4DDFF8388098F8003096
S2140234C0A34201D8BDE8F081082229463046F6F725
S2140234D083FD40B935F8063CBB4204D02046FFF7D0
S2140234E0E1FE013CE4B20134E4B21235E6E700BF85
S2140234F0DA5200202D5B0020F8B5054608460E4637
S214023500FFF78EFEFF2830D01D4B294653F8207059
S2140235103046FFF7CBFF2846FFF746FFFF28044654
S21402352025D10CF083F8FF280AD1164C207838B142
S21402353013F007FF2378B0FBF3F202FB1300C0B2CE
S214023540294616F091F9044623B20F4D03EBC30346
S21402355005EB430508223146A81DF6F743FA2B79F8
S214023560204603F00F032B71F8BD0027D3E7074B65
S2140235701B78002B18BF0027014B43F82070E3E7A7
S214023580083D0020E0640020D4520020056500209B
S21402359038B50B4B04461B780D46834204D840F2DE
S2140235A05A2108481AF052F9074804EBC40400EB03
S2140235B044002946BDE8384008220630F6F712BA1B
S2140235C0E064002000740400D452002070B5044663
S2140235D008460E461AF0F5FAFF28054610D0204691
S2140235E0FFF71EFEFF2807D0084B1B7823B9084BAF
S2140235F053F8202043F8252021462846FFF7C8FF27
S21402360031462046BDE87040FFF750BF05650020F2
S214023610083D00202DE9F84300248046012726466F
S214023620114DDFF84C9099F80030A34210D83E4373
S2140236300134E4B21A2C4FEA470705F11205F2D11B
S2140236404FF0FF30094B1B7898403043BDE8F883B3
S2140236502B884345EBD0284616F05EF90328E6D8B9
S2140236602B796F2BE3D8E3E7D4520020E0640020E6
S2140236702D5B002010B5084C00EBC00004EB4004A4
S21402368023795B0707D1204616F046F9237923F003
S21402369007031843207110BDD4520020014B18783E
S2140236A0704700BF06650020014B1878704700BFC0
S2140236B00565002070B51A48FEF782FB194B1B7889
S2140236C0033B012B28D805F0A3FB03F057FBBDE80C
S2140236D070404FF47A51124819F0C0BD23798F2BEF
S2140236E04FEA131111D80131204616F045F9062982
S2140236F001D8032909D12379002223F007034FF6C4
S214023700FF710F2023711AF048F91234013532780E
S214023710EBB29A42E2D8D6E70025034C034EF6E710
S21402372090620020345B0020D45200202D5B0020E3
S2140237300022084B1878084BD1B2884203F11203D4
S21402374000D8704713F80D1C013221F0100103F85F
S2140237500D1CF1E72D5B0020D45200202DE9F04726
S21402376002261227DFF85C90DFF85C8099F80040AA
S21402377000250CE007FB05F338F803A000215046AD
S21402378016F0DFF810B15CB1013CE4B2013599F8ED
S2140237900030EAB29342EDD8A34204D14FF6FF7A44
S2140237A05046BDE8F08713F0CCFD99F80030012EA4
S2140237B0A3EB040390FBF3F202FB1300C4B2EDD0BA
S2140237C00126D5E72D5B0020D452002010B5044612
S2140237D01AF0F7F9FF2808D1204619F073FEFF28E1
S2140237E01FBF024B1B78C018C0B210BDE064002099
S2140237F0044B00211A78044B04481B781A449200A2
S214023800F6F79EB8E0640020E7640020083D00203A
S21402381010B5134B0C461B7886B0834212D9114959
S21402382000EBC00001EB4001082220460631F6F705
S214023830D9F800220821204615F0D1FD80F00100BB
S214023840C0B206E0C01A01A9C0B20CF02BFA10B141
S214023850002006B010BD01AB03CB20606160E8E734
S214023860E0640020D452002008B5074B024653F805
S21402387020308B4206D915204FF6FF711AF08DF8CC
S214023880002008BD0120FCE7083D0020024B013164
S21402389043F82010704700BF083D00202DE9F3478B
S2140238A081460C4600272A4EDFF8ACA09AF8003074
S2140238B0FDB2AB4210D86946204617F061F9C0B394
S2140238C0082269464846F6F787FB90B349462046E3
S2140238D016F0F8FAFE2537E006F1060808224146F9
S2140238E04846F6F779FB90B94FF6FF739C422BD009
S2140238F03388A34228D0204619F0E4FDFF2814D1CD
S2140239004946204602B0BDE8F047FFF7F5BD14B9B8
S21402391012360137CAE73388A342F9D100220821BA
S214023920404615F05CFD0028F2D12846FFF7BAFCA7
S214023930CCE74946002019F095FDFF28054603D03E
S214023940044B1B780344DDB2284602B0BDE8F0877C
S214023950D4520020E06400202D5B002008B5FFF75B
S214023960E7FE054B1B78013B012B03D8BDE8084058
S2140239700CF084B908BD00BF345B00200F4B1B78E7
S21402398083420CD8C01A0E4AC0B232F81030D9049C
S21402399011D443F4805322F8103001207047094BAB
S2140239A000EBC00003EB40035A79D10603D442F081
S2140239B010025A71F1E70020704700BFE064002051
S2140239C0E4540020D4520020F0B5134B06461B7870
S2140239D0FBB100251148DFF84CC090F800E0104813
S2140239E007781F44E8B2864501D80020F0BD7C1B4C
S2140239F094FBF3F003FB10440CEBC4003CF8344099
S214023A00B44204D1002AF1D184788C42EED001353A
S214023A10E8E71846EAE700BFE2640020B83F002065
S214023A202B5B0020643D002070B510F0F8FE1425D4
S214023A300F49104E0B78328830809B1A03449BB293
S214023A40B3FBF5F405FB14330B700B49E2B20B78AB
S214023A50934292BF00239B1ADBB2032A0B7088BFE5
S214023A60002306499EBFD2000B68D3400B6070BD90
S214023A70C35B0020245500202A5B0020B83F0020AC
S214023A80084B1868084BC2B21B789A4208D2074BFA
S214023A90C0F307201B78984234BF002001207047ED
S214023AA001207047B83F0020E2640020C25B00207D
S214023AB0F8B505461746FFF7E3FF064610B9184B5A
S214023AC01A783AB9212001224FF6FF7119F065FFE4
S214023AD00020F8BD1348DFF854C003780133B3FB67
S214023AE0F2F402FB143303700F48DCF8002000EBFC
S214023AF0C30420F8335002F10132A1703846CCF8E4
S214023B000020FFF787FDE670606015F0D6FCA8423D
S214023B1001D10120DDE7E3780133E370F9E700BF66
S214023B20E26400202B5B0020643D0020B83F0020AA
S214023B3010B50B4C0B4A2378063B137010F06FFE41
S214023B400022094BFF211880084B09481A60227888
S214023B50D200F5F7F5FE0422064B1A7010BD00BF20
S214023B60E2640020C25B002024550020B83F0020FB
S214023B70643D00202A5B002048B139B1044B1B7813
S214023B800B70044B1B780370012070470846704781
S214023B90C15B0020076500202DE9F843074619F0AF
S214023BA04EFE05461A4819F0C1FF1A4B48B31C6868
S214023BB03C1B2C44A4B20022174BDFF864901B78FF
S214023BC0164D99F8006005EB03155FFA82F8464534
S214023BD009D9AB8805F11000A34215D9B21A2946B5
S214023BE01201F5F7FFFE013689F80060AC80B8F1E5
S214023BF0000F03D13946064819F030FB2846BDE8C7
S214023C00F8833C461D60D6E705460132DDE700BF75
S214023C10B0620020344E0020C55B0020083C002025
S214023C20C65B00202DE9F74F19F009FE4FF0000E93
S214023C30284D294F2978294C97F800A004EB011348
S214023C4003EB0A120092F3465246DFF898801FFAF8
S214023C5080FC0646B8F80000ACEB0009A0EB0C00AE
S214023C601FFA89F901900098984217D1BEF1000F09
S214023C7000D02970524503D200203A70FDF7E6F8CC
S214023C803B7823B32B78164804EB0314A188C8F8B4
S214023C90006003B0BDE8F04F19F0E0BAB3F804C014
S214023CA0CC450FD84FF0010E93F802C001310CF14B
S214023CB0FF3C013AA3F804B083F802C0C9B2D2B2FC
S214023CC01033D0E701988444A3F804C0F8E703B0A1
S214023CD0BDE8F08FC55B0020C65B0020083C0020D4
S214023CE0B0620020344E00207FB56C461E4B1F4D3E
S214023CF01E78013EF6B21E7095E80F0084E80F00AB
S214023D001B4B28461A7805F1100132441201F5F7CA
S214023D1069FE9DF8026016F00F0511D1BDF8080085
S214023D200EF0C4F9360918BF29464FF00002BDF856
S214023D30000008BF039904B0BDE8704003F0F4BC6D
S214023D40BDF80400FFF728FF0346828804ADADF8ED
S214023D500420224603CAAA4218605960144603F198
S214023D600803F6D104B070BDC55B0020083C0020F5
S214023D70C65B0020F8B50024084D094F094E3B7873
S214023D803178E2B20B449A4204F1010400DBF8BD3A
S214023D902846FDF725FD1035F1E700BF083C002058
S214023DA0C65B0020C55B002070B5134B06460D4669
S214023DB0104612491A78124B09781B780B44934224
S214023DC006DB1F204FF6FF7119F0E7FD002070BDDD
S214023DD0FFF7E2FE013506808570044619F02AFDDB
S214023DE0E0800EF069F940F602432081E36000208D
S214023DF0FDF72CF80120EAE7DF640020C65B00200E
S214023E00C55B00202DE9F84386460023144FDFF8F1
S214023E105C803E7898F8005012497219DCB29442DF
S214023E201CDA4FEA041C31F80C900133F14501EB21
S214023E300410F3D1631CD21A0CF1100C1201614467
S214023E40F5F7D0FDA5428BBF05F1FF3506F1FF362B
S214023E5088F800503E700CB9034B1C70BDE8F8831E
S214023E60C65B0020083C0020C45B0020C55B002027
S214023E70044B054A1B781278D3420CBF012000205F
S214023E80704700BFC55B0020C65B0020024B187857
S214023E90003818BF01207047C55B0020002108B516
S214023EA0084B09481970094B1970094B1970094BD0
S214023EB01A781201F5F744FDBDE808400648FDF7FA
S214023EC07FBF00BFC65B0020083C0020C55B002009
S214023ED0C45B0020DF640020B062002010B50B4CEB
S214023EE023784BB10A4803F0ABFD58B1084B0121C9
S214023EF0188815F024FC08B9002010BD0122054BD5
S214023F001A70FAE7FFF7F0FEEAE700BFC55B00208B
S214023F10083C0020C45B002010B50E4B1B78BBB1DA
S214023F200D4C238883424FF0000311D10B4AE16007
S214023F30137049B9A3781033A37015F0F6FE18B9BA
S214023F40A37823F00F03A370FFF7CEFE012010BD67
S214023F501846FCE7C55B0020083C0020C45B002036
S214023F6070B592B00C46064613F0E8F9E17A0546BB
S214023F700020FCF72DFC28B394F90A0015F03DFA50
S214023F8010BB134BE27A294683F85820A27A83F8AC
S214023F905A206A46FCF750FF4FF6FE739E420CBF4D
S214023FA04FF6FF7323896A4629460020ADF806605D
S214023FB0ADF80430FDF7F6F940B92289054B5A8070
S214023FC012B070BD5520FBE75620F9E72120F7E72F
S214023FD04C4D0020384E002010B5044601460822FB
S214023FE00948F5F7FFFC237B022B0AD8002B14BFE7
S214023FF03122012205490B7017234B61044B1A70BC
S21402400010BD00230122F5E73C4E0020384E00206A
S214024010335B0020014610230120014AFDF74ABF08
S21402402064EE0100014B5861704700BF384E002015
S214024030014B1878704700BF384E002010B5054C6B
S2140240402378112B03D0E221034819F0FFFB41230A
S214024050237010BD335B00200B740400064B014630
S2140240601B78042B04D1054A137E0533137670475A
S214024070034819F0F3B800BF345B0020384E002026
S214024080D062002008B50648FDF7AAFB0548FDF7F2
S214024090A7FB13F09AFABDE8084001F003BB00BF85
S2140240A02055002054550020064B1878332806D099
S2140240B000F0EF00A0F14303584258417047012038
S2140240C0704700BF335B0020002208B5074B4FF64F
S2140240D0FE701A7015F0FDF94FF6FF7015F016FA1D
S2140240E0034B5869BDE8084013F0FDB9335B002066
S2140240F0384E002008B5064B187838B10548FDF74B
S2140241004BFE4FF47A73B0FBF3F0C0B208BD00BFAB
S214024110285B0020783F00202DE9F0438BB007464D
S214024120154698460E469DF8489049B9104605AC85
S21402413019F0C8F921460BF0B5FD172818BF264618
S214024140B9F1000F0AD1124B1B781BB9284616F09C
S2140241503CFDD0B92846FEF713F902E0284616F0D1
S21402416034FD80F00104E4B29DF850302A460293F2
S2140241709DF84C303146CDE90093384643460394C9
S21402418015F03BFC0BB0BDE8F0834C46ECE700BFF5
S2140241902F5B00202DE9F04F97B099469DF88830A6
S2140241A0BDF880B0219D08939DF88C300E46584687
S2140241B00FA90492079317F082F905B3002800F0BE
S2140241C0208195F801A00FACCAF3400A8E4B19F075
S2140241D0800F1B7814BF4F4649F08007022B17D07A
S2140241E04FF6FF78002D40F087810225584614F0DE
S2140241F0BCFE2B464246214615F0D8F9BCE058468E
S21402420014F034FF0446002800F0FB80AA46DDE7DF
S2140242101EB97E4B1B78002BE2D00DF13A012046E8
S214024220FEF7FCFA584614F034FF012838BF012086
S214024230C3B2059395B3281D19F0E6FB804609F034
S21402424002032046069315F013F92146099081468B
S214024250002019F007F9069A099B12BBFF2820D105
S214024260F2F7E6FA6A4A1278824200F032814FF694
S214024270FF72099B934214D1FEF726F8002800F03D
S21402428028814FF6F773984523D915F0EBFD11A94F
S2140242908146FEF7E9FA0028F7D02EE0BDF83A800C
S2140242A0CDE74FF6F772904520D8934211D898453D
S2140242B00FD0194622460AA819F0A0F80A980B99B8
S2140242C013AB03C3BDF83020022113A81A80FEF7F1
S2140242D039F9404611A9FEF7C7FA024628B908215D
S2140242E011A815F07CF8002866D0C1464FF6F67283
S2140242F009F1FF339BB29342C7D8BAF1000F03D13C
S214024300444B1B78002B60D1584614F02EFE059BBA
S2140243104A4601930123214600933B46FEF7E4F802
S2140243204FF6FF739842804600F0D3800146002283
S2140243300AA819F063F80A980B9913AB03C3BDF8E1
S2140243403020022113A81A80FEF7FCF8002D3FF455
S2140243504DAF002E40F0D28045460123C7F3C0077A
S2140243604246CDE9016321462B4604980397CDF8D1
S21402437000A015F042FBA846BAF1000F0FD04FF688
S214024380FF7398450BD0404619F09CF8FF281FBFD4
S214024390214A32F8103023F4804322F81030089B6A
S2140243A07BB315F08AF8249B0146009342462346C7
S2140243B007980CF0EDFC24E00822204611A9F5F738
S2140243C00BFE00287FF461AF8FE7002D64D0134BFD
S2140243D01B68980727D5049B0F2B21D0281D19F0A0
S2140243E013FB02230121CDE901310023C7F3C007E5
S2140243F00246009321464FF6FF730498039715F082
S214024400FCFA17B0BDE8F08F335B0020285B002073
S2140244102C5B00202F5B0020E4540020CC3F0020C1
S214024420079B012BDAD1281D19F0EEFA804619F007
S21402443049F80990404619F0C4FB4FF6FF71BDF8E3
S2140244403A208A4256D04245099B53D1FF2B4AD086
S214024450184616F0D0FB784010F0EF0F14BF012379
S2140244600023BDF83A00099319F02CF80690BDF81F
S2140244703A0019F0A6FB099B66B14FF6FF7CBDF821
S2140244803A10614506D0414504D0069A0240D2B29F
S214024490FF2AA3D1002BA1D1224649460AA818F02A
S2140244A0ADFF0A980B9913AB03C3BDF830205846EC
S2140244B01A8014F05AFD3A460146059B13A8FDF7EA
S2140244C0DDFF30B94FF6FF73BDF8548098457FF490
S2140244D03DAF4FF6FF789DB10126281D19F094FADC
S2140244E04546804639E7FF2804D0069BB3FA83F395
S2140244F05B09B6E70023B4E70226EEE70026ECE700
S214024500012573E60022014B1A767047384E0020CA
S21402451008B50B4B1B78022B10D10A4B1B78033BBA
S214024520012B0BD9084B187800F00100FEF730FA81
S2140245300023064AC2E90133538008BD0020F3E790
S214024540335B0020345B0020285B0020384E0020BE
S21402455038B5174D2B78033B012B1CD8154BB3F8F7
S21402456068204FF6FF739A4215D10320FDF728FD07
S21402457002F0CEFBFFF7CCFF2B78033B012B01D9D1
S21402458009F0FCF8002018F073FC78B1BDE838405A
S214024590002014F000BEFDF7FDFC0446FDF7F4FC17
S2140245A00146204608F05EFB0220DFE738BD00BF6A
S2140245B0345B00204C4D002008B5114A114B58615F
S2140245C01378032B1BD0D3B1332B01D0432B10D13E
S2140245D00D4B1B78033B012B05D803231370BDE854
S2140245E0084012F080BF12F07EFFBDE80840FFF7D9
S2140245F0AFBF21231370BDE8084002F09DB908BD85
S214024600335B0020384E0020345B002038B5044669
S2140246101348FDF7D5FB134B1B78013B012B1DD826
S214024620114D5CB92B7823B140F619402C7012F06C
S2140246305AFF0024FFF76CFF204638BDFF2C05D03A
S2140246404FF47A710648614318F008FE2B78002B67
S214024650EFD1012340F618402B70E8E70224E9E781
S214024660783F0020345B0020285B002038B5114DCF
S21402467004462B78834218BF287013F06AFB80B179
S21402468024B9204613F067FB02220DE0012013F046
S21402469062FB2B781A1F012A05D9062BF4D10322B6
S2140246A002E0002CF5D10122BDE838400021084680
S2140246B015F0C9B8345B002030B5044685B06846AC
S2140246C00D46FFF7A7FC94B100212846144A02F0D3
S2140246D043FB144B20681B7861688DF80430124B3C
S2140246E01B788DF8053002AB03C306F0B1FA0F4B08
S2140246F093F8582093F85A308DF803208DF802303C
S21402470014F0F8FEADF8000014F0D7FE1023ADF852
S214024710060069460020064AFDF7CCFB05B030BD10
S21402472000F8FF07D5640020345B00204C4D0020C3
S21402473064EE010010B5144B04461A78134B0020A1
S21402474083F8582018F094FB10B1002014F023FDD3
S21402475000210846FFF7B0FF0D4B1B78033B012BE9
S2140247600ED813F0EAFA2046FCF754FE40F617403D
S21402477012F0B9FE0023074A1380074A138010BDC1
S2140247800BF016FCEFE700BFC75B00204C4D002085
S214024790345B0020FA540020F85400201FB504466B
S2140247A06846FFF737FC54B100238DF80530102316
S2140247B069460020064AFDF77DFB04B010BD14F0E2
S2140247C07CFEADF8060014F095FEADF80000EEE7AC
S2140247D064EE010010B5014604460020FBF7F8FF20
S2140247E090B10C4B1B78023B032B0FD80A4B1C7064
S2140247F018F018FF60B9094A0949FCF77FFB003830
S21402480018BF0120800010BD5520FCE70220FAE701
S2140248104D20F8E7335B0020C75B0020F97E0200DC
S21402482035470200F8B5064618F0FCFE044668B99D
S21402483018F01EFB50B1064D204695F8587085F8C4
S214024840586014F0A8FC10B185F858704D20F8BDD9
S2140248504C4D00202DE9F04180461846033B012BC3
S2140248600E46174602D918B121243CE0FFF7FEFE99
S214024870294B1B78012B4CD0284B1D78022D08D0D3
S214024880032D46D1B8F1000F03D1254B1B689B07B9
S2140248903FD43320FDF794FB01F0E8FCB6F1006F3D
S2140248A034BF204B052231464FF0060038BF1A7837
S2140248B0FEF776FA044628BB1B4D2873012000F04B
S2140248C029FF14F017FE68802846B8F1000F0DD0B5
S2140248D0022300F8043B15F008F96C732F61394681
S2140248E0304612F03AFD2046BDE8F081012300F87A
S2140248F0043B15F0FAF86C732F613946304612F015
S2140249002BFDF0E72846FDF75BFBB8F1000FF4D06D
S214024910E5E70224E7E700BF345B0020335B0020B4
S214024920CC3F002008650020384E0020034B187844
S21402493018B9034B034A1B78D05C7047325B0020E1
S214024940345B002063BF040038B5174B04461B785F
S214024950033B012B06D8437BDB0703D590F90900FE
S21402496013F0EAF90025114B83F859502079FFF726
S21402497059FFFFF7DBFF6188248803462246284654
S214024980FEF720F8044620B11720FFF715FE204652
S21402499038BD1723064DC82106486B6118F05EFC29
S2140249A003232B76F3E700BF345B00204C4D002038
S2140249B0384E0020D0620020F0B51A4D06460C464E
S2140249C093B0A5F8680005F16A0729BBC5F86A1016
S2140249D0796012F0B3FC6A4601460020FCF72CFA16
S2140249E0D5F86A30ADF81060CDF812307B68CDF895
S2140249F0163012F0A3FC6A4601460020FCF7D2FCF1
S214024A004FF6FF73B5F86800984203D014B1064912
S214024A1012F0A6FC13B0F0BD08223846F4F7E2FF07
S214024A20D7E700BF4C4D0020B64D00202DE9F041DF
S214024A30DFF8B8801F4698F8003005460C46164642
S214024A401BB102252846BDE8F081531E052BF8D877
S214024A5018F0E8FD0028F4D13B7B032B14D14FF667
S214024A60FE739C4212D1012E09D0022EE9D114F017
S214024A7024FD4FF6FB73984203D814F01EFD04463D
S214024A8004E015F0EFF9FAE7012EDAD0EDB939466F
S214024A902046FFF765FA05460028D3D198F800307D
S214024AA0332B03D0532B1CBF0E4B18613046FFF737
S214024AB0DDFD00214FF6FF70FFF77EFF0A4B1B78E5
S214024AC0002BBFD00BF048FABCE7397B721ECB1E18
S214024AD0594259415042504107F054F905460028C0
S214024AE0D5D0AFE7384E002009650020335B0020A2
S214024AF02DE9F84305468846914614F0DEFC3F4E03
S214024B0004463378033B012B06D86B7BDB0703D5C1
S214024B1095F9090013F010F914F0CFFC384B394F11
S214024B20188014F0E7FC384B1880FDF72DFA374B47
S214024B301880FDF72FFA082201463548F4F752FF8F
S214024B4014F084FC334B18702879FFF76BFE0021B3
S214024B506888FFF731FFFDF72DFB60B14FF6F6725E
S214024B60631E9BB2934206D915F07CF9B7F86830FB
S214024B7004468342F8D0204614F0ABFC288814F092
S214024B80C5FC4946B7F86800C047044628B919204C
S214024B90FFF712FD1920BDE8F883B7F8681014F085
S214024BA023FA00231C4D87F859302B7803F0FB03B9
S214024BB0022B02D0204614F010FF00222046114697
S214024BC0FFF7F2F80446A8B117236B613378042B7B
S214024BD009D1C821114818F041FB03232B7684F033
S214024BE00100C0B2D7E74FF416710C4818F036FB36
S214024BF00023F3E71720FFF7DFFCF0E7345B002023
S214024C002A5500204C4D002028550020265500200D
S214024C10C85B0020D05B0020384E0020D062002007
S214024C20F0B50C461E460B462049074689B004F1ED
S214024C30140053F8045B834241F8045BF9D11B88E5
S214024C4002AD0B80D4F80E00D4F81210238803C5E8
S214024C50ADF8103023798DF812208DF8133000232A
S214024C603A468DF814304FF6FE71012002ABFFF77C
S214024C70DDFEC8B902A8FFF7AFF9237B4BB10C4D96
S214024C800C4B01AA29460120019313F031F82A7829
S214024C901AB92046FFF758FE03E020460199FFF7AF
S214024CA027FF08B9044B1E7009B0F0BD2C55002032
S214024CB0384E0020019B0300D15B002001232DE922
S214024CC0F341304E05460F4600202F4914467373B3
S214024CD000F0EEFC13F032F8DFF8AC8038B9012DA4
S214024CE001D9042D0FD12146384612F0C0FB102000
S214024CF000210AF07FFC00283CD0002002B0BDE86C
S214024D00F041FCF7A3B8002CF1D1204B1B78212BE5
S214024D1003D0062B01D0532B02D101F00DFEE6E79D
S214024D20FDF748FA0028E2D000F0EEFC28B9307B06
S214024D30C0F11800FFF740FCD9E7154B4146204664
S214024D40019300F0B5FC20B140F61901114818F0A5
S214024D507DFD01AA0B4998F80C0012F0C9FF3278C3
S214024D601AB90948FFF7F0FDC1E701990648FFF7AF
S214024D70BFFEBCE7FFF78AF80028BED102B0BDE846
S214024D80F08100BF384E00202C550020335B0020F7
S214024D90019B03000B7404001FB5144B04461B88CA
S214024DA0DB0707D44FF6FF700021FFF705FE002051
S214024DB004B010BD0A230E4A012001A9FDF77AF8B5
S214024DC04FF6FF73BDF80C209A42EBD00822FF2163
S214024DD001A814F004FB0028E4D10CB90120E7E78F
S214024DE0BDF80C0001A9FFF7E7FDF7E744550020E0
S214024DF026E1010038B50C46154614F06AFB03F0AE
S214024E00AFFE29462046FFF7D7FD00F07DFC48B1ED
S214024E10074BDB790E2B28BF0E230133DBB2054A84
S214024E20137038BD044B1B78013B18BF0123F6E70D
S214024E302C550020E75B0020345B002038B50022AA
S214024E400821044614F0CBFA0546C8B914F035FB1F
S214024E502A464FF6FF71FFF7CDFF2046217CFFF76B
S214024E602BFC6269E189207C01F076FF054B1B78FA
S214024E70012B01D107F0F6F8FFF76AFB002038BDD8
S214024E800120FCE7345B002038B51D46FFF7CEFD57
S214024E900446C8B92B7B2846032B03D1BDE838400D
S214024EA0FFF7CCBFFFF798F8084B25469C8114F015
S214024EB0CDFA0121064B81401A780620FDF770FFD5
S214024EC0044608B1034B1D70204638BD384E0020FC
S214024ED008650020335B002030B5012087B0FFF75D
S214024EE05BFF6B460446144A1068516803C384B9D4
S214024EF005F0BCFE02A8FFF78DF84FF6FF752246B6
S214024F00BDF80E002946FFF775FF12F02FFA07B01C
S214024F1030BD6B46094AD2F86A00D2F86E10B2F873
S214024F20685003C305F0A2FE02A8FFF773F86A46AC
S214024F30BDF80E00E6E700BF28FE03004C4D002039
S214024F4073B53A4B04461B781BB10224204602B0C6
S214024F5070BD18F067FB0028F7D100F0E5FB14B12E
S214024F602288334B1A8000210DF10700FDF7ACF8BA
S214024F70002856D114F0AAFD04460028E6D12D4D8D
S214024F809DF80700FFF772FB2B785A1E012A1FD8DE
S214024F90FFF7A2FF2B78033B012B01D801F014F98F
S214024FA0FFF7D6FA012014F018FA034600283AD181
S214024FB02A78033A012AC9D81D4A108810F0020539
S214024FC021D0052201201C49FFF744FC0446BDE718
S214024FD0033B012B04D82046FFF7DEFE0028D7D17C
S214024FE02B78053B012BB1D8FFF776FFFFF7B0FA17
S214024FF02B78052B0CBF04200520FCF7E1FF0120CF
S21402500014F0EBF9E2E70D4E0223314601200C4A7A
S214025010FCF750FF33885B0798D5284601F0E8F87E
S21402502094E7172492E7044690E700BF335B00201C
S21402503044550020345B002000F8FF07F654002099
S21402504027E101007FB50024184E194D3278E3B2ED
S2140250509A4201D804B070BD4FF6FF73B5F86820C7
S2140250609A421AD0134B1B88DB0714D5124AB5F89E
S214025070683010685168ADF80C3001AB03C30F4AB4
S2140250800A23002001A9FCF715FF022300200C4A80
S2140250900C49FCF70FFF0134D8E700220821064826
S2140250A014F09DF90028F6D1DCE700BFE164002089
S2140250B04C4D002044550020B64D002026E101004C
S2140250C027E10100F654002010B501F0CFF802F0F7
S2140250D013F8D8B10E48FCF773FE0E480E4C017A50
S2140250E00E30FFF7E9FA23781BB100F0BFFA00236F
S2140250F023700022094B1A73FFF72AFA08F056FDAE
S21402510001F044F9BDE81040FFF79CBF10BD00BF98
S214025110D06200202C550020D15B0020384E0020A3
S21402512010B52548FCF74CFE01F0E6FF30B1234BE4
S2140251301B781BB9BDE81040FFF7C6BF01F0DCFFC5
S21402514078B11F4C237E83B1C8211B4818F086F81D
S2140251500021237E0846013B2376BDE81040FBF77C
S214025160E3BEFDF727F80028EBD1FDF723F8154B31
S2140251701B7858B9112B03D003F0FD03412B19D12C
S214025180BDE810400E4B5869FFF716BA332BF7D11D
S2140251900D4B188814F09DF90C4B188814F0B6F9CC
S2140251A00B4B0C491888FFF707FC0B4B1878FFF7D8
S2140251B039FBE5E710BD00BFD06200202F5B002060
S2140251C0384E0020335B00202A5500202855002048
S2140251D026550020C85B0020D05B00202DE9F04F4A
S2140251E00F4685B002AD044629463846914616F06B
S2140251F066F94FF0000B82463846CDF804B013F03D
S214025200BCFF4678022C804606F0020609D85CB13E
S214025210FCF7D0FF0446002848D1754B01241B78C2
S21402522065E0043C022C3AD9FCF7C4FF384613F07A
S2140252301DFF00240546A046DFF8D8A1384613F025
S2140252409CFF50F809300DF10500019318F0DCFBC5
S2140252509DF807B00746B8F1000F4DD1BBF1000F1D
S2140252605BD0DFF88C9199F800300BB1002E63D03A
S214025270002C61D05F4B1B78022B5DD1BBF1000F77
S21402528053D1384614F025F958465946FFF714FA12
S21402529008F08CFC40F6074012F025F934E014F0D2
S2140252A0E4FBFCF787FF0446F8B15C464EB1524B6E
S2140252B01B78012B02D0043B012B0BD805B0BDE8AE
S2140252C0F08F4B4B1B782BB14B4B1B7803F0FB0339
S2140252D0022BF3D0BAF1000F404608BF002516F0A5
S2140252E0E1F84FF001088246A8E7414B1B78002BF5
S2140252F0F0D0002EEED1E1E7BAF1000FAED0504664
S214025300FDF73AFB0028A9D1002017F0B1FD0028CE
S214025310D4D0002013F03FFFD0E74FF6F7739F423A
S2140253209FD91720FFF748F9EEE7FCF743FF48B18D
S2140253303248FCF745FDF4E7FCF73CFF10B1BBF141
S214025340000FF5D1FCF736FF0028DDD02846FDF722
S21402535067FFFF28DFF89CA0294C03D09AF800309C
S214025360012B04D12946B4F86800FEF7C5F8FEF70B
S21402537081F92A463846B4F86810FFF73BFD214B00
S214025380214A93F906301B0213809AF80030012B4B
S21402539019D0312B14BF432311238AF800301B4B3C
S2140253A01648196817F05AFF00F00EFF0023124C39
S2140253B099F80010237641B9104817F04FFF40F6CF
S2140253C01B436361A0E71123E7E7B8F1000F03D0A0
S2140253D016B1FFF779FEF2E70D4B1B78042BEED1E0
S2140253E00521064817F03AFF09232376E7E700BFB0
S2140253F02F5B0020335B0020384E0020D062002056
S2140254004C4D00202C55002042550020F062002012
S214025410345B0020B65B00202DE9F043084693B0CB
S2140254200E4613F0AAFE09220021804617F06AFDF6
S2140254300446304613F01AFE052207460DF109030C
S21402544030460AA912F0A9F8022881461DD09DF816
S214025450093031461C440023E4B204F1100218F865
S214025460045001200093D2B20FF096FE68B1072DC9
S21402547009D855B1013D062D07D8DFE805F0091811
S214025480068A062541007C2D45D013B0BDE8F08380
S2140254905B4B1B78013B012BF7D8304613F065FDBA
S2140254A0002332461946009414F0E3FAEDE7554B12
S2140254B01B78012BE9D1544B18780028E5D12246F7
S2140254C03146FFF78BFEE0E74D4B1B78013B012B85
S2140254D0DBD8384609F0DCFF4FF6FF7398420446E5
S2140254E006D0304613F041FD2246394614F04DF8F8
S2140254F0444B1B78022BC8D1384611F0B6FFC4E7DE
S2140255003F4B1B78013B012BBFD8494630460AAABF
S21402551000F01EF9B9E73A4B1B78013B012BB4D8D1
S214025520A04498F8012098F80230652AADD16D2B78
S214025530ABD1304617F0C2FD1334E4B28442A4D293
S2140255400822394603A8F4F74DFA214630460DF1F3
S2140255500A0215F0F7FE002897D1BDF80A30002B94
S21402556093D005A809F0B0FA0123284DBDF80A0029
S2140255702B7017F0A3FD0446BDF80A0017F082FD53
S214025580E2B2034605A903A811F009FF00232B7017
S2140255907BE71B4B1B78013B012B3FF676AF0622BF
S2140255A00021404617F0AEFC404418F02DFA07469C
S2140255B0FCF758FE044600287FF467AF304613F027
S2140255C0CFFCC3047FF561AF46F204030121ADF8B8
S2140255D0143038460223CDE9004405AA15F001FF2F
S2140255E0054600283FF451AF394613F0FDFC30461D
S2140255F013F0BBFC22462946FDF706FA45E700BF34
S214025600345B0020335B0020384E0020025C002012
S21402561008B5084B187050B1074B1B883BB14FF4C6
S2140256207A710648594317F019FE002008BD01207A
S214025630FCE700BF265B002082640020783E002044
S214025640014B1878704700BF265B0020014B18807C
S214025650002070478264002008B5FCF7B1FB0022E8
S214025660014B1A7008BD00BF265B002010B500244F
S214025670044B05481C80054B1C70FCF7A1FB20461A
S21402568010BD00BF46550020F4620020DB5B002000
S21402569008B50348FCF794FBBDE80840FFF7E6BFF1
S2140256A0F46200200148FCF79BB800BF4655002074
S2140256B0F7B5134B04461B780E46EBB183421DD951
S2140256C00021104818F004FA002501460D4F09B9CA
S2140256D0012009E0AC4209D10024162322463046B6
S2140256E0009418F092FA204603B0F0BD384618F03F
S2140256F013FA01350146EAE71820F5E72720F3E713
S214025700DB5B002046550020014B1878704700BF2F
S214025710DB5B002025289DBF024B1870002021204D
S214025720704700BF0B650020012307B51846064ADE
S2140257300DF10701FCF7BEFB9DF80720034B1A701C
S21402574003B05DF804FB00BF29E101008464002079
S214025750F8B507460E46144613F088FC1A4B054663
S2140257601B78022B2FD1194818F0E0F958BB2846AF
S21402577011F030FF38B322463146384611F026FF84
S21402578008B311F0DEFD0446384613F0EEFB104B6C
S214025790012E1A784FF00F0303FA02F39BB2B4FB02
S2140257A0F3F203FB124404F10104A1B206D1094B41
S2140257B0094A1E702B6813606B6853600348BDE885
S2140257C0F84017F04BBDF8BD335B0020983F002031
S2140257D00A650020DA5B0020D25B002084B010B598
S2140257E002AC84E80F00082227480DF11601089C37
S2140257F0F4F7F2FB08BB9DF815309A0705D4234B45
S2140258001B7803F0FD03312B1DD1214963780978FB
S21402581003F00F028A4203D0012922D1022A12D1B2
S214025820227882B91B09022B0DD11A4BA0781B785D
S214025830022B1AD1C0F3800006E00022082112488B
S21402584013F0CDFD20B90020BDE8104004B070472B
S214025850114BBDF808205B889A42CCD0002BCAD0E8
S214025860F1E70229EFD1012AD9E7030609D40B4B47
S214025870B3F86820BDF80A309A42E4D1FEF714FC69
S214025880E2E70120E0E700BF3C4E0020335B002049
S214025890D5640020345B0020384E00204C4D00209A
S2140258A0284BF0B55D88002387B08DF80830264B6C
S2140258B00DF10B001B7805F0010743F020038DF86D
S2140258C0093014F012F96FF07F43ADF813308DF8FB
S2140258D0153014F088F91D4B8DF816001B7805F06C
S2140258E01006DB00DCB2F0F7A3FF194B1B788342ED
S2140258F02CBF44F0040344F084032FB1A9061ED43F
S21402590026B143F0020301E0AA07F9D400210846B3
S2140259108DF80A3017F02AFCADF8060058B10123BC
S2140259200F2202A90DF10600FCF79EF918B90DF137
S214025930060012F0DAF9BDF8060007B0F0BD43F033
S2140259400103DDE784640020D5640020E75B0020C5
S2140259502C5B002010B5FCF733FA0A4B1B78022B9F
S2140259600CD1094B1B78033B012B07D9074C207837
S21402597028B1002011F031FE0023237010BD13F071
S214025980D7FDF9E7335B0020345B0020DA5B0020AA
S21402599084B02DE9F0478EB016AC84E80F00DFF82D
S2140259A078C1594BBCF802009DF85DA010F00104C6
S2140259B09DF96220BDF870E09DF875909DF97670AD
S2140259C09DF878509DF97A109DF95E809DF860608A
S2140259D01B7835D09DF87D00C0F34004C0F38000EC
S2140259E0002B4AD0494B1B78022B09D18A4244DB52
S2140259F024D1A81BC0B280288CBF0020012016E04C
S214025A00434B1B78012B01D1002C7AD078B19CF83D
S214025A1000301E335BB29F42D4BF00270127984551
S214025A20D4BF00230123BB4206D18A42E0DA0EB07D
S214025A30BDE8F04704B070473846F8E70020F6E7BE
S214025A4010F0020F18D0C3B1490814BF012000207D
S214025A50520814BF012300238342E8D1AB1BDBB2FA
S214025A60802B0AD9AE42E9D1B84506DB49D1CA45F0
S214025A702CBF00200120DAE70BB90120D7E7AE429F
S214025A8016D002AC1CAF0FCF0FC497E8030044F841
S214025A90040B2180DDE91A0116AB0090ADF8041064
S214025AA00FCB12F01CF90028E7D1AE42A1D1BEE717
S214025AB0BDF8583073451ED008AC0DF1700CBCE82A
S214025AC00F000FC49CE8030044F8040B2180114C1D
S214025AD0638873450FD10822211D0DF12E00F4F7BD
S214025AE07BFA024638B90821201D13F078FC10B95B
S214025AF06388002BC1D1B845BFDBC2D1CA45BCD32F
S214025B00BFE7204693E700BFDB5B0020345B002044
S214025B10335B0020384E00208464002084B02DE9D8
S214025B20F04F8FB06A4E18AC08AD84E80F0016220C
S214025B3000212846F3F704FF33783BB90024654B6F
S214025B4032781B789A4239D2002726E00021624832
S214025B5017F0BEFF00270446B846DFF87C91002CFB
S214025B6045D13FB1224639465B4813F09BFB33785A
S214025B70013B33703378002BE0D0002156484FF0BB
S214025B80000917F0A5FF4F468046CA46DFF848B11F
S214025B90B8F1000F6CD1002FD1D01621002218A820
S214025BA013F006FB014648B1002F00F08B80224618
S214025BB0494813F01DFB337801333370454B327876
S214025BC01B789A4207D944480022018813F06AFBE0
S214025BD03378013B33703378012B03D13F49404879
S214025BE017F03CFB0FB0BDE8F04F04B07047002240
S214025BF0214616232846CDF8008018F006F816220D
S214025C00294618A8F4F7E8F90028EBD09DF8642096
S214025C109DF824309A4225D1BDF86020BDF8203088
S214025C209A421FD108220DF12E010DF16E00F4F7F3
S214025C30D3F9B8B902AF0DF1600CBCE80F000FC77C
S214025C409CE8030047F8040B39800EAB13E9030007
S214025C500090ADF8041095E80F00FFF799FE0028B3
S214025C60C0D027462146484617F056FF044676E738
S214025C701623002241462846CDF800A017F0C5FF9D
S214025C8002AF0DF1600CBCE80F000FC79CE80300E2
S214025C9047F8040B39800EAB13E903000090ADF809
S214025CA0041095E80F00FFF773FE074620B1B9F11E
S214025CB0000F04BF444681464146584617F02CFF63
S214025CC0804665E73A46044817F008FF73E700BFC8
S214025CD0DB5B00200B6500204655002020BF02003B
S214025CE0F46200202DE9F04F002104469FB00DF12A
S214025CF04008162240460E91CDE90C11CDF83B1015
S214025D00F3F71EFE052220460DF11F0316A911F019
S214025D1044FC0228074600F0F880204613F02DFACD
S214025D20064617F071FE8146F01C17F06DFEADF8C0
S214025D304000701D17F068FE012FADF842002046A5
S214025D4040F0E68013F019FA0546204617F09AF955
S214025D500D3502232D1A0093214643460820EAB247
S214025D600FF01AFA002800F0D080204613F00AFA44
S214025D70012F83469DF84D3040F0E38000252F46E4
S214025D8043F001038DF84D3016AE3388022B4DD109
S214025D90F178204602310CF00FF81B2846D1F17834
S214025DA0204603310CF008F819283FD1F178204636
S214025DB004310CF001F84A2838D14FF0050AF17880
S214025DC02046013151440BF0F7FFF178059051441B
S214025DD020460BF0F1FF059B00EB032083B200F098
S214025DE03F02932B059240F09B800023F7782146D2
S214025DF002375744FFB23A4600930CA80F2317F017
S214025E0004FF07F10F01204615F032FA07F11101DF
S214025E100546204615F02CFAADF84200059B0233E3
S214025E2053445FFA83FA33795345C8D806360DF1E0
S214025E307603B342A9D19DF84D20C5F3C03363F370
S214025E40410220468DF84D2013F02EF98DF84400BD
S214025E50204613F01EF98DF84500204613F01EF971
S214025E609DF83230BBF1190FC3F3C3028DF84720F9
S214025E70DDF833208DF84600CDF84E20DDF83720C9
S214025E80CDF8522094BF00229DF83E208DF848207F
S214025E9003F003028DF84A206E4A1278022A9DF811
S214025EA04D200CBFC3F38003DB0963F382026A4B07
S214025EB08DF84D201B78022B57D1BDF8406013F0A9
S214025EC019FB864251D108A813F00FFEBBF1190F39
S214025ED048D908220DF14E0108A8F4F77DF80028EB
S214025EE03DD1B9F5004F02D0B9F5624F0DD140F65B
S214025EF0FF7325F440459D4207D1002208210DF18B
S214025F004E0013F06CFA00283FD01FB0BDE8F08FA9
S214025F1013F033F90546204617F0B4F8073518E7AC
S214025F20412B7FF47BAFF1782046023151440BF0CF
S214025F3043FF4A4B1B78C3F1B30318448DF849005C
S214025F406CE76FF30003F01D8DF84D3017F05CFD23
S214025F500CA90546204613F0FCFD0B276BE700F064
S214025F60B3FFBEE700F0B0FFCFE7B9F5004F02D0AF
S214025F70B9F5624FC9D140F6FF7325F440459D42FC
S214025F80C3D1BBF1190FC0D9B7E7BBF11A0F06D0C0
S214025F9007F11F0142462046C9B211F0A8FE304C56
S214025FA0304D637BDBB12B78012B1DD1012323738C
S214025FB00CAB029314AC94E803000090ADF8041006
S214025FC098E80F00FFF70AFC90B194E803000090EF
S214025FD0ADF8041098E80F00FFF7A0FD08E0FCF704
S214025FE0E9F80028DFD0E1E703F0FD03042BDDD05B
S214025FF02B78012B01D0042B87D11B4BDDF84E00EA
S2140260001B78DDF852108DF82230BDF84030ADF81E
S21402601020309DF84D30C3F340038DF823309DF8B1
S214026020313003F00F038DF82C309DF848308DF890
S2140260302D3009AB03C30D4B1B681BB1414608A8A4
S214026040984762E79DF946209DF8451008A811F08A
S2140260500AFA5AE7345B0020335B0020E25B00203A
S214026060384E0020BF5B0020E15B00202C4E002053
S2140260702DE9F043424B434C1B7885B0033B012B82
S21402608022D817F0DCFB2378022B31D13E4A146863
S214026090A0422DD03D4910600A68121B10443C4AAB
S2140260A00860127872B1013A93403C2253434FF48F
S2140260B07A72534398421BD9032005B0BDE8F043D9
S2140260C0FBF77EBF0A23F2E717F0B9FB2378022B11
S2140260D00ED12D4A1568A8420AD00027DFF8BC80E8
S2140260E02C4E1060451B98F80030FCB2A34202D832
S2140260F005B0BDE8F08356F8243020462B4446F817
S214026100243017F037FAC3074FF0000910D520469F
S21402611009F0FEF970B156F82430242B08D9102263
S21402612000232046CDF8009009F00CFA46F8249099
S2140261300137D8E7184B1B5D13F00F031FBF03F19F
S214026140FF32022393403C220CBF0A2353434FF4F0
S2140261507A72534356F824209A42E9D9204609F027
S21402616067F902A914F00CFD28B1204609F060F97F
S21402617002A911F0F6F8204614F098FDD8E700BF01
S214026180345B0020335B0020C43F0020C03F002069
S214026190D0640020DC3D0020D85A0020E7640020AE
S2140261A0064B1B88DB0708D50022054B43F8202048
S2140261B0044A135C63F00F031354704748550020DB
S2140261C0DC3D0020D85A002008B517F038FB002224
S2140261D0024B1860024B1A6008BD00BFC43F002085
S2140261E0C03F0020014B1868704700BFC03F002028
S2140261F008B50C48FBF7E4FDFBF736FF80B10A4B07
S2140262000322B3F86810012011F093FD4FF47A715F
S214026210064B04481B885943BDE8084017F01EB8D1
S21402622008BD00BF146300204C4D002064640020AB
S214026230014B18800020704788640020044A054BF2
S2140262401870138823F00303184310800020704749
S21402625048550020D1640020034B1888C0F30E0076
S214026260003818BF01207047F654002008B5FFF723
S214026270F3FF30B1002004490223044A0880FBF7EA
S21402628019FE002008BD00BFF654002027E10100D9
S214026290024B1888C0F30E00704700BFF654002069
S2140262A00023084A01201370074A08491370084B56
S2140262B0084A1B7843F0040313800223064AFBF7BE
S2140262C0F9BD00BFDE5B0020DD5B0020F654002037
S2140262D0D16400204855002027E1010013B514467A
S2140262E08DF80710DAB9CAB20E2A18D80E4B1B88D8
S2140262F01341DB0713D517F0E5F8FF2811D09DF8F8
S21402630007200A4B0DF107011A5400F583300122CB
S21402631000F58070E5F7C4FB204602B010BD0124EC
S214026320FAE70224F8E700BF88640020D85A002063
S21402633030B5012100240B2385B0104D0194009145
S2140263408DF80C308DF80D000323B5F8680003AA0B
S2140263508DF80E4015F045F868B1B5F8681013F0E0
S214026360E1FC40B10522064B64211A70054B064833
S2140263701C7016F073FF05B030BD00BF4C4D0020F8
S214026380DD5B0020DE5B002034630020064B1B78BA
S214026390033B012B06D8054B1B781BB9044B187818
S2140263A0FFF7C6BF704700BF345B0020DC5B0020EF
S2140263B0D064002010B51548FBF702FD144B19787F
S2140263C0F9B9144A13787BB1013B1370124B1B7850
S2140263D0042B02D10846FAF7A7FDBDE810404FF499
S2140263E096710A4816F03ABF0C4A128802F0030267
S2140263F0022A0AD1BDE81040032201200849FEF70E
S21402640029BABDE81040FFF7C1BF10BD34630020B3
S214026410DE5B0020DD5B0020345B0020F6540020AB
S21402642000F8FF071FB50C238DF80C300B4B0C46FB
S2140264301B88012123F004038DF80E3000238DF80B
S2140264400D00CDE900132046032303AA14F0C9FF6A
S21402645010B1214613F066FC04B010BD485500206A
S214026460F8B5064612F0ECFD0546304614F0DDFFA0
S214026470411C044689B230460BF09EFC02340746A5
S214026480A1B230460BF098FC394602462846FFF782
S21402649025FF022816D02946FFF7C4FF0A4B1B88A1
S2140264A003F00303022B0DD1284617F00BF8FF2842
S2140264B008D00022054B43F82020054A135C63F0FF
S2140264C00F031354F8BD00BF48550020DC3D0020E2
S2140264D0D85A0020084B1A785AB10223013A934040
S2140264E04EF66022534303210448B3FBF1F116F043
S2140264F0B5BE42F21073F6E7D06400203463002083
S21402650070B505461748FBF75BFC0122164B28467A
S2140265101A7014F08AFF411C044689B228460BF012
S2140265204BFCA11C064689B228460BF045FC0F4CD4
S21402653002232080214600200D4AFBF7BBFC86B9C9
S214026540238803F00303022B03D1FFF73DFEFFF778
S214026550C1FF23885B0704D5BDE870400548FFF7F6
S21402656047BE70BD34630020DE5B0020F654002078
S21402657027E10100146300202DE9F0431F4C054675
S214026580238889B0002B33D01D4E00214FF4807033
S21402659009F09CFA3378DB0728D50121208816F00B
S2140265A0A9FD0746208812F0E8FD023017F02CFA03
S2140265B005A98046208815F03EF83378384613F051
S2140265C0020F104B18BF0025B3F8009016F076FDA8
S2140265D00646384616F056FDF6B2029042460621A8
S2140265E02846CDE9009605AB10F0FBFE002323807B
S2140265F0054809B0BDE8F043FBF7E2BB5055002062
S214026600DF5B00204C550020546300202DE9F04744
S214026610304F80463D880E4614469946ADB3104626
S21402662012F0B9FCB0F5006F2FD1204612F0C6FC6E
S214026630824616F047FFFF2827D02EB1264A32F8A8
S21402664010302B4322F81030B5F5007F36D0B5F562
S214026650806F33D0B5F5807F17D1204B1B88A342BD
S2140266601CD14FF6FF718A450FD0204612F0BCFCB3
S214026670284609F059FA50B93046FFF77DFF002345
S214026680174A1380174A3B801370BDE8F087022032
S214026690002108F0AFFF0028EED1F0E7104D2B885E
S2140266A0A342F2D14FF6FF718A45EED024B12046BE
S2140266B012F09AFC00232B800023E3E70023094A0A
S2140266C03B80137031464B4622464046BDE8F047B3
S2140266D013F0B0B84A550020E4540020505500206C
S2140266E04E550020C45B002010B5044640F62140FB
S2140266F0FFF742FF01214FF4807009F0E7F978B105
S2140267000022084B1C80084B1A700BF0D5FCBDE823
S2140267101040064B1880064B0648198816F09EBD98
S21402672010BD00BF50550020DF5B00204C550020F6
S2140267306664002054630020044A137818B943F0B4
S21402674001031370704743F00303FAE7DF5B002090
S2140267502DE9F04FDFF84C9187B099F80060002ED3
S21402676040F08C80DFF840B1DFF840A19BF80030A3
S214026770F4B2A34207D80022424B1A8007B0BDE803
S214026780F04FFDF7ABBB20463AF8145008F0C0FEB7
S2140267908046002860D0204608F04AFE15F40071B4
S2140267A0074645D001464FF6FF720E2013F0DDFB7A
S2140267B00546002850D0394612F016FC4FF40073F6
S2140267C00027304E204633803AF8142022EA03038C
S2140267D02AF8143010220023009708F0B3FE2A4B42
S2140267E01B88DB0707D5294B294A43F82470135D1B
S2140267F063F00F031355182000216043254B264CE7
S2140268000093019101232A46205CFAF7B1FB002887
S21402681014BF0123002389F8003005D13388B3F56D
S214026820807F01D11D4B1880404607B0BDE8F08F2F
S214026830680513D5059113F015FB01220599034649
S214026840009207203A46CDE90111FDF765FC4FF4A8
S21402685080630546002DB3D1013687E7104B1888B2
S2140268600028F9D0EA05F7D5394612F0BDFB0C4BE5
S2140268701D880A4B1D804FF48073EBE74FF000082B
S214026880D2E700BF4A55002048550020DC3D0020D4
S214026890D85A00200D660200801300204E550020B4
S2140268A050550020C45B0020E7640020E45400201A
S2140268B0042230B501F0400387B0002B054614BF12
S2140268C0012400248DF80C208DF80D1004D004A9A4
S2140268D014F056F938B304ABCDE900430121022384
S2140268E0284603AA14F07DFD0446F0B1104B1B782F
S2140268F0033B012B04D80F4BB3F8681012F074FB5D
S2140269004FF6F7739D4209D9322202212046FDF73F
S2140269104BFA80F00100C0B207B030BD29462046CF
S21402692013F000FAF5E70120F6E71920F4E700BFB6
S214026930345B00204C4D002010B5FFF797FC04F0A6
S214026940DBFF13F048F8002014F015F916F06AFE83
S21402695008B1FCF7B7FA204C2378532B12D1032345
S21402696023700023FF2219460120FDF773FF002043
S21402697016F07EFA10B1002012F00DFCBDE81040B1
S21402698011F0DBB9062B01D0212BF0D10120FDF747
S21402699005FF4FF6FE7012F09CFD4FF6FF7012F0E8
S2140269A0B5FD0020FDF732FE0020FDF75FFEFDF785
S2140269B0AFFD00F087FB11F0C3F92378212B02D13B
S2140269C0FDF782FBD3E70020FBF7FAFA00214FF42B
S2140269D0004013F0D2FECAE7335B002010B50A4C23
S2140269E00A48FBF7EDF92378062B02D10120FDF7C2
S2140269F0D5FE2378062B01D0532B03D1BDE81040D9
S214026A00FFF79ABF10BD00BF335B002074630020FF
S214026A102DE9F84FDFF8CC8004460E461746FFF7FE
S214026A2025FC98F8005015B90220BDE8F88F212DF4
S214026A30FAD0DFF8B49099F80030012B01D1A30602
S214026A40F2D4274817F072F80028EDD114F020048B
S214026A5039463046DFF894B0DFF894A005F00F050B
S214026A601BD010F07CFC012D8BF80070AAF8006099
S214026A7033D1212388F80030FFF75EFF0020D4E7E9
S214026A80212388F80030FFF757FF00214FF6FE70EB
S214026A90FDF792FFFEF7D6FAF0E710F05FFC012D45
S214026AA08BF80070AAF80060EAD0062321464FF65B
S214026AB0FD7088F80030FFF7FBFE40F6020240F257
S214026AC0262199F800300648033B012B88BF114661
S214026AD016F0C4FB002CD1D1D7E75323E6E700BF5C
S214026AE074630020335B0020345B0020E05B0020F0
S214026AF08A6400202DE9FF410F460546511C3846A0
S214026B000BF05AF90446384612F037FB06460230B6
S214026B1016F07AFF424B80461B7804F04002022BA6
S214026B2002D0043B012B06D83E4B1B68580205D503
S214026B30A10603D452B304B0BDE8F08132B33A4A98
S214026B401278D11E012917D8384BB3F86830AB42F9
S214026B50F1D17378180714D5304614F0A3FCFBF76E
S214026B600BFF0028E7D00122294604F0200004B0DB
S214026B70BDE8F041FFF74CBF022ADCD1DF01DAD4D0
S214026B80E7E712F09AFC4045D5D1ECE7264B1B7896
S214026B90013B012BCFD87378D906CCD502A938464B
S214026BA014F08DFC002002A916F05CFCFF280646B5
S214026BB00BD0A20601D412F0FBFF304608F038FCD8
S214026BC004F0BAFE304614F071F8284616F0F9FFC3
S214026BD0FF280DD0FCF766FB14F0200608D112F051
S214026BE06CFC28B133460222284602A905F0E0FFD3
S214026BF012F063FC00289ED1A3069CD402A94FF68D
S214026C00FF73022228460EF088FA4FF6FF720346FA
S214026C1000922846022202A910F093FC8BE700BFDE
S214026C20335B0020CC3F0020345B00204C4D00201C
S214026C3038B504460D4616F045FCFF28034615D027
S214026C400B4A127842B10B4A32F81020520403D58E
S214026C5014F02CF8002038BD184612F0A9FF204682
S214026C6045F04001BDE83840FFF722BE0120F2E7BA
S214026C702F5B0020E454002038B5054612F07DFA5A
S214026C800446284614F0D1FB411C89B228460BF074
S214026C9093F842060DD563781B070FD5204614F0ED
S214026CA001FC0146002016F0DDFBBDE8384013F07B
S214026CB0FDBF0348BDE83840FFF790BE38BD00BFB1
S214026CC07463002038B54FF6FF75A842044617D005
S214026CD012F010FCA04213D04FF6FD72094B198831
S214026CE091420DD9084A1288AA4201D0A24207D17F
S214026CF01C804FF47A71BDE83840044816F0AEBAEC
S214026D0038BD00BF706400208C640020583F00200D
S214026D1008B50448FBF754F84FF6FF72024B1A8088
S214026D2008BD00BF583F00207064002037B50546F6
S214026D300C46082369460120064AFBF7BBF815B144
S214026D409DF806302B700CB1009B2360BDF8040042
S214026D5003B030BD25E1010007B508238DF8060013
S214026D60ADF80410009269460020034AFBF7A2F829
S214026D7003B05DF804FB00BF25E10100024A137868
S214026D800BB1013B13707047225B002008B512F06E
S214026D90BDFB00214FF6FF72054B08461A80FDF731
S214026DA08BFCBDE8084040F6164010F09CBB00BFC6
S214026DB07064002008B5FBF703F80A4B1B78023B09
S214026DC0032B08D84FF6FE73074A108898424FF6F0
S214026DD0FF7301D1138008BD9842FCD0BDE808407D
S214026DE0FFF7D4BF335B00207064002010B5084B59
S214026DF01B78042B0AD012F060FB002104460846DA
S214026E00FFF794FF231A5842584110BD0020FCE7B2
S214026E10345B0020F0B5002689B00546CDE905664C
S214026E20ADF81C6014F001FB0A230246044629460C
S214026E30009605A816F0E9FE9DF815309DF8147028
S214026E401F2B27D803A812F050FE08220DF11601B8
S214026E5003A8F3F7C1F80646E0B9092F1CD1FFF7DD
S214026E60C5FFB8B1144B1B78A3B1144B1A884FF662
S214026E70FD739A420ED9124C124A23780433DBB2BF
S214026E8023701278013AB3EB820F03DD58B20EF08C
S214026E909AFB267009B0F0BD0A34E4B221462846B1
S214026EA00AF08AFF12F0AAFE611C284614F0E0F9E6
S214026EB0FFF708FFEEE700BFE964002070640020D9
S214026EC0225B0020CF64002038B5134B1B78033BAF
S214026ED0012B20D9114B4FF6FF711B78ABB1104D29
S214026EE02B888B4217D112F005FB4EF66021044622
S214026EF00C4816F0B3F94FF6FE7322462B8000219B
S214026F00BDE83840092012F087BE074A13888B4234
S214026F101CBF0133138038BD345B0020E9640020B7
S214026F2070640020583F0020F254002010B504463A
S214026F3061B1FF2112F0C2F80021204612F0C4F817
S214026F4011F0F2FF0146204612F0C4F82146BDE8D1
S214026F5010400022014816F0C1BD00BF5455002063
S214026F602DE9F0410D461746044612F006F906785A
S214026F702846FBF777F929468046204612F034F871
S214026F8012F09BFAA84206D120460121FFF7CEFF57
S214026F900120BDE8F0812846B8F1000F0AD0FBF7C1
S214026FA0EFF950B9144B3A462046BDE8F04119783D
S214026FB0FCF7FABE13F009FEF3E706F00306012E0D
S214026FC008D012F07AFA00232246294602F030FF51
S214026FD00028D9D1204611F0C3FF430505D5204627
S214026FE0BDE8F041002112F0AABB204613F0C0FD16
S214026FF0B0FA80F04009CCE7CD64002010B586B028
S214027000044614F012FA104B0246186819790290D8
S214027010D3F805005B7A01328DF8143000238DF820
S2140270200C1004902146009392B2052304A816F091
S214027030ECFD052204A902A8F2F7CEFFB0FA80F012
S214027040400906B010BD00BFCCBE040008B5074814
S214027050FAF7B6FE064B1B78033B012B05D8BDE8B4
S214027060084000210846F9F75FBF08BD9463002078
S214027070345B002008B5114812F04EF9104B1B780D
S214027080012B06D8FF2009F0FDFBFCF751FD08F0A6
S2140270909DFCFCF76BF902F06BF9FFF701F914F0AF
S2140270A05BFB0BF05BFBFCF7F9FE0BF085F810F0D0
S2140270B05AF9BDE8084003F0B1B900BF144E0020EB
S2140270C0CE64002008B5EFF701FDFF2803D0094B78
S2140270D01B78012B06D9002009F0D4FBFCF728FD0B
S2140270E008F074FCFCF742F902F042F9BDE80840E9
S2140270F003F094B9CE640020064B1878112806D007
S21402710000F0FD00A0F141035842584170470120AB
S214027110704700BF335B00202DE9F0410446FCF7C0
S214027120AFFC18B100263046BDE8F0811D4B1B7837
S214027130033B012B09D81C4BB3F868104FF6FF73BC
S2140271409942EFD0204611F04FFF184B02212046FD
S2140271501A88FCF729FE06460028E3D0204612F0DD
S2140271600CF890F807800546043016F04DFC0746EA
S21402717012F0A3F9414602463846FCF799FCA81CD1
S21402718016F042FC4FF6FF73984202D12046FFF7F4
S214027190ABFA2B789B07C6D101212046FFF7C6FE25
S2140271A0C1E700BF345B00204C4D00205255002042
S2140271B02DE9F04F002585B00746039511F0DDFF57
S2140271C00646043016F020FC8046B01C16F01CFC66
S2140271D0337804464046009316F074F982464046D9
S2140271E0FBF740F83378BAF1FF0F0CBF83464FF037
S2140271F0010B9A070AD112F060F9404514BFD9462E
S2140272004FF00109B3791BB90320B9E0A946F9E7A3
S21402721012F053F9A04205D112F04FF90446994BE9
S2140272201B7836E0984B1B78052BF8D0033B012BD6
S21402723003D8964BB3F86840F1E7204616F0DEFC1A
S214027240737840B313F00402DFF838820BD198F853
S21402725000301A4421463846D2B2FFF781FE002893
S214027260D2D000208CE0384614F0A1F8014605463C
S21402727038460AF0A1FD421C52002946384602F062
S214027280FE0212F00FFD737823F00403737098F871
S21402729000300022DDE75B0726D5384614F087F873
S2140272A00146064638460AF087FD824606F101097F
S2140272B01FFA89F9494638460AF07EFDDFF8C4818E
S2140272C0BAF1000F01D0FF2805D100224946384600
S2140272D00AF086FDDBE7B11C01EB4001C9B2384675
S2140272E013F0C6FF0446D2E7204603AA02A913F00B
S2140272F0BCFD0546B9F1000F4AD0009B03F0C0035F
S214027300802B0ED1FF2320468DF809300BF03EFA73
S214027310FF281BD00DF109020DF10A010BF02AFC21
S21402732014E0402B34D19DF808308BB3FF2320465F
S2140273308DF809300BF02AFAFF2807D00DF1090262
S2140273400DF10A010BF016FC2D281CD133784046AD
S21402735003F03F03337016F051FC10B912F0ADF88B
S2140273608046002342461946204608F04FFE002873
S2140273703FF44AAFC822072138460AF055FF0120DB
S21402738005B0BDE8F08F9DF80930FF2BDED125460B
S214027390039838B99DF80820002A62D1394B2C464A
S2140273A01B7856E709F032FA039AFF280346127949
S2140273B008D1CDE900204FF4E171354816F046FABF
S2140273C0DDE90023B9F1000FE4D002F03002102A02
S2140273D00AD0202ADED1BBF1000F24D0514618462F
S2140273E009F016FC0028D5D1DFF8A89099F80030ED
S2140273F0012B45D0204610F07CFC28B92A462146AF
S2140274004046F37913F0B4FCA54212D1039A1379DD
S21402741023F00C0313719DF80830ABB92C46194BB8
S2140274201B78302215E7039B1B7913F00C0FDBD178
S214027430B0E799F80030022BE8D0039A137923F0CC
S2140274400C0343F00403E5E70121204612F079FA23
S21402745020B920460BF09AF9FF280FD0094B1B786B
S214027460DFE70121204612F06CFA00287FF4D7AE3F
S21402747020460BF08BF9FF287FF4D1AE02207FE77F
S214027480A542D9E752550020345B00204C4D00201F
S21402749081740400E45B002038B50E4B04461B786A
S2140274A00D46033B012B10D900F108039BB2012BBA
S2140274B00DD812F002F8002302462946204608F0AC
S2140274C0A5FD80F00100C0B238BD0120FCE7022015
S2140274D0FAE700BF345B00202DE9F041064610466D
S2140274E00D4613F0A2FFA0F11004E7B256FA84F498
S2140274F02146EA1B04F10E00F2F774FA2823DFF89D
S2140275004480F35598F80030637301F045FF611C20
S2140275100246012010F027FC08220949601DF2F7F6
S21402752061FA98F8000013F096F905F10E0130465C
S2140275303B460022C9B201F0E1FF1220BDE8F0810D
S214027540B65B00202E5B00202DE9F04F89B0044682
S21402755011F013FE0546204611F072FD0746281D5F
S21402756016F052FA8146A81C16F04EFA03903846D8
S21402757095F807A016F042FB2B780490990761D184
S2140275802146042002F0C2F800285BD0204613F001
S2140275904CFF014620460AF00FFC820752D12046D5
S2140275A013F043FF014620460AF006FC10F00303E0
S2140275B0059347D12046FFF721FD002842D02046FA
S2140275C014F028F8461C204615F078FDF6B206F1AF
S2140275D00A0B834580F29F80504A06AB10685168BA
S2140275E003C3711C20460AF0E7FB3146804620465C
S2140275F00AF0E2FB594600EB082820460AF0DCFBBC
S2140276008346059B2146B21C009306A8082316F063
S214027610FCFA1FFA88F8204611F012FD5A46414637
S21402762010F095FB0122404606A901F09BFB0028BC
S21402763071D102200BF036F8013003D1404606A97C
S214027640EFF712FB11F039FF48453A46514608D18A
S21402765012F0A5F900285ED109B0BDE8F04F01F09E
S21402766077BB484612F09BF9002854D12C4B1B7866
S2140276701BB93946484612F02FFB3A465146484651
S214027680FCF716FA002846D0297811F0030102D139
S2140276902046FFF74BFCAB79002B3CD0214B1B78E6
S2140276A0DA1E012A37D9062B35D06B78DB070DD5C3
S2140276B003982E7A13F06EF910B3F30803F01C0346
S2140276C026F01F06334343F001032B724FF6FF7179
S2140276D0204611F089FC049BDBB90FF032FE00F065
S2140276E03F0202212046FCF75FFB4FF6FF73039A28
S2140276F09A4210D1204609B0BDE8F04FFEF7F4BF1B
S21402770006F01C031C2BE1D0042B04D9043E2E7277
S214027710DCE70022E5E709B0BDE8F08F28FE0300AB
S2140277202A5B0020345B00202DE9F04385B0044636
S2140277300E46174611F01EFC0C2820467BD111F08F
S2140277401CFD0922002115F0DDFB00F11005EDB24B
S214027750294620460AF030FB042853D006D80128D2
S21402776015D0022822D005B0BDE8F0837C28FAD1D5
S214027770204615F0A3FC0546204615F083FC02467B
S2140277803046E9B205B0BDE8F0430FF006BE46B992
S2140277901321204613F06CFD05B0BDE8F04311F04E
S2140277A0B5BE05B0BDE8F043FCF7ACBE9D4B1B78FA
S2140277B0013B012BD7D82046E91C0AF0FDFA074602
S2140277C086B978B9691C204613F052FD0546214653
S2140277D013F02FF83A462946102005B0BDE8F043CC
S2140277E016F0DBB8002508232146152200950DEB7E
S2140277F0030016F00AFA284602A915F033FE13F023
S21402780055FAB0E7884B1B78022BACD146B9FEF787
S2140278103FFDC2070AD5FEF7D7FC002F08BF3F265A
S214027820304605B0BDE8F0430FF0C3BDFEF714FDC9
S2140278300028F0D0F1E711F0A0FC8046043016F0E4
S214027840E3F8074608F1020016F0DEF84FF6F77383
S214027850984205460CD8754A138801339BB21380AA
S2140278600BB9734A13801EB1714A13880133138011
S21402787098F8009009F00309B9F1010F40F08380EF
S214027880204613F0D2FD014620460AF095FA043847
S21402789009283FF668AF01A353F820F0C578020026
S2140278A06777020067770200E978020067770200CE
S2140278B06777020067770200D178020067770200D6
S2140278C0D1780200204605B0BDE8F043FFF7D4B9F0
S2140278D0544B1B78042B7FF446AF0021084605B0B4
S2140278E0BDE8F043F9F720BB4E4B1B78013B012B5A
S2140278F03FF639AF404613F0D5FD00274D4B014603
S2140279005B898DF80A70ADF8083000283FF42BAF7B
S214027910384615F0A7FD0546204613F086FD421CA4
S21402792003232146009792B202A816F06EF99DF83C
S2140279300A30E6B93C4A1278022A18D1BBB9FF2DA2
S214027940BDF808400AD03C4A214632F8153028468F
S21402795023F4806322F8153013F087F9204613F0DB
S21402796065FA00222146102016F017F8FBE6022BD5
S2140279703FF4F9AE2BB9304B33F815305B053FF5C3
S214027980F2AE28463BE7B9F1000F7FF4ECAE314683
S214027990204604F0BBF8002E3FF4E5AE4FF6F77330
S2140279A09D423FF6E0AE98F80160284616F00406BF
S2140279B020D113F088FA044628467CB113F005F964
S2140279C00346F0B90C2200902946384612F0E2FA35
S2140279D00C22002339462846009308E013F0F5F8F7
S2140279E00346B8B9154A009012782946384612F06E
S2140279F0D1FAB8E613F0E9F8034678B90B220090FC
S214027A00F3E70622334629463846009612F0C2FAB3
S214027A100622DEE7234600940622E6E74B46CDF82A
S214027A200090F9E7345B0020335B0020FA54002014
S214027A30F8540020CCBE0400E45400200D6500205B
S214027A402DE9F04F05888BB00446284611F095FBC9
S214027A508046043015F0D8FF074608F1020015F0FC
S214027A60D3FF05A90190284613F029FD284613F0F6
S214027A70DCFC0146064628460AF09EF998F80030D5
S214027A80029003F00303012B0CBF82464FF0FF0A5D
S214027A9015F0D0FEB4F806B0814611F00EFD98F847
S214027AA0073000903846039301F08AF8002838D150
S214027AB0019801F085F8002849D1FCF7B9FAA9EB3C
S214027AC00B0B1FFA8BFB8146FAF774FB002844D196
S214027AD0FFF712FB002840D1A14B1B78033B012B7A
S214027AE042D8BAF1060F00F0BE80BAF1040F00F0D9
S214027AF0BA80FFF701FB20B1029B03F00303012BC0
S214027B0032D0FAF7B1FA28B9964B1B7803F00F0376
S214027B10062B6FD1944B2846B3F8681011F064FA1E
S214027B2022E0284611F029FB023015F06DFF4FF6D1
S214027B30F773984206D9039B23B92846FFF75EFAE5
S214027B400028B5D1A37823F00F03A37054E0019860
S214027B5016F054F80028B0D1F4E7A9F104095FFA48
S214027B6089F9B9F1020FB7D8BAF1010F40F0A28035
S214027B70284611F023FA4FF6FF7398426AD1002383
S214027B803146284607AA13F0B4F880460028D9D012
S214027B9042799DF82530934209D9711D284689B24B
S214027BA00AF01EF9A37823F00F030233A3700FF036
S214027BB0C8FB7E23B0FBF3F202FB130303F58073CC
S214027BC0A3809DF8263013F0180F0BD0A378190760
S214027BD008D1009BBB4205D0384698F8052005A977
S214027BE00FF0F7FB9DF82700003818BF01200BB0F6
S214027BF0BDE8F08F2823A3800020F8E7584B1B78B7
S214027C00033B012B5FD940F6B8339B459AD80FF059
S214027C1098FBFF238DF81330002300F03F00C0F5D9
S214027C20FA70A08007A90DF113008DF81C30FBF73F
S214027C30A3FF054698F80710384611F0A4FE002D5B
S214027C4080D09DF81C20013A032A7BD8DFE802F098
S214027C50807A697D4FF6F773019A9A4224D898F88B
S214027C600130DA0720D4284611F0A8F915F063FF90
S214027C70012808BF3D4BA27809BF1B78FA2303EB05
S214027C80830303EB830302BF9B00FA339BB2120902
S214027C907FF458AF5B45FFF455AF0FF052FB00F090
S214027CA01F001030A08053E02D4B1B78033B012BA6
S214027CB0A9D8D8E74FF6F773019A9A429ED898F851
S214027CC00130DB079AD4BAF1020F53D101233146B1
S214027CD007AA284613F00DF8074611F0EEFBBDF88A
S214027CE02230984236D1002F3FF42CAF01227B88F7
S214027CF03146284608F00EFB1D4A13780133DBB2E4
S214027D0088F8073013707B88BDF81E209A421FBF82
S214027D10A37823F00F030233A3704FF4C873A38033
S214027D2016E0009BBB4213D000283FF40BAF42681C
S214027D3001323FF407AFC2789DF813309A42BFF47F
S214027D4001AF05E0009BBB4202D0A2781209EBD13C
S214027D5001204CE7184615F051FF0028C3D182E7F0
S214027D60345B0020335B00204C4D0020DF64002093
S214027D70315B0020BAF1030F7FF475AF009BBB4264
S214027D807FF471AF711C284689B20AF015F80C28E8
S214027D907FF469AFFBF7E2FC4FF6FF7398420146A9
S214027DA03FF461AF284611F01FF95CE72DE9F34175
S214027DB00446008811F0E1F90546043015F024FE69
S214027DC00646A81C15F020FE074615F033FD0546AC
S214027DD03046B4F8068000F0F3FE064648B9384648
S214027DE000F0EEFE58B9194AA3781278033A012A2F
S214027DF00BD8A378002623F00F03A37021E03846A1
S214027E0015F0FCFE0028EED1F3E71B09F1D1A5EB35
S214027E100805ADB2B5F5C86FEBD80DF103013846CB
S214027E2001AA019313F021F89DF80350014645B9C3
S214027E304FF6FF73984204D00126208811F0D4F83A
S214027E40A580304602B0BDE8F08100BF345B00205A
S214027E502DE9F04105460C4611F08CF8082802D1AF
S214027E600120BDE8F081201D15F0CEFD064628460D
S214027E7094F8078011F0E4F80746284611F070F8E7
S214027E80010612D5184B1B78042B0ED1174B1B7804
S214027E90022B0AD1164BB3F868204FF6FF739A42AC
S214027EA003D000210846F9F73FF8124B1B78002B47
S214027EB0D6D1A01C15F0A8FD4FF6F773984202D84B
S214027EC06378DA070DD523789B070AD13A464146EE
S214027ED0304611F064FD80F00100C0B200F00100EF
S214027EE0BFE70120FAE700BF345B0020335B0020C7
S214027EF04C4D0020E65B00202DE9F04F9DB0044675
S214027F0011F038F80546204611F034F808285AD100
S214027F104FF40043102200212046ADF8503011F0F5
S214027F20C1FE204615F0AEF80DF072FB0023214686
S214027F301A460C2000930DF02FF998B3204615F040
S214027F40A1F814A902461020FAF7D6FD050120462C
S214027F5015F098F814A902464020EDB2FAF7CCFDC7
S214027F6010B120460FF001FA204615F08BF814A93E
S214027F7002468020FAF7C0FDB8B99DB1102517A8B1
S214027F8006F0A2FD2046BDF8507015F097F806469A
S214027F90204615F077F829460090F3B2384617AA1D
S214027FA00FF081FA1DB0BDE8F08FBDF8503017A86B
S214027FB0ADF85E40ADF85C300FF0C3FE0028DCD1B1
S214027FC045F08005DBE7204611F027F8B0F5006F94
S214027FD040F00581204611F033F80646042D40F0A5
S214027FE00181204610F0BCFF80F40060C0F3C02080
S214027FF000223146400015F0D0FC954B1A78022A32
S2140280000DD0FFF779F850B902F0FD03312B06D0F8
S214028010043A012A03D98F4B1B78002BC2D0214683
S214028020022001F073FB05900028BBD02046ADF875
S214028030464011F0A2F80446BDF8460011F000F8DA
S2140280400546201D15F0E0FCA31C83461846039344
S21402805015F0DAFC12A90746BDF8460013F02FFA0F
S21402806063780690BDF8460094F80080099313F0F2
S214028070DCF96378064608F0030828460C93FAF7FC
S214028080F1F8B8F1010F0CBF032302230E93724BD3
S21402809008BF4FF00B091D80237818BF4FF00A095E
S2140280A003F03C03082B0D907FF47CAFBDF846002E
S2140280B015F004F8B0427FF675AFB8F1010F03D0A1
S2140280C0237898077FF46EAF644BB3F86830AB4200
S2140280D00DD1634A634BB2F9001093F900300029C0
S2140280E000F0A58001EB0313A3EB211313804FF0DE
S2140280F0010AA6F11003DBB207938DF84530102271
S2140281004846BDF84610CDF800A00DF145030DF027
S21402811043F800283FF446AF099B13F002030A9384
S21402812000F00A81504B1B78002B3FF43BAFBDF8A2
S2140281304690484613F079F9002308904846CDE960
S21402814017331993ADF8683010F07AFF089B039046
S21402815003F10E01484689B213F03AF9002870D0AE
S21402816000234946089A009317A80E2315F04DFDE2
S21402817050460DF15D010FF004FE9DF869300B903C
S21402818004939DF85C30282B5BD10DF16100FAF761
S214028190F3FB0F90002854D1049812F05CFB0F9B5F
S2140281A0002867D1314B049A1B78D31A190648D493
S2140281B004F04CFD50453CD115F041FB2C4E0546D3
S2140281C0346824B104F048FD2C1B844239D30023C2
S2140281D0FF2219461846FCF73DFB356031E04FF6A4
S2140281E0FD76FBE64FF6FF70301A18BF012000221C
S2140281F03146400015F0D1FB0C2D0DD12146012051
S21402820001F084FA00283FF4CDAE214600201DB0CE
S214028210BDE8F04FFDF700B92DB920461DB0BDE808
S214028220F04FFDF75FBD042D7FF4BCAEE5E61B0202
S2140282305CE704F00BFD022803D104F0E9FC0028F9
S214028240BAD000221920039915F0A7FBAAE600BFB0
S214028250335B0020E65B0020705500204C4D00206A
S21402826042550020E25B00202F5B00202E5B0020A0
S2140282705C4E002010214846089ACDF800A012F065
S21402828028F90028DDD0A64B049A1B78934240F0CA
S214028290AA8003990DF1610214A815F0AFF8012126
S2140282A014A8FAF743F8824648F2030114A8FAF72C
S2140282B049F9BAF1000F03D0082114A80FF0FCFC0C
S2140282C0484613F0D0F803990DF16100FBF7E6FA81
S2140282D0FE288246B5D0FF280AD1039815F071FC15
S2140282E0FF28824600F087800DF16101FBF750F906
S2140282F08B4B049A1B78934200F0A38050460B994E
S214028300FBF7B2FA00283FF44DAE50460B99FBF746
S214028310BDFA23789A070FD1484613F086F801462D
S214028320484609F049FD00F00300012804D10398ED
S2140283300DF16101EEF798FCBDF8460010F010FE54
S214028340030440F18580204615F05EFB40F4007180
S21402835089B2204615F05AFB00224FF40041BDF8C0
S214028360460010F0EEFDDDF8149001231022009373
S214028370BDF846100E980DF145030CF00DFF0028CF
S2140283803FF410AE032866D1204615F03DFB40F4BC
S214028390007189B2204615F039FB284615F02EFCEE
S2140283A0002840F0B780DDF81490B8F1010F40F0D5
S2140283B0C1800320BDF8461001F0A8F9002840F05D
S2140283C0B9803146BDF8460009F0F6FC0F28014692
S2140283D07FF6E8AD4FF6F7739F423FF6E3AD2846C9
S2140283E011F0C4FCDEE55046049903F049FD00286E
S2140283F07FF44FAF25E7237803F00303012B08D160
S214028400484613F012F80146484609F0D5FC0828FB
S21402841092D0444B1A78444B1B789A4209D20DF1FB
S21402842061010398FBF768F8039815F0CAFB8246C9
S2140284305EE7A01C15F0E8FA4FF6F7739842EED9FD
S214028440FFE65046FBF79AFA00283FF457AF5CE780
S2140284504FF0000989E7284615F0D0FB0028A4D083
S2140284600A9B002B58D1B9F1000F53D1B8F1010F76
S214028470BDF846009DD0314609F09EFC8246DFF8E4
S214028480B09099F80030002B5FD011F016F88742B2
S2140284907FF488ADB8F1010F40F08280BAF1070F81
S2140284A078D8BAF1050F7FF67DAD204B1B78022BEC
S2140284B002D0043B012B03D899F80030002B4BD096
S2140284C00C9B980640F1BB800D9B002B40F0B380BE
S2140284D0284614F0F7FFFF2840F0AD805D457FF494
S2140284E061AD069B002B00F0A48012AB46F204029C
S2140284F00124ADF85C20019321460223284600940D
S21402850017AA12F06EFF00283FF44CAD214611F078
S21402851016F947E5DDF81490284607F053FD44E7C0
S2140285202E5B00202D5B0020E0640020335B0020E1
S2140285302F5B00203146BDF8460009F03DFC0A9B41
S214028540824613B9B9F1000F99D0A84B1B78022BBB
S21402855002D0043B012BB3D8284600F031FB8146FB
S21402856000287FF41FAD10F0A8FF854222D1A04B51
S2140285701B78033B012B19D89E4BB3F8684010F0CA
S2140285809CFF4B4601460D222046CDF8009011F086
S21402859001FD07E5AAF10E03DBB2012B85D901E541
S2140285A00AF00303012B7FF4FDAC7EE7012000F006
S2140285B0A5FBF7E4284615F021FB58B910F09AFF00
S2140285C04FF6FF73984205D015F02CF810B92846DE
S2140285D0FAF738FF284615F011FB88B110F08AFF2B
S2140285E04FF6FF7398420BD015F01CF840B9B8F15D
S2140285F0010F02D1BAF1060F02D0284607F04CFA54
S214028600069BA3B919460122584600F0ABFB8146E9
S21402861000287FF4C7AC204612F044FF4A460146C3
S214028620384600F09FFB00283FF44AAFBAE412A98E
S214028630E9E7069B5AE7637823F0200363704FF658
S214028640FC739F4275D16A4B1B78033B012B7FF666
S214028650A9ACA3790BB1013BA3716378590727D55F
S2140286600023584617AA14A9179312F0FEFB179870
S214028670F0B108F0CBF88146384614F023FF179A7B
S2140286800146137903F03000102806D003F00C00E0
S21402869008281CBF23F00C031371137903F033036D
S2140286A0202B05D1FF2903D00122484608F078FA8C
S2140286B0284614F007FFFF281EBF00224E4B43F841
S2140286C02020099B03F001094FF6F7739F4200F240
S2140286D01381B9F1000F40F01C812946584611F06B
S2140286E0FBFA10F0EAFE874200F0DF80384615F00B
S2140286F085FA00284AD0B8F1010F30D1BAF1010F3D
S21402870020D14A463146BDF8460007F05FFE38469D
S21402871015F074FA394B1B78002B78D1584615F0B1
S2140287206DFA002870D1384615F068FA00286BD129
S21402873038E44FF6FD739F428BD12D4B1B78042BEA
S21402874087D12FE4384615F059FA50B3BAF1030F21
S21402875027D13146BDF8460011F054FC22E43846D3
S21402876015F04CFA384612F030FA002848D00023AA
S21402877039465846BDF8462001F05AFB00283FD03D
S2140287800021BDF84600FEF7D1FB0BE4384615F093
S21402879035FA18B1B8F1010FD8D0E3E7B8F1010FF6
S2140287A0E0D1164B1B78002BB8D0BAF1050F2ED1AC
S2140287B010F083FE8DF85C0010F07FFE000A8DF844
S2140287C05D000123022217A90DF14600F9F74CFAC3
S2140287D000287FF4E7AB711CBDF8460089B209F0A9
S2140287E0D9FA03780133037011E000BF335B00202F
S2140287F0345B00204C4D0020DC3D0020E664002067
S2140288009A4B1B78002B89D0B8F1010FCDD0637834
S2140288105A070CD5BDF84640204612F0C8FD411C4A
S21402882089B2204609F0B6FA0378013B0370904BF2
S2140288301B78033B012B30D8B8F1010F06D1BAF1F1
S214028840050F1FD110F039FE834522D1BDF8460030
S214028850FEF7AEFC02281CD10021584617AA08F0E3
S21402886021F930B10379458003F03C0343F040031D
S214028870037100237F4A009339465846127811F056
S21402888089FB06E0BDF84600FEF792FCBAF1030F3C
S214028890E0D1002239461C20D6E4BDF84600FEF799
S2140288A087FCB8F1010FD5D1F0E7B8F1010F7FF4DC
S2140288B067AF0AF1FF330C2B00F2AA8001A252F82E
S2140288C023F000BF2789020027890200538702008F
S2140288D03D8902004D8902007189020093890200D7
S2140288E0BF890200D5890200D5890200E18902000B
S2140288F0F9890200058A0200B8F1010F00F094809F
S214028900B9F1000F08D1BDF84600FEF71DFEFFF7CD
S21402891049BBB8F1010FCCD0237A03F00303012B35
S2140289207FF440ABEFE7AAF102035A423146BDF8A4
S21402893046005A4107F04AFDFFF734BB3246584616
S214028940BDF84610FEF7D6F8FFF72CBB711CBDF833
S214028950460089B209F030FA0236F6B20246BDF88F
S21402896046305846009612A90AF054F8FFF71ABB8A
S2140289703F4B1B78013B012B3FF614AB079B0121B3
S214028980009300202346BDF8462011F072F8FFF748
S21402899009BB374B1B785A1E012A07D90120079AB2
S2140289A0BDF84610FCF71AFCFFF7FCBA022B7FF460
S2140289B0F9AAF9F7FFFB0028F0D1FFF7F3BABDF8E2
S2140289C0460006F069FEFFF7EDBABDF84600FEF770
S2140289D021FA98E7BDF84600FEF71CFAFFF7E2BA5E
S2140289E0234B1B78013B012B3FF6DCAABDF8460061
S2140289F0FDF736FDFFF7D6BABDF84600FDF780FD57
S214028A00FFF7D0BABDF846000FF095F9FFF7CABADD
S214028A10334622465046BDF846100FF05EF900284F
S214028A207FF4C0AA5146DAE40AF1FF330C2B3FF674
S214028A30B9AA01A252F823F0278902002789020068
S214028A40538702003D8902004D89020071890200A7
S214028A5093890200BF890200CB890200CB890200FB
S214028A60E1890200F9890200058A0200E664002014
S214028A70345B00200D65002010B50021114810F06F
S214028A80F2FB0446E8B110F004FB0F4B18702046C8
S214028A9010F004FB0D4B1870204610F005FB0C4B33
S214028AA01870204610F005FB0A4B1860012014F0DF
S214028AB0CAFE2046FFF720FABDE81040002014F058
S214028AC0C2BE10BD20550020E35B0020E25B002002
S214028AD0E15B0020544E002070B5164E0446336803
S214028AE00D46E3B110F046FA0C2818D1204610F0D5
S214028AF044FB09220021044614F004FA235C042BEA
S214028B000DD10D4B1B78033B012B08D80B4C25B11E
S214028B100B4B22781B789A4203D300232370002043
S214028B2070BD0848316814F099FB237801200133A0
S214028B302370F5E7584E0020345B0020E55B0020EA
S214028B400C65002094630020014B93F901007047E6
S214028B5042550020014BB3F8680070474C4D002088
S214028B6070B50024124D2C70EDF762FEE6B2B042EC
S214028B7012D8104B1B78013B012B04D800214FF66C
S214028B80FF70FBF719FF00220B4B1A700B4B19886C
S214028B9001B11A80012070BD304614F0EBFCC30709
S214028BA048BF2B7804F1010444BF01332B70DBE786
S214028BB02C5B0020345B0020235B0020F454002052
S214028BC038B50B4B05461B7873B101335C08094B6D
S214028BD0188814F057FA002330F81320AA4205D05A
S214028BE00133DAB2A242F7D3002038BD0120FCE7F7
S214028BF0235B0020F454002030B5054685B00846B5
S214028C000C4614F0F7FFFF280CD011F02BF90122C6
S214028C1000210346CDE90112009221462A4607208A
S214028C20FBF77AFA284614F04DFCFF2804460FD0CC
S214028C3014F0A0FCC2070DD5204614F09BFC830757
S214028C4008D40B4A32F8143043F4806322F8143006
S214028C5005B030BD11F006F9012200210346CDE928
S214028C600112009207202A46FBF756FAF0E700BFE9
S214028C70E45400204FF6FA72431E9BB2934270B53C
S214028C8004462AD8FFF79CFF38BB194B1B78042BE7
S214028C9023D0204614F095FFFF2801D0FAF702FBF6
S214028CA0204612F0BBF808B107F0C6FD2046114E6A
S214028CB004F046FA20460EF08AFB31780E4D69B172
S214028CC0288814F0DFF9054601461E220230F0F726
S214028CD089FE2C8033781E2B07D970BD202014F015
S214028CE045FA28800028EBD1F7E702333370F4E721
S214028CF0345B0020235B0020F454002037B5134B6E
S214028D0005461B78022B1FD110F0D7FB044610F045
S214028D10D4FBFFF7AFFF11F0A5F810F0DAFB002046
S214028D20FBF73CFD40F607400EF0DDFB3DB10023AD
S214028D300D2221464FF6FD70009311F02BF903B079
S214028D40BDE8304004F032BF03B030BD345B0020D3
S214028D50034B1B7813B90120FFF7D0BF704700BF43
S214028D602A5B0020F7B504460D46174610F0A5FB11
S214028D700646002D47D04FF6FB739C4243D820464A
S214028D80FFF71EFF30B1A64204D1204B1B78033BEF
S214028D90012B38D92046FFF713FF10B1012003B08C
S214028DA0F0BD20460EF0E3FAC0B1A642F6D00CB3F0
S214028DB069462046F9F758FD0246D8B908216846A2
S214028DC010F00DFBB0B9082269462846F1F704F9FF
S214028DD080B12946204611F075F8DFE7A642E6D1B3
S214028DE02846F9F7C9FD28B90120FFF787FF06F0E4
S214028DF0DFFDD3E73FB121462846FAF7E7FB2146D7
S214028E00284604F0B9F90020C9E700BF345B002009
S214028E10044A13782BB1013BDBB213700BB9024A3A
S214028E2013807047235B0020F45400200148F8F7B3
S214028E30D7BC00BFF45400202DE9F0478046174601
S214028E400D468CB061B903AE00211B4814F040FEFB
S214028E504FF000090446DFF860A01CB920461DE06A
S214028E600E46F1E70022214624233046CDF8009034
S214028E7014F0CBFE082241463046F1F7ADF8A8B909
S214028E80337C9BB96FB945B92A4621460A4810F089
S214028E9009FA0A4A1388013B138001200CB0BDE888
S214028EA0F0873B88B28953405B06ECD52146504694
S214028EB014F032FE0446D0E75855002056550020DE
S214028EC0024B1888003818BF0120704756550020FC
S214028ED040232DE9F04397B0074611A88946ADF81E
S214028EE00E300EF08AFB02238DF84430002304AEC7
S214028EF03146384604937360F9F7B6FC05460028F7
S214028F0040F0958038460EF0F4FE804610F0D5FA12
S214028F100446002840F0BB8099F80130042B40F04C
S214028F20B980EDF791FC022840F08480EDF78CFCC6
S214028F30022840F08B8096E8030003238DF8443025
S214028F4012AB83E803009DF85130002143F006037C
S214028F50102209A88DF85130F0F7F2FC09A911A8E1
S214028F600EF0E0FC40B111A80EF047FB30460DAB08
S214028F7009AA11A90EF0DBFDBDF846300DA943F093
S214028F80040311A8ADF846300EF025FD102209F1B3
S214028F900A010DA8F1F720F80546002872D1EDF770
S214028FA053FC022806D13146FF2009AA0EF0E1FC46
S214028FB000286AD134240025EDF746FC022808D1A1
S214028FC09DF851301B0704D430460DF10E0111F006
S214028FD099F92146304611F0BEF910238DF8183063
S214028FE004238DF81A303346002203CBCDF81B003B
S214028FF0CDF81F1006A80B218DF8195010F0D8F8DE
S214029000024638B1002D14BF0123032331463846E9
S21402901003F078F8B8F1000F09D0342C07D106A86F
S2140290203246394614F0EAF906A80EF048FE17B0A2
S214029030BDE8F083234621463046009411AA01F08B
S2140290405FFE00283FF472AFAD25C6E7EDF7FCFBE6
S214029050012891D1104B1B6803F08403842B8BD11B
S21402906096E8030002238DF844301023ADF846300C
S21402907012AB83E803009DF8513043F002038DF8EB
S214029080513079E73324AD2596E7052494E72C463C
S214029090A325A2E7AA25A0E7CC3F00202DE9F043AE
S2140290A036488DB0F8F78CFE14F0C9FB344D2B68A9
S2140290B0C41A4FF47A73B4FBF3F4A4B214B114F0E6
S2140290C0BEFB28602F4F4FF6FF763B88DFF8B8804E
S2140290D0ADF80A3000233B8000210DF10A0010F0A3
S2140290E0C2F8054658B9284B1B882BB14FF47A7143
S2140290F02248714314F0B2F80DB0BDE8F0834FF089
S214029100000924234A462946CDF8009003A814F005
S2140291107CFDBDF81A30A34294BFDB1A1B1B9BB220
S214029120ADF81A30CBB910F0C8F9BDF8183003F014
S2140291304003184380B218B9322103A80EF0B9F9D9
S214029140BDF818301B0602D508980EF0BFFBB8F81B
S2140291500030013BA8F80030BEE79E4228BF1E46FC
S21402916001234A462946009303A8242314F04DFD02
S2140291704A462946384614F0B1FCADE7D83E0020F0
S214029180604E00205855002056550020F0B5044683
S214029190304A8DB01068516801AB03C3A378012B27
S2140291A054D1162200210DF11A00F0F7C9FBD4F8AB
S2140291B02110D4F81D0003AB03C32388190644BF4D
S2140291C062680892DA050BD5221D08AE04F1140770
S2140291D0354610685168083203C5BA422E46F7D1A2
S2140291E0ADF8183013F0040318BFA3690593EDF722
S2140291F049FB0023ADF81A008DF81C3010F05DF91B
S214029200E0B906A903A811F07DF80022242103A8DC
S2140292100FF0CEFF0446D8B10020FFF73FFF002232
S21402922021460D4814F05AFC0C4A002013880133DC
S2140292301380FFF733FF00200DB0F0BD082201A90E
S21402924003A8F0F7C9FE0028DFD0DAE70220F3E72A
S2140292501920F1E728FE0300585500205655002035
S214029260F7B5044600200E46FFF718FF104B1B8882
S214029270A34202D8212003B0F0BD00210D4814F00D
S21402928027FC002501460B4F0029F3D0A54208D142
S2140292900024242322463046009414F0B6FC2046CE
S2140292A0E9E7384614F038FC01350146ECE700BF22
S2140292B056550020585500200148F8F791BA00BFCD
S2140292C058550020014B1888704700BF565500209D
S2140292D030B5154A8DB051680546106801AB03C318
S2140292E007A80EF08AF9DDE90101032308AC84E839
S2140292F003008DF81C309DF8293003A943F00203C1
S21402930007A88DF829300EF00DFB10B12D200DB0F8
S21402931030BD23462868696803C303A907A80EF070
S214029320E6FA0028F3D0F1E728FE030070B50C46F3
S21402933011460E4A23781278064613F0200542EAB2
S2140293400302227018BF611D0822F0F74BFB002DA6
S2140293500CBF05200D20D4F80130B3602378337398
S21402936003F01803082B08BF013070BD2F5B0020E6
S214029370042307B501200DEB0301054AF8F79AFD11
S214029380019B044A1B03136003B05DF804FB00BF95
S21402939063E51100BC3F002010B5064C2368C3F3FA
S2140293A00B0313B90448E2F73FFB2068431C236013
S2140293B010BD00BFBC3F002063E51100014B1868DA
S2140293C0704700BFBC3F002007B50020054B064A89
S2140293D0186004230DEB03010190F8F76BFD03B050
S2140293E05DF804FBBC3F002063E511007FB5112346
S2140293F00A4A012001A9F8F75DFD094B9DF81420E1
S2140294001A70084B1B780BB1052B05D10DF098FF8F
S214029410012007B05DF804FB0020FAE779EB0100B3
S2140294202E5B00202F5B00202DE9F04F0646CBB0C6
S214029430884600880121174613F05CFE2E4B3A46FA
S2140294403188ADF8160006A811F018F80DF1280BB1
S2140294505A464146C419308810F09AFFE4B208EB27
S2140294600003A34208BF044605464FF004091CBF8A
S214029470A4EB0804E4B223465A460121CDE90009CA
S2140294800BEB050ACDF808B02D1B06A8EDF746FE35
S214029490EDB20BEB04030093019523465A46414670
S2140294A0308810F0A3FF34883946204608F084FC42
S2140294B0394600F0F802204608F092FC0121308876
S2140294C013F018FE01234A46514680B10DF11600EC
S2140294D0F8F7CAFB01210446BDF81620308813F0BF
S2140294E01DFEB4FA84F040094BB0BDE8F08F30465A
S2140294F0F8F7BAFB0446F4E7B65B00202DE9F04F16
S214029500C9B0044688469246C118224A04A81F4695
S214029510FFF70CFF4FF00409C519EDB208AB029332
S214029520A5EB0A0BA8EB0A035FFA8BFBA8EB050672
S214029530DBB2F6B204EB0A02009301215B46CDF8D9
S214029540049004A8EDF7EAFD06F590730DEB03020E
S2140295505A44A2F58072136808A844F80830E35DFE
S214029560324623F00703E3552C442146F0F778FBF6
S21402957008ABCDE9019308AA00230121009604A8AE
S214029580EDF7CCFD3246204608A9F0F769FB49B054
S214029590BDE8F08FB65B0020F8B5064612F03AF842
S2140295A0811C054689B2304611F012FFF0B1EDB1CA
S2140295B02946304608F000FC1228074616D80C4BFF
S2140295C0691C1C5C89B2304608F0F6FB2C44052F59
S2140295D0E4B205D1052809D8064B1B5C1C44E4B24C
S2140295E021463046BDE8F84011F0F2BE0020F8BD34
S2140295F012BF04000CBF0400F8B5054611F015FFB3
S214029600044628460FF0B9FDA11C074689B2284633
S21402961011F0DEFE00283ED0002C3CD02146284623
S21402962008F0CAFB0646611C284689B208F0C4FB4D
S2140296300F2E30D8194B9B5DE118731E89B2092B89
S2140296400ED8DFE803F009050D0D120D0D181E1ECB
S214029650C40644BF083189B2820601D5083189B2F0
S2140296602846BDE8F84011F0B3BE7B78DB0612D57B
S21402967001EB4001F3E700F01F0000EB400001445D
S214029680EDE71F2805D8092E0ABF4000022080B247
S214029690F5E7C828E4D00020F8BD00BF25BF0400C7
S2140296A0F8B506460FF069FD09220021054613F0BB
S2140296B029FC00F11004284614F0A6F9E4B2074685
S2140296C02146304608F078FB0546304613F0F6FC95
S2140296D0BA05A0EB0403DBB20AD47C2D0AD0082D0F
S2140296E00AD8064A505D98428CBF00200120F8BD79
S2140296F01220F8E70320F6E7FF20F4E736BF04005F
S214029700014B1878704700BF0E65002038B5114B24
S21402971004461B7808469BB9012038BDA24205F1D3
S21402972001050FD103EBC1035B6898470028F3D10C
S2140297301E2022464FF6FF7114F02FF90020ECE7A8
S2140297400025054BE9B213F83120002AE6D114466B
S214029750EEE700BF0E650020DCBE04004FF6FF7386
S21402976007B502220DF106010348ADF80630E2F70E
S21402977097F903B05DF804FB603202E0002307B5F8
S214029780ADF80430134B984221D10B88DA0703D583
S214029790232003B05DF804FB9B0748BF4FF47F43CA
S2140297A04FF002020C480DF1060148BFADF8043036
S2140297B0E2F74AF94FF6FF73BDF806209A42E7D160
S2140297C00222054801A9E2F76BF90020E1E7212011
S2140297D0DFE700BF1FD1BACA603202E0002313B52A
S2140297E00222038004460DF106010F48E2F72CF927
S2140297F02D2801D0112805D14FF6FF73ADF806309B
S214029800FFF7ACFF9DF80630BDF806201BB1238893
S21402981043F0010323800020FF2A82BF238843F0FF
S2140298200203238002B010BD603202E0034B1B78B5
S214029830002B14BF442056200E3070472F5B0020AA
S2140298402DE9F04F8DB0179C06468946CDE90223D6
S214029850BDF85870D588ADF816103CB9EC0605D59B
S21402986000970DF0C1FE0DB0BDE8F08FC5F3802461
S2140298702B054FEA043448BF44F40064A80511D50A
S21402988044F080040A2E00F26981DFE816F09A009E
S2140298902F001700370067016701370010009A0093
S2140298A037009E00E90548BF44F04004EAE74FF05F
S2140298B001084FF0020B4FF0000A14E008A95FFA05
S2140298C089F011F028F8DDF82500DDF8291006AB3E
S2140298D003C3A44B33F81930ADF816304FF0000826
S2140298E0C3460DF1180A002F5DD125E006AA0DF138
S2140298F016015FFA89F003F003FCEFE74FF6F77301
S214029900994540F22B8115F4026F40F02781964B61
S2140299101B78022B03D0043B012B00F2218147BBAC
S214029920032E4FF001080CBF4FF00C0B4FF0080B44
S214029930BA4624F4C074A4B28C4B18884FF6FF7350
S214029940984206D08A49F8F78FFF10B124F4805463
S214029950A4B2039B38460093BDF81620534644F43F
S214029960027108F051FAADF82000002838D119200B
S21402997079E7384613F0A2FB0246FFF757FF032E9D
S21402998008BF0138824201DD38206CE7032E4FF013
S21402999001080CBF4FF00C0B4FF0080B4FF0000AFB
S2140299A024F4C074A4B2029B1B889BB91A4639469B
S2140299B0062000930BF013FC0028BDD140F60140B0
S2140299C051E74FF00008C34675E74FF001084FF025
S2140299D0030B70E7002339461A4607200093E9E78F
S2140299E04FF6FF73614A118899421CD00FF0C5FBEF
S2140299F003465E4A04301188039314F007F85D4963
S214029A00039B097814F4805FD9715949574A1FBFDE
S214029A10086898604868D8604FF6FF7313804FF066
S214029A20FF330B604B605946029A08A808F0A8FA62
S214029A3000289CD0504C2378002B3CD1A7B1384646
S214029A4013F03CFB0746BDF8200013F037FB2378E3
S214029A500744002B14BF12220022EB1003F004036B
S214029A6017443B44842B8FDC15F400570AD0BDF80C
S214029A70204020460FF074FA40F4806189B22046F6
S214029A800FF059FAA6F10803012B05D8012210217E
S214029A90BDF820000FF055FA179BBDF8204043B3DF
S214029AA02046BDF816100FF09FFABDF82030179A20
S214029AB000201380D7E6AA06C0D56B0103F0200368
S214029AC00A2E14BF43F0010363F07E03DBB2B8F143
S214029AD0000F08D000215246009108A800F086FE2A
S214029AE00028ABD0BFE61A46514608A810F0F1FD92
S214029AF0F6E7204611F099FC179B02462146042001
S214029B0000930BF06CFB00283FF458AF0A2E18D8CF
S214029B104FF4D963F340DB0713D5072E0AD00A2E7B
S214029B2008D0BDF8200010F0E7F880F00100C0B2BF
S214029B30800098E608A80EF0DFF80028F1D004208E
S214029B4091E617B125F04005ADB22B463146BDF879
S214029B5020005FFA89F201F01BFF84E6012082E60C
S214029B60162080E63C520020335B00208E640020E4
S214029B700F650020F15B00202F5B0020F7B50F4633
S214029B809DF828100446DDE90B061D46F1B94FF68E
S214029B90FF739C421CBF174B1C804FF000041CBF77
S214029BA0154B1A70BDF8240008F080FA00232A46E6
S214029BB0CDE90043394606209DF82030FFF740FEE7
S214029BC010B90EB1AB7A337003B0F0BD78B14FF670
S214029BD0FF739C421FBF074B1C80074B1A70002264
S214029BE00FF0E6FA04460028DCD11920ECE7212023
S214029BF0EAE700BF8E640020F15B00202DE9F04703
S214029C0088469DF82810074616461D469DF820A051
S214029C10BDF824900B9839B158B300220FF0C8FA59
S214029C20044610B9192025E00C464FF6FF739D42F4
S214029C301FBF114B1D80114B83F800A04FF6F77320
S214029C409E4208D80E4B4FF6FD761A784FF6FF73F3
S214029C50002A18BF1E46484608F028FA00233A464D
S214029C60CDE9084331464346BDE8F0470320FFF7F7
S214029C70E7BD2120BDE8F0878E640020F15B00205E
S214029C80D25A00202DE9F04786B09DF83860054686
S214029C90DDE90FA80C4617469946B6BB374B1B782C
S214029CA0022B1DD125BB4FF6F7739C4214D8002613
S214029CB0484608F0FBF900233A46CDE90063214600
S214029CC0FF232846FFF7BCFD38B9B8F1000F04D0D1
S214029CD0BB7A88F8003000E0012006B0BDE8F087C5
S214029CE0043B012BDED908460EF003F810B31DB371
S214029CF0022D31D1ECF796FDA042EDD9204B33F878
S214029D0014204FF6FD739A4219E0BAF1000F32D0D2
S214029D101A4B1B78022B05D1FFF788FDB042E6D21C
S214029D203820DAE7043B012BF6D908460DF0E1FFAE
S214029D300028F1D11620D0E74FF6F7739C42CBD815
S214029D40002EB4D03146002250460FF031FA0646B5
S214029D500028ADD11920C0E7012DBDD104AA0DF10E
S214029D600E01E0B203F0CCF9064B1B78A342B3D93E
S214029D70BDF80E20C5E72120AFE700BF335B002009
S214029D803C520020DA64002030B5104B87B00546FE
S214029D900C461868596803AA03C298680C491060F2
S214029DA09A88DB8852BA23F04003ADF812300023BB
S214029DB0CDE90043ADF81020FF23098803AA072047
S214029DC0ADF80E50FFF73CFD07B030BD64550020DD
S214029DD07055002038B50C461146124A124D1080B6
S214029DE022682A6062686A60A268AA60E2885006F0
S214029DF016D5EA88520613D561B1002218460FF02E
S214029E00D7F9014650B16088FFF7BEFF0522074B1F
S214029E101A7038BD084611F049FAF2E71920F5E73C
S214029E200220F6E77055002064550020025C0020F0
S214029E302DE9F04F074689B0104615461C468A465D
S214029E4011F0F3FA0146284607F0B6FF0646284602
S214029E500FF093F9043013F0D7FD80460FF02DFB78
S214029E60804550D0B2074ED1DFF8AC80284605A90F
S214029E70B8F800B011F0DFFB9DF81930A8F80070B2
S214029E8003BBBDF81430EBB928460FF076F9023062
S214029E9013F0BAFD4FF6F773984294BF4FF00009DD
S214029EA04FF0010901230134E4B22A463846CDF8C0
S214029EB0009005A9039303F0C5FE039B40B9013346
S214029EC09C421ED20020A8F800B009B0BDE8F08F70
S214029ED0022CF8D1012BF6D10C4A0D4BA3F800A0A8
S214029EE01378591C11700B4A7F3B16F00C01137045
S214029EF007D1BDF81A305B0603D5BDF81600FFF78A
S214029F0043FF0223D1E70020DFE700BF315B0020DA
S214029F108E640020F15B0020705500202DE9F04F82
S214029F20ABB00F46ADF81E000FF027F900F1020A9B
S214029F300646504613F068FDBDF81E40054620460C
S214029F4011F073FA0146204607F036FF814600F00C
S214029F500308301D13F058FD434C20800FF0ADFA75
S214029F60A8422DD04FF6F7739D4229D87378DA07A8
S214029F7026D4284610F029FE30B101232946BDF822
S214029F801E202088FFF754FF0FF097FA364B1B88E7
S214029F9083420FD1BDF81E40204611F046FA014614
S214029FA0204607F009FF10F00C0103D1BDF81E0091
S214029FB001F0ACFD00222D4B1A602BB0BDE8F08FED
S214029FC02B49BDF81E0011F036FB2A49BDF81E00CB
S214029FD011F075FA0028274B08BF0023234ABDF864
S214029FE01E0013600FF055F8234B1870BDF81E00C4
S214029FF00FF054F8214B1870BDF81E000FF059F8F8
S21402A0001F4B186000238DF82230002F3ED0184BCD
S21402A010DB889B063AD50FF050FA10B3194B1B6833
S21402A0209D071ED4B8F1010F14BF082318230DF1A3
S21402A0302202009200220DF11E00114600F0D6FB0D
S21402A04020B3B8F1010F9FD10F4B1B78112B9BD178
S21402A05010F0DEFB002897D140F61D40F9F7E2FF2C
S21402A06092E70823E3E700BF70550020684E002001
S21402A07064550020E95B0020E35B0020E25B0020E1
S21402A080544E0020CC3F0020335B0020504613F095
S21402A090BBFC8246BDF81E0013F010F8A0F11005B6
S21402A0A0EDB22A4631460AA8EFF7DAFDFF238DF80D
S21402A0B02F304FF6F7739A4540F2DF80B8F1010F62
S21402A0C000F0E780B8F1020F00F04681B8F1000F09
S21402A0D07FF45AAFA44DBDF81E00EB88ADF82400FD
S21402A0E004930FF04AF8BDF824600746304611F094
S21402A0F09CF90146304607F05FFE8DF82300B81C37
S21402A1007E7813F081FC07460FF0D7F906F00106B9
S21402A110B4F8009003906C88002E7FF435AF4FF6AB
S21402A120F77A4246494657458CBF0620082013F068
S21402A13034FCBDF824B0584611F077F95946024669
S21402A14043460420CDF800800BF026F85745834698
S21402A1500AD8B5F90620EB88002A05DB580603D58F
S21402A16041462046FFF710FEBBF1000F3FF40CAF4E
S21402A1702B88002B5AD16B79002B57D14FF6F773E9
S21402A1800DF126019F42BDF8240094BF4FF0000B4C
S21402A1904FF0010B10F01EFCDFF8D8A100F1FF38DB
S21402A1A0BAF800301FFA88F10593EB88BDF826004E
S21402A1B0069307F001FE069B04990190009322463F
S21402A1C05B460598C1F340110DF0A0FD00283FF450
S21402A1D0DBAE042306200093BDF82610624B5FFA1E
S21402A1E088F20AF0D9FF00283FF4CEAE48F2020306
S21402A1F06A889A4205D1BDF82410BAF8000000F029
S21402A2008DFF594D09AA29460DF123000DF07CFD5C
S21402A210034600287FF4B8AE2104BAF80000BDF861
S21402A220242060D52346294610F0E9FB9DF823300A
S21402A2304D4D03F00C030C2B75D1288910F0AAFBA8
S21402A24000283FF4A1AE039B002029894B4514BF8A
S21402A2500226032602F02CFE444B18704FF6F773C4
S21402A2609F42BDF8240075D8A4F1380253425341E8
S21402A27032463D4904F066FC86E6B8F1020F6BD022
S21402A280394BB3F90630002B26DAB8F1010F7FF40A
S21402A2901DAF0FF012F9238883423FF475AE0520F6
S21402A2A0BDF81E10FFF732FA00283FF46DAE2E4AB4
S21402A2B0D3885B0607D50023CDE900330A20FF23A7
S21402A2C02188FFF7BDFA3A469DF822302188BDF86C
S21402A2D01E0002F023F957E629460AA800F070F895
S21402A2E00028D2D050E60221DFF88C8088F80010D1
S21402A2F02946CDF800B003F0A5FC132C96D0EB88C7
S21402A3005D0493D41A4B1B78D80703D598F800201F
S21402A310022A8BD099077FF537AE98F80030012BCA
S21402A3207FF432AE82E700222B79124800936B79D3
S21402A3301146008802F0E4FD0C4B18709DF823309D
S21402A34003F00C03082B89D1039B4B4514BF04264C
S21402A350052683E701238BE74846BDF81E200249FF
S21402A36001F048FB10E600BF64550020015C0020A7
S21402A370D45A002070550020F25B002010B5002150
S21402A38008480EF070FF044650B101460420FFF75D
S21402A390BDF928B12046BDE810400121FFF7BEBD39
S21402A3A010BD00BF54550020034BFF211A78034806
S21402A3B09200EFF7C5BA00BFDB640020F43B002032
S21402A3C070B5451804464FF0FF31AC4212D1104B1F
S21402A3D010481A7805460023934211DB0E4C20786B
S21402A3E0431CB3FBF2F602FB163345F8201023702B
S21402A3F000200CE014F8010BE0F7A6FC0146E4E7A7
S21402A40050F8044BA14201D00133E5E7012070BDAC
S21402A410DB640020F43B0020F35B0020042307B536
S21402A42001200DEB0301054AF7F744FD019B044AA0
S21402A4301B03136003B05DF804FB00BF23E11100A9
S21402A440644E0020014B1868704700BF644E00201F
S21402A450014B1868704700BF644E002010B5064CCA
S21402A4602368C3F30B0313B90448E1F7DDFA206847
S21402A470431C236010BD00BF644E002023E1110080
S21402A4802DE9F04F93B003930023DDE91C79069380
S21402A49099F8003083460DA804930E4615460DF033
S21402A4A0ACF899F8003013F003043ED0039B0DF18C
S21402A4B0250A8DF824300022082138460EF08FFF38
S21402A4C0002870D028880EF058FE99F800301C0735
S21402A4D04CBF0430023013F097FA07A98046F7F70C
S21402A4E0D7FE9DF824300446980633D5288806F110
S21402A4F00D0110F06DFFA8B1002300933846082323
S21402A5002988721D13F081FB99F8003003F01803B6
S21402A510182B4AD1B8F1000F47D0A94BB3F86830D0
S21402A520434542D040F60A4327E02888711D10F0C2
S21402A5304FFF0028F6D0009405233246298809A842
S21402A54013F063FB9DF824300DF1240A03F0180380
S21402A5500393B0E714BB39464046F8F785F900285E
S21402A560D2D099F800309907DCD040232246214603
S21402A570404610F0F2FA40F6094399F8002012F02D
S21402A580030440F0F780288803930EF059FD224614
S21402A59001461A2013F001FA039BEBE007AB03CB4C
S21402A5A038607960B0E74FF6FF780DF090FB04460E
S21402A5B020B104213846F7F793FE04461E9B002B73
S21402A5C05AD009231E990DA88DF834300DF08FF954
S21402A5D0209B0BB1209B0693039B002B40F08E80A2
S21402A5E00DA8ECF7FDFD99F800309A0700F0988068
S21402A5F0FFF734FF5146024601200DF0B4FB99F8EE
S21402A60000309B0710D55946288810F0DAFF0BF168
S21402A610090350FA83F35FFA83FB5946288810F041
S21402A620A7FF00EB0B06F6B299F8003013F0C20F44
S21402A6300AF104030DD09DF82420624942F020025C
S21402A6408DF824200A68CAF804204A685A600AF17B
S21402A6500C03012209A800921B1A324629889BB2D3
S21402A66013F0D3FA324659462846FEF7DDFE002896
S21402A67000F0A48000237DE01F9B5BB19E460DF197
S21402A680340CBEE80F00ACE80F00DEF80030CCF861
S21402A69000309DE7049B594603F020032888049364
S21402A6A007F08AFB10F0030F0CBF0123002305936B
S21402A6B0049B059A003B18BF012342EA430300931A
S21402A6C00DAA06AB38461F9900F01AFB049A0346F9
S21402A6D082B1002880D0059B0DAA0093384606ABAF
S21402A6E01F9900F00DFB034699F8002022F0200285
S21402A6F089F80020002B3FF46FAF3EE7039B102B38
S21402A70006D1BDF8363043F00103ADF8363067E7C0
S21402A710039B182B4FD1BDF8363043F00203F4E703
S21402A72001200DF125010DF02CFB99F80030824630
S21402A73013F0040F288821D1069B1BB3002C35D0BA
S21402A7400EF07EFC00220146162013F026F984B194
S21402A7507FB14FF6FF7398450BD000230DA91A461A
S21402A76038460DF0E4F9394640469DF835200DF09E
S21402A770C6FA0123184613B0BDE8F08F002CDFD1CD
S21402A780104F01E0002CDBD10023324600935946DD
S21402A7903B460FF09EFE00283FF4C4AE002C3FF46A
S21402A7A069AF069A0AF10103136063E71B68534513
S21402A7B0C6D80124E8E740F60A43DBE71923D9E7BF
S21402A7C04C4D0020B65B0020002307B5054A06481C
S21402A7D0136004220DEB02010193E1F761F903B065
S21402A7E05DF804FB644E002023E111002DE9F04FD2
S21402A7F00446B1B000888DF82F3016468A4610F00F
S21402A80014FE01468146208810F0B2FE00EB0908CD
S21402A810208810F0FFFE00239DF82F505FFA88F87C
S21402A82015F001070790ADF8363008D101460DF154
S21402A8303602208810F086FD08B1ADF8367016B9DB
S21402A840CDE90E660EAEFEF73BFB18B145F02005CD
S21402A8508DF82F500023CDE9033302930DF12F0319
S21402A860CDE900632246534641464846FFF708FEB6
S21402A8700546002800F0CA809DF82F3013F0010725
S21402A88047D123F020038DF82F300EF016FE68B164
S21402A8907C4A10AB1068516803C3184600F002FAEF
S21402A8A00546FEF70FFDBBB298423BD83A9B13B162
S21402A8B000233A9A1370BDF83630CBB101212088B6
S21402A8C012F018FC27880546002800F0CA800121ED
S21402A8D0384612F00FFCBDF836700546384612F0C0
S21402A8E0EDFB002300903A461946284610F0ADFCD0
S21402A8F00023CDE9033302930DF12F03CDE9006364
S21402A9002246534641464846FFF7BAFD054600280A
S21402A9107CD00EF0D2FD002840F0BA80284631B036
S21402A920BDE8F08F18AB14AA26A9F8B20DF054F9B8
S21402A930002840F09480082210A927A8EFF74CFBC5
S21402A9408346ADB19DF8A53013F0020F08930FD0E1
S21402A950082212A927A8EFF73FFB48B9089B590718
S21402A96006D53A9B13B101233A9A1370089507E06D
S21402A9703A9B002B61D1BBF1000F70D100230893E4
S21402A9800DF1740C14AB0FCB8CE80F00BDF836300B
S21402A990CBB10121208812F0ADFBB4F800B000283C
S21402A9A04FD00121584612F0A5FBBDF8362083464B
S21402A9B01046099212F082FB00231946099A00906B
S21402A9C0584610F042FC304B0DF1740B04930023F2
S21402A9D003930DF12F03CDE9006322465346414609
S21402A9E04846CDF808B0FFF74BFD002837D1002DBA
S21402A9F033D012AA5B464FF482714FF4005000F037
S21402AA00D9F8089B13B126A80CF0F2FE0EF055FDFD
S21402AA1088B11E4B1B689A070DD4FEF751FA50B147
S21402AA20184A18AB1068516803C3002226A918A852
S21402AA300FF02CFC00BB002570E700233A9A137037
S21402AA4099E7BDF836200A901046099212F036FBB6
S21402AA50DDE9092307990090B2E72A46CAE70137DB
S21402AA601FE7BDF836B0584612F028FB2B4600907A
S21402AA705A463846079939E726A918A80FF042FC25
S21402AA80D3E700BF28FE0300C83F0020CC3F0020CB
S21402AA909DF82F3003F01103102B7FF43FAF3E4B8F
S21402AAA01B78432B7FF43AAF3C4B1B685B067FF563
S21402AAB035AF208808F1050110F08AFC834600288D
S21402AAC03FF42CAF4146208807F076F9344B10F05D
S21402AAD0200F08BF1E4612A800F0E4F808223146EE
S21402AAE012A8EFF779FA002852D0314612A80DF0D4
S21402AAF0C7F8012326AE00933246002314A912A8F3
S21402AB0000F0FEF800287FF409AF12AB0DF12F0714
S21402AB10CDE90360029000932246534641464846DA
S21402AB200197FFF7ADFCA8B3BDF89A30102043F0AA
S21402AB30080318AA14A9ADF89A300FF084FB00286F
S21402AB407FF4ECAE12ABCDE90360CDE90170009361
S21402AB502246534641464846FFF792FC05460028E1
S21402AB607FF4DCAE18AB4FF49071002012AA00F00E
S21402AB7021F84FF0005100200FF0FFFDBBF1000F4F
S21402AB803FF459AF4FF0805100200FF0F6FD52E728
S21402AB908346AEE714ABE6E7335B0020CC3F0020EB
S21402ABA0B64D002001461A230120014AF7F782B962
S21402ABB024E10100F0B5164691B0074609A80D46F5
S21402ABC01C46FFF7EFFF3EB1336845F04005CDF86F
S21402ABD026307368CDF82A301B4B1A6822EA070221
S21402ABE042EA050119604B040DD5BDF824200B0A74
S21402ABF003F4E243C9B222F4E3420B4322F07F029B
S21402AC001343ADF824301A230020104A09A9F7F797
S21402AC1051F9B4B104A80CF0F0FC02236A468DF890
S21402AC2010301546234604F1100614461868596873
S21402AC30083303C4B3422246F7D1294604A80CF0CF
S21402AC4056FE11B0F0BD00BFCC3F002024E101004B
S21402AC5047F2FF10044B196841F48042014041F468
S21402AC6080411A600FF089BDCC3F002000B589B044
S21402AC70FEF7BCFB01A8FFF795FF0948BDF80420C4
S21402AC800168130221F0FF0103F4E2030B43D2B280
S21402AC90134343F48043036009B05DF804FB00BF2E
S21402ACA0CC3F002010B50C4B0446186888B08307CA
S21402ACB006D54FF0FF3323600120636008B010BD55
S21402ACC010F04000FAD001A8FFF76CFFDDF806305E
S21402ACD02360DDF80A30EFE7CC3F002008B5074BCB
S21402ACE002461B6813F0400305D118461946FFF7C3
S21402ACF061FF012008BD0020FCE700BFCC3F00201A
S21402AD002DE9F0479EB080460C461D4691469DF8BA
S21402AD1098A0A2B1164630460CF06FFC1AF0020F4D
S21402AD200FD004B917AC22463146404601AB0CF0B0
S21402AD3031FF0DB100232B601EB0BDE8F0870DAECB
S21402AD40E9E701AB3146404605AA0CF0F0FE7378FF
S21402AD500AF0010AFF2B26D0002840F0B68054B134
S21402AD6005AA09AF134603CBBB42206061601A46B0
S21402AD7004F10804F6D125B17278554B03EB820331
S21402AD802B60BAF1000F01D10020D5E7BDF80430E0
S21402AD90D906F9D418204FF6FF71727812F0FDFD2D
S21402ADA040F60E40C8E74B4F3DB10EF086FB10B1A1
S21402ADB03B689A072BD500232B603B6803F03003D1
S21402ADC0102B01D0202B24D117A8FFF7EBFE082268
S21402ADD040460DF15E01EFF7FFF820B13B6803F045
S21402ADE04403402B15D0BAF1000F15D109A80FF075
S21402ADF0C8FC02233370002C4CD1B9F1000FC3D02B
S21402AE000EF05BFB60B3301DFFF74CFFBCE7324B26
S21402AE10D2E740F60A408FE73B68DB03E6D509A88F
S21402AE200FF0AFFC0223337074BBB9F1000FB1D040
S21402AE300EF043FBF0B1301DFFF734FFAAE73B6884
S21402AE4003F08403842B2CD009AB0DAF1A4603CA39
S21402AE50BA4220606160134604F10804F6D105E0A8
S21402AE6025463B6803F08403842B28D0301DFFF769
S21402AE7019FF26E03B68012503F08403F4E73B68EC
S21402AE80012503F08403DDE70EF017FB0028F6D059
S21402AE900125D9E70EF011FB05460028CFD0002584
S21402AEA0D2E712A80CF0A9FB022312A88DF84830AC
S21402AEB0ECF796F9224608214046ECF7E9F810230B
S21402AEC07380002D3FF460AF64E72D2034E700BFA7
S21402AED0503B0020CC3F0020C83F002049B9084B19
S21402AEE0197849B14EF66023594328B1054812F045
S21402AEF0B5B941F28831F8E70248F6F761BF00BFFC
S21402AF00D35A0020183F002070B586B005460EF0D2
S21402AF10D4FA10B9022006B070BDF7F745F800283B
S21402AF20F8D001A8FFF7BEFE06460028F2D08DB97B
S21402AF302E4B1C6814F0020406D02D4B1B78112BE6
S21402AF40E8D12C4BB3F868404FF481630221ADF888
S21402AF500C3023E02846F7F70FFD0028DAD1234B02
S21402AF601C6814F0020406D0214B1B78112BD1D199
S21402AF70204BB3F868400822294601A8EFF72CF8C0
S21402AF800028E1D04FF4027300260A21ADF80C30F7
S21402AF902B68CDF80E306B68CDF81230002203A86D
S21402AFA00EF006F9024608B91920B4E70F4B1968E5
S21402AFB001F03003102B17D0202B14BF01230323DC
S21402AFC0490001F004010B432046002101F09AF8E3
S21402AFD00028E9D000210120FFF780FF16B10122E8
S21402AFE0054B1A70002096E70323E9E7CC3F0020C2
S21402AFF0335B00204C4D0020E85B002030B5002576
S21402B00085B0CDE90055F6F7DBFE0EF056FA1E4C7B
S21402B01060B905F0AFFF0D25002108462170FFF745
S21402B0205DFF294668460CF044FA18E023784BB3D5
S21402B030164917480A780078904223D90132012B24
S21402B0400A700ED12A464FF4A071284602F012FD6D
S21402B050C0B2B8B941F288310E4812F0FFF805B016
S21402B06030BD022B09D1284602A9F7F7FDFB0028BE
S21402B070EED102A8FFF748FFEAE7032B02D101F060
S21402B080FBF9E5E70425C7E7F45B0020F55B002043
S21402B09017650020183F002070B51B4A1B4D04465A
S21402B0A05168106886B02E7801AB03C31EB1022425
S21402B0B0204606B070BDF6F7CFFF0228F7D10EF095
S21402B0C0FCF90028F3D003A800F03AFE082201A9F2
S21402B0D00DF10E00EEF780FFA0B10D4B32464FF495
S21402B0E0A07130461C7002F0C5FC04460028DFD171
S21402B0F00123084A41F2883107482B70137012F078
S21402B100ADF8D5E72324D3E73FBF0400F45B002065
S21402B11017650020F55B0020183F0020F0B50C46AE
S21402B12000219BB02B4F0646492207A80691EEF750
S21402B13007FC3B78012B34D19EBB0DF10E01204655
S21402B1400FF048FC0546BDF80E0011F0B7FF441B91
S21402B150E4B2BDF80E1023462A46009606A812F060
S21402B16054FD304604A9F7F77FFBD0B9CCB19DF861
S21402B1701920B2B9BDF8233003F47E43B3F5285F35
S21402B1801ED3B3F5385F0ED31349BDF80E000B6815
S21402B19043F400030B6029460CF08CFD18B104231F
S21402B1A03B701BB0F0BD01220C4B04A81A70FFF7CF
S21402B1B0ABFE41F288310A4812F050F80223EFE75C
S21402B1C011463A70FFF78AFE1E2104A80CF071F9A8
S21402B1D0E7E700BFF45B0020CC3F0020F55B0020D1
S21402B1E0183F0020014B1870704700BFF55B002027
S21402B1F0014B1878704700BFF45B0020014B1870B3
S21402B200704700BFF45B00202DE9F04F04464088EB
S21402B21091B00E298846ADF81A0079D094F80890B5
S21402B220A7790DF0AAFF09A90546BDF81A00E67926
S21402B23010F001FABDF81A000DF092FE420542BF68
S21402B240BDF82A3043F40053ADF82A30E379DB0622
S21402B25042BFBDF82A3043F48053ADF82A30BDF819
S21402B2602A30980613D5022F57D10CA9207A0FF050
S21402B27052FBDDF83500DDF8391007AB03C307AA29
S21402B2800021042300910DF11A00FFF7AFFA012105
S21402B290BDF81A0011F02EFF022F824649D1474B05
S21402B2A033F81950B8F1000F7ED0BDF82A205106A7
S21402B2B07AD54FF6FB739D4276D8414B1B78033BFB
S21402B2C0012B04D83F4BB3F86830AB426CD0D305A1
S21402B2D002D528460FF001FDBDF82A30D80463D502
S21402B2E0002F33D1BDF81A000DF03AFEC10663D521
S21402B2F048F23403BDF826209A4209D1324E3078FD
S21402B300FF2805D003222946FBF782FBFF23337072
S21402B3100023236011B0BDE8F08F012F01BF237A0E
S21402B3202A4A03EB430302EB830314BF00229A1C50
S21402B330A6E7012F05D10C2303FB09F3234AD55AAE
S21402B340B0E7A81C12F060FB0546ABE7284601F002
S21402B350F7FEBDF81A000DF003FEC206C8D46389D4
S21402B3605046059311F0AAFE8346504611F08AFE17
S21402B370059B02905FFA8BF04A463946019000938D
S21402B380404609AB0CF02DF8B8F1000F14BF0B20A5
S21402B390092016F0030218BF02F1FF32294618BF31
S21402B3A0D2B212F0FAFAA3E7BDF81A000DF0D8FDF1
S21402B3B0C3069DD4002FD2D1A946D0E73C52002026
S21402B3C0345B00204C4D00201B6500207C51002081
S21402B3D038B500240F4B104D2A78A24205D8C2B9C0
S21402B3E0BDE838400D48F6F7EBBC598869B9013A12
S21402B3F0D2B2A2422A70EFD0121B184603F11001F5
S21402B4001201EEF7EFFA0346E6E701341033E4B230
S21402B410E2E738BD543B0020F85B0020B46300200E
S21402B42070B51A4B1A4A1D780023DCB2A54200D822
S21402B43070BD144666880133864202F11002F4D1CA
S21402B440E379A588E16003F040028DB9CAB123F022
S21402B4500403E3710DF091FE037803F07F0303709B
S21402B46021880029E4D1BDE870400A4811F0F6BEF2
S21402B47000216580A180002AE9D1BDE87040FFF76F
S21402B480A7BF2046FFF7C0FEF7E700BFF85B002025
S21402B490543B0020B46300202DE9F047044686B0F2
S21402B4A040880F4615460DF068FEA3798046082BA5
S21402B4B052D8DFE803F0052E1851515151510500BC
S21402B4C0023012F0A1FA002D4ED06946F7F7CCF9F9
S21402B4D0002841D1684601F0DDFEB0FA80F040094E
S21402B4E006B0BDE8F08702A9207A0FF014FA6B4680
S21402B4F06E46DDF80D00DDF81110334A03C3237AD9
S21402B50032F81390314AD05C75B131460FF027FA03
S21402B510E6E7237A2E4903EB430301EB830231F875
S21402B5202390907A961CEFE74FF6FB7AD14515D911
S21402B530304603F0ADFF4FF6FF739842054615D02E
S21402B5400146304601F018FE554508D9E379DA0679
S21402B5500ED440F62243E3600020C1E74D4629465A
S21402B56008F1020012F052FA0120B9E74D46EDE763
S21402B5704FF6FC78454512D103F00C030C2B1CD178
S21402B580DFB130464FF6FD7101F0F6FD40F61F4181
S21402B5902046E160FFF738FEFFF71AFFDCE74FF6BA
S21402B5A0FD739D4209D10023304619461A4602F021
S21402B5B02DFB4146304601F0DFFDE37943F00C03F4
S21402B5C0E37140F62343C6E73C520020DF5A0020D0
S21402B5D07C51002073B5044640880E460DF0CDFD22
S21402B5E0023012F011FA0CF084FB18B1A11C201DD7
S21402B5F00CF084FBE6B1E5790135EDB2E57115F0A4
S21402B600400514D0EBF708F9012205460021204632
S21402B610FFF742FF18B1394B1B882B449DB2384BBB
S21402B6201B78042B01BF354B1B885B199DB2258006
S21402B630002231462046FFF72FFF20B360880DF028
S21402B6409CFDE2792F4922F00C03E3710B78054644
S21402B6500133DBB20B70C3712B4BA61C1B780BB3EA
S21402B660E37998061ED52949097871B159060CD591
S21402B67092070AD500220423114630460092FFF7AD
S21402B680B5F810B1E06002B070BD00220123114689
S21402B69030460092FFF7AAF820B1E37943F003039D
S21402B6A0E371EFE730460CF027FB0028EAD160880A
S21402B6B0FBF77EFD0328E6D8DFE800F0020D1D1931
S21402B6C0E37943F00403E3711B06DCD5104B1A78CA
S21402B6D0104B1A70D7E740F62443E360E37943F051
S21402B6E00803E3712B7803F07F032B70CBE740F659
S21402B6F02543E360C7E740F62643FAE76664002080
S21402B700345B0020315B00202F5B00201865002090
S21402B710D75A0020F75B00202DE9F74F064612F0B5
S21402B72089F85F4B0546B3F8009018805D4BA0EB96
S21402B73009041B78A4B2A34298BF00234FF0000866
S21402B7404FF6FF7788BF1B1B564A88BFDBB21370C3
S21402B750DFF864B1A9EB00030093534B5FFA88F25B
S21402B760197891420ED80EB1FFF732FE4FF6FF73EC
S21402B7709F4200F08E8039464C4803B0BDE8F04F39
S21402B78011F06CBDBBF80220002A3CD0484B9BF857
S21402B79007201878BBF800A0042818D00020BAF1B9
S21402B7A0000F08BFA2462044504523D2BBF8001023
S21402B7B0009B1944ABF80010002E4ED002F048024F
S21402B7C0482A4AD100215846FFF704FF45E0019275
S21402B7D0F6F790FF30F01003019ADFD1FAF702FD78
S21402B7E0344B019AB3F800C08445D7D9ACEB0000BD
S21402B7F080B2D4E702F00C00042807D10022ABF88E
S21402B80000200BF1100B08F10108A6E7510602F022
S21402B810030C02F008000ED528B3BCF1030F25D1A5
S21402B820DEB1DBF80C105846002908BF4FF442611F
S21402B830FFF7EAFC11E040B3BCF1010F25D1120676
S21402B840EED44FF4C862ABF800209BF8072022F033
S21402B850030242F002028BF80720BBF80020974250
S21402B86028BF1746CDE703208445D9D213060ED546
S21402B8700C4B1A780AEB0200844208DA4A44521B3E
S21402B8800AEB0201ABF80010E7E70120ECE7012122
S21402B89099E7064803B0BDE8F04FF6F791BA00BF45
S21402B8A05A550020F75B0020F85B0020B4630020A6
S21402B8B0345B002066640020543B0020F8B5002567
S21402B8C00A4E0B4F3378ECB2A34204D8BDE8F840D8
S21402B8D00848F5F785BF07EB0414A01CF5F780FFB0
S21402B8E0201DF5F77DFF0135ECE700BFF85B002071
S21402B8F0543B00205055002070B500240B4D0C4ED2
S21402B9002B78A34208D81B1BDBB22B706BB9BDE8A1
S21402B91070400848F6F754BA06EB041040F6214188
S21402B9200134FFF771FCE4B2EAE770BDF85B002071
S21402B930543B0020B46300202DE9F0410025064662
S21402B9402F46114CDFF8448098F80020EBB29A425A
S21402B95003D8BDE8F041FFF73BBD60880DF00DFC53
S21402B960023012F051F8B0420AD16088F8F74AFA6B
S21402B97000230E211846628803F086F92780678026
S21402B98010340135E0E700BF543B0020F85B00208E
S21402B990F8B5154EDFF858E035789EF800E0134FFC
S21402B9A0AE454FEA051C07EB051419D0002503F433
S21402B9B0835343EA1323A1712272E371608027F84E
S21402B9C00C50A58006F078FB40F60243E36033781D
S21402B9D06081013328463370FFF79EFE2846F8BD85
S21402B9E040F60340FBE700BFF85B0020543B002014
S21402B9F0D96400202DE9F04F344B0D461C781746CB
S21402BA0085B05CB9B1F90680DFF8C890DFF8C8A047
S21402BA10DFF8C8B099F80030A34202D805B0BDE8F6
S21402BA20F08F0AEB0416B08800B9708801A90FF0EF
S21402BA3002FEAA7A9DF80E309A4244D1B8F1000F5F
S21402BA400FDA297A9DF80C202B89914209D82048D2
S21402BA5000780844824236DA521A1B0A1341D90782
S21402BA6031D538460FF0D6FDBDF80A3004469A06A0
S21402BA7002D5EB889B06D1D5F37903F00C03042B91
S21402BA8008D17088F8F7BEF900237288194618465E
S21402BA9003F0FAF800213046FFF7B6FBFFF798FCF2
S21402BAA0384611F00BFB844208D2337A01228BF817
S21402BAB0003029460023384603F044F8B8F1000F58
S21402BAC0ACDA0024A6E70134E4B2A3E7F65B002072
S21402BAD0D8640020F85B0020543B0020015C002064
S21402BAE008B511F0A7FE074B1B88C01A80B2B0F546
S21402BAF0807F05D9BDE808400021034811F0AEBB9F
S21402BB0008BD00BF5A550020B46300202DE9F04757
S21402BB1088B004460D460FF088FC0146204606F023
S21402BB204BF910F0030340F0848010F00C0F06D19E
S21402BB302946204608B0BDE8F047FFF771BC20460C
S21402BB400DF00EFAC10659D420460FF06EFC0146DF
S21402BB50204606F031F9074620460DF00EFB064653
S21402BB60023011F051FF05A98046204607F00C0767
S21402BB7096F806A00FF05FFD73780C2F0CBF032714
S21402BB800627012113F0010F204618BF032711F0E4
S21402BB90B1FA2B4B81461B78033B012B1DD9BAF118
S21402BBA0010F1AD94FF6F773984502D8337A1F2B2E
S21402BBB013D9301D11F028FFF17982460DF0E3FE0D
S21402BBC006465046F7F726FDDEB173685A1C04D0C7
S21402BBD0834340F6284308BF1D461A4B1B88A342E0
S21402BBE012D1B5FA85F04009FAF7A6FD20460DF007
S21402BBF0E5F900220146072011F0CFFE08B0BDE8A5
S21402BC00F08740F62845E8E706F056FA82464846A8
S21402BC1011F054FA0646484611F034FAF6B202908B
S21402BC20424639462846CDE900A605AB0BF0D9FBBD
S21402BC30DCE7012BE2D110F00C0FDFD178E700BF72
S21402BC40345B002050550020002210B5094B1C78AA
S21402BC50094BD1B28C4201D8002010BD197A81421C
S21402BC6002D19979022902D010330132F1E701207C
S21402BC70F3E700BFF85B0020543B00200146002299
S21402BC8010B5084B1C78084BD0B2844201D800206D
S21402BC9010BD187A884202D198790128F8D010335C
S21402BCA00132F1E7F85B0020543B0020002210B47A
S21402BCB00A4B1C780A4BD1B28C4203D85DF8044B6F
S21402BCC0FFF786BB197A814205D19979012902BF0D
S21402BCD000211980598010330132ECE7F85B00200E
S21402BCE0543B0020044B1B6813F0300F03D0202176
S21402BCF030200EF042BD7047CC3F0020002310B526
S21402BD00044608491A4601EA00414FF07F60FEF7F2
S21402BD1051FFE30703D5002130200EF02EFD002050
S21402BD2010BD00BF00007207044B5B8823F4784303
S21402BD3023F08D0303800020704700BFCC3F002015
S21402BD4008B500220346C3F80220C3F806200B4AB1
S21402BD5002301268D1B212F0200F18BF41F0100163
S21402BD601980930701D4FEF79DFF054B1B78023B13
S21402BD70032B8CBF1720002008BD00BFCC3F00203D
S21402BD80335B002038B505460C46FDF72FFB98B10D
S21402BD900E4B187878B10E4B1B681A040FD58CB16F
S21402BDA013F0420F00D17DB103F44073B3F5407F28
S21402BDB00CBF0020232038BD40F60840FBE740F6C3
S21402BDC00B40F8E72046F6E72320F4E72F5B002037
S21402BDD0CC3F0020F0B504468DB007A80D461646A7
S21402BDE00BF00BFC1022002103A8EDF7A9FD5CB1B5
S21402BDF0234603AC03F11007224618685968083335
S21402BE0003C2BB421446F7D1012703A986EA0703F9
S21402BE1007A88DF81C708DF81D300BF059FD80EACE
S21402BE20070401A8E4B2EBF739FAB6B101A88DF817
S21402BE300650EBF75FFA64B1002303A907A88DF852
S21402BE401D300BF054FD0C4B1B78432B01D1F7F73A
S21402BE50CFFC0A4B1D700DB0F0BD01A88DF807503F
S21402BE60EBF748FA002CF6D003A907A88DF81D7048
S21402BE700BF03DFDEFE700BF335B00202E5B00209A
S21402BE80F0B5012593B007460DA80C460BF0B5FB9E
S21402BE9005A90DA8ADF834500BF044FD01A8EBF748
S21402BEA0FDF909A90DA88DF835509DF806600BF02E
S21402BEB039FD0DA89DF807500BF0CAFC70BB731B2A
S21402BEC0DBB2802B28D91FB1A64225D0A54223D1AA
S21402BED005A90DA80BF00BFD03A8EBF7DFF903A8E5
S21402BEE08DF80F60EBF706FA0122294609A8FFF73C
S21402BEF071FFF7F733FD01214FF4007003F0E6FD02
S21402BF00FDF75CFAB0F1004F01D9FDF75DFA044B7C
S21402BF1018780BF0CCFA012013B0F0BD0020FBE736
S21402BF202E5B002070B50E46144605460320FFF72A
S21402BF3065F946F00402294620460BF032FD00223F
S21402BF40014B1A6070BD00BFC83F0020F0B587B035
S21402BF50078805461022002102A8EDF7F1FC3E4BA9
S21402BF601B78002B76D1BC055ED407F08403842BA5
S21402BF7063D00022394C11461046FFF72BFF17F408
S21402BF80045F276005F102061CD0B9040AD53046C4
S21402BF9005F0A4F900284ED1236823F4005343F495
S21402BFA08073236030460EF076FC002842D10BF0F8
S21402BFB020FB18B9236843F480332360236843F0D8
S21402BFC02003236022680DF1060042F4004323603A
S21402BFD0FFF7AAFE12F4805FBDF8063031D043F0B8
S21402BFE02003ADF806302168334611F0400218BF30
S21402BFF005F123024FF07F60FEF7DCFDBDF8063048
S21402C000DA0703D5002130200EF0B7FB23689B0524
S21402C01006D5012295F8221005F11200FFF7DAFE86
S21402C02000200F4B186006E005F112000EF033FCFC
S21402C03000289AD0292007B0F0BDB80799D523204A
S21402C040F9E723F02003ADF80630FDF7BDF9FEF759
S21402C050BBFBC8E70220EEE7335B0020CC3F0020A4
S21402C060C83F002008B5054B1B7833B1FFF73AFEF0
S21402C070BDE808400248FEF731BE08BD2F5B00202F
S21402C080B65B002010B5154B1B78D3B1144B1B784A
S21402C090033B012B15D900200EF0C0FE044698B1D2
S21402C0A0EAF7EAFB237913F0300F0AD148B10128E8
S21402C0B003F0CF0206D0811E4B424B415B01134375
S21402C0C0237110BD1023FAE7F7F7DAF80028F8D044
S21402C0D021462046BDE8104004F096B82F5B0020AB
S21402C0E0345B002008B50DF0E8F9054B18B918685E
S21402C0F0C0F3800008BD1868C0F30050FAE700BF1E
S21402C100CC3F00202DE9F04F064689461046002116
S21402C11089B01546984605F04FFE102807460AD8FD
S21402C1206A4B0341DB0706D4C8F340049DB90020DE
S21402C13009B0BDE8F08F664B1C78002CF6D0FFF7EE
S21402C140D1FF00280CBF4FF4F0744FF4D074FC40BB
S21402C15004F00104EAE74FF0000A18F0010F534614
S21402C160524629464FF00500CDF800A00CBF4FF00E
S21402C170080B4FF4027B09F032F80028D7D0C82308
S21402C1803246009359465346284605F03DFEADF822
S21402C1900E000028CBD018F0080A4AD14FF6F773E3
S21402C1A0A7F10F02D2B29E428CBF09230123012AB5
S21402C1B001D843F04003474A8DF810301378591CD3
S21402C1C011708DF81130002C4FD09DF81030052FCD
S21402C1D043F020038DF8103033D03F4B1D78002DEE
S21402C1E05AD04FF6F77300259E424FF00F0248D9F9
S21402C1F0012304A90DF10E00F5F736FD002896D1AD
S21402C200002C4DD1BAF1000133463A4618BF01213F
S21402C210BDF80E00CDF800900BF075FDADF80E00DF
S21402C220002884D018F0040F4DD031460DF07AFD68
S21402C2307EE749460DF10E0005F02AF80028ADD13A
S21402C24075E70121BDF80E0010F054FF012105F03C
S21402C250B3FD0123834013F0620F1CD11E4B1B78E3
S21402C260E3B14FF6F7731825BEE71B4B25461B783E
S21402C2700222002BBCD04FF6F7739E42B8D8052F89
S21402C280B6D0BAF1000FB3D19DF8103043F0400398
S21402C2908DF81030ACE710250F22A9E71825FBE72A
S21402C2A0BAF1000F0AD002234A46009029460DF141
S21402C2B00E00FEF79BFA0028A4D038E74123524628
S21402C2C0CDF800A0F2E70DF017FD31E79FFEFEFF66
S21402C2D02F5B0020305B0020215B00202DE9DF432E
S21402C2E01E46144B80461B680F469B0791460A9CC7
S21402C2F01BD4204614B10BF0EEFCC0B20622CDE9E8
S21402C30002403B460020CDE900890B490FF00DF8AC
S21402C310024650B10021002E0CBF0123032308461B
S21402C32004B0BDE8D043FFF7EDBE002004B0BDE880
S21402C330D08300BFCC3F0020197404002DE9F04FD3
S21402C3408DB081468A461F4693469DF85C803AB970
S21402C35003A8FEF7A7FCB0BB00200DB0BDE8F08F27
S21402C36015460022232110460CF022FFADF80A00E3
S21402C3700028F1D010F086FE0523044618F0100FB0
S21402C38000F8023B677020D011220021EDF7D8FAA0
S21402C39004F11306032F4FF0080237D159463046F0
S21402C3A0EDF720FBC8F3801306F1090533720BF094
S21402C3B08EFC00283ED000232B706B7001230335C1
S21402C3C005F8013C36E003ADCBE7012610221699AC
S21402C3D0EDF708FB06FA07F313F0620F02D104F139
S21402C3E01206D7E707A80BF008F905A88DF81C6017
S21402C3F0EAF754FF9DF8162018F0200F9DF8173024
S21402C40008BF134604F11306A374C3E75146304629
S21402C410EDF7E8FA012306F10802121B28460093FC
S21402C420BDF80A10082392B211F0EFFB042F06F1B2
S21402C4301005BCD02D1BA9B20DF10A000EF0DDFED0
S21402C440002889D118F0040F0BD0484611F03AF8AC
S21402C450FF281FBF074A32F8103023F4804322F821
S21402C4601030434651464846BDF80A20FFF74AFEBA
S21402C47073E700BFE454002070B5032690B08DF831
S21402C48007600DF01AF818B90224204610B070BDE5
S21402C490F5F78AFD0028F7D002AD2846FEF702FC23
S21402C4A00028F1D01B4B1C6814F00204ECD140F2B9
S21402C4B00F43194AADF82430136804A8CDF8263085
S21402C4C05368CDF82A300BF098F895E8030005ABD0
S21402C4D083E80300062304A88DF81D308DF810604B
S21402C4E0EAF77EFE01210DF12E020DF10700EAF7B2
S21402C4F0CFFD22461A2109A80CF05AFE024608B9B8
S21402C5001924C2E7012329462046FFF7FBFD00282F
S21402C510BBD1F5E7CC3F0020B65B00202DE9F04FFB
S21402C52006460F46002199B01F2210A803930F91CA
S21402C530EDF706FA30460EF078FF0146304605F073
S21402C5403BFC8DF81B0030460CF017FE9DF81B30A6
S21402C55045788146C5F340059806304648BF45F003
S21402C56002050FF057F80446304610F0A7FD0023E8
S21402C570001B5FFA80FA00935346232B28BF23231F
S21402C580224631460FA811F040FB002840D19E4BB0
S21402C5909DF83C801B789DF83DB0002B3BD0FFF702
S21402C5A0A1FD00280CBF4FF4F0734FF4D07323FAAA
S21402C5B008F3D9072FD5AA072DD4B8F1080F24D12E
S21402C5C0BBF1040F24D1FAF797FD08BB01232246DC
S21402C5D00093314605200DF11B0308F0DDFDB8B1CE
S21402C5E0A8F10508B8F10D0F12D8DFE818F02800F8
S21402C5F0A001C701EC01F5011100110011001100A4
S21402C600FB019D02A902D702D702B8F1050F08D096
S21402C61019B0BDE8F08FB8F1100F05D1039B002BBF
S21402C620F6D0FAF769FDD1E7FAF766FD0028CDD015
S21402C630B8F1050FCAD0B8F1110FC7D0E8E7BBF1C1
S21402C640050FE5D830460CF0FBFC059009F1020018
S21402C65011F0DAF981460DF11E00FFF765FB0123A2
S21402C6609DF83D70BB4013F06203039305D0BDF8FE
S21402C6701E309B0701D5AE07CAD50CF01EFF002858
S21402C680C6D0FAF739FD08B9002DC1D00DF13E0A21
S21402C69050460EF000F9039B0490BBB1032F9DF8A1
S21402C6A04EB01AD10DF14F040CF007FF814540F051
S21402C6B01781032DACD19DF856105246003918BF8B
S21402C6C001210DF14E000BF02BFBA1E7032FDDF845
S21402C6D00CB07BD10DF14E04E6E74C4B1B689C0771
S21402C6E029D5FF2208210DF157000CF078FE80466E
S21402C6F008BB034601460DF157020220FEF75AFA1E
S21402C7000CF0DBFE81450DF157060DF14F0422D0E9
S21402C7104FF6F773994540F2E8800022082120463A
S21402C7200CF05DFE002800F0E080002259465046DC
S21402C730FFF750FB6CE70DF157060DF14F0430463C
S21402C7400EF043F8002846D00CF0B7FE814540F0C4
S21402C750C8804FF000082046F6F70EF9002800F0D1
S21402C760C080012F58D0042F7FF452AF0EF050F83D
S21402C77010B1032D7FF44CAF049B002B7FF448AF1F
S21402C780324602215046FFF7CDFB214B1B7863B1A0
S21402C790FFF772FEFEF72CFD022806D10120FEF7F7
S21402C7A021FD01210846FEF799FB1A4B1B78022B46
S21402C7B01FD1032130460AF07CFEFEF719FD014622
S21402C7C000287FF425AFFEF789FB21E70DF1560618
S21402C7D00DF14E04B3E70F4B1B78432B7FF418AFD3
S21402C7E0012F7FF415AF0CF068FE814579D1B8466B
S21402C7F0B1E7412B7FF40CAF044B1B6858057FF55D
S21402C80007AFF8F761FC03E72F5B0020CC3F002060
S21402C810E85B0020335B0020B64C2378022B22D044
S21402C8202378412B3FF4F4AE049B33B9FAF764FC49
S21402C830594602465046FFF7CDFAFAF75DFC002845
S21402C8403FF4E6AE0DF0E4FFAB4F98B13B681A0535
S21402C85002D42378432B0DD1AB070BD440F61A40F3
S21402C860F7F7E0FBD4E60DF0D3FF0028D8D0A907EF
S21402C870D6D4CDE6386810F0020002D1059903F04E
S21402C880C3FC2378112B16D13B685F0513D5002015
S21402C890FEF73AFB044600287FF4BAAE0DF0E5F840
S21402C8A040F61C40F7F7BEFB21462046FEF716FB75
S21402C8B0F7F7C4FBACE6AC0701D5FFF713FAB8F1FD
S21402C8C0000F9ED00AF095FE18B94FF480310DF095
S21402C8D054FF0022894B30461A600DF06DFF90E738
S21402C8E00026039B002B7FF413AF4FF6FF73204600
S21402C8F008A9ADF82030F5F791FF20B120460CF0DC
S21402C900B7FDADF820004FF6FF73BDF82000984241
S21402C9103FF47EAE049B3246002B0CBF0423152345
S21402C9202146CDE900A33B46FFF708FD70E60CF072
S21402C930C4FD00287FF46CAE714B1B78002B3FF4CD
S21402C94067AEA80704D46C4B1B6899013FF560AE2E
S21402C950BAF10C0F0DF1450094BF002412AC11F091
S21402C96053F802469DF8470003283FF651AE394673
S21402C97000940DF13D0304F00BFA49E60DF13D007B
S21402C980F5F7FAFF28B1022239460020FAF740F8F6
S21402C9903EE65C4B1B78013B012B3FF639AE0DF1B0
S21402C9A03D0002F075FD4FF6FF739842044606D12D
S21402C9B00DF13D000CF05CFDA0423FF429AE0021D3
S21402C9C0FAF736F924E6EA077FF522AE2A46384613
S21402C9D00FA904F0DBFA1BE69DF83D100120FFF7D5
S21402C9E04FFA15E6474B1B78013B012B3FF610AE7C
S21402C9F0EB077FF50DAE0DF13D0002F049FD4FF657
S21402CA00FF7398420546804640F080800DF13D0057
S21402CA100CF02EFD40450546074677D10DF13D0048
S21402CA20F6F71CFCB84205463FF4F2AD304610F06D
S21402CA3045FB00220934E4B2071BFFB23946104612
S21402CA400CF0B6FBADF81C0000283FF4E1AD4FF049
S21402CA50010900232A460821CDF8009005F0D4F9F2
S21402CA60ADF81E0000283FF4D3AD214630460EF046
S21402CA70A8FD4FF0000A80461622514609A8CDF8B6
S21402CA8020A0ECF75DFF434622463146CDF800A0D3
S21402CA9008A811F0BAF84B46424608A90DF11E0046
S21402CAA0F5F7E2F800287FF4B3ADA7EB0807FFB26C
S21402CAB0394607A80EF0A1FB284610F003FDFF2812
S21402CAC018BF114A444418BF32F81030E4B21CBFF3
S21402CAD023F4804322F81030BDF81C002346324669
S21402CAE0002100970EF0B1FB2946BDF81E000DF09E
S21402CAF019F98DE5335B0020CC3F0020C83F0020AB
S21402CB002F5B0020345B0020E4540020284610F0FF
S21402CB10D9FCFF28074689D0F6F7C6FD002885D03F
S21402CB20384603F099F881E71E4B1B78013B012B30
S21402CB303FF66EAD2A4638460FA9FCF7C9F967E5F7
S21402CB40194B1B78022B20D1002F7FF461AD08A869
S21402CB50FEF7A8F800283FF45BAD144B1F709DF853
S21402CB603D30002B14BF64246524FEF741FB0328E6
S21402CB7006D138463946FEF7B1F93846FEF73EFB8F
S21402CB80214608A80AF095FC42E5043B012BDBD9B6
S21402CB9038460BF0AEF80028D6D139E530460BF011
S21402CBA0AAF835E5345B0020335B0020E85B002002
S21402CBB02DE9F34105460E46174698460DF028FE27
S21402CBC0044640B101233A4631462846CDF8008055
S21402CBD0FFF784FB04460DF01BFE30B1FFF782FA26
S21402CBE078B10A4B1B689B010BD400233A463146A8
S21402CBF02846CDF80080FFF771FB002C0CBF0446D8
S21402CC00012404F0010002B0BDE8F081CC3F002010
S21402CC1070B58AB005A80AF0F0FC022301AA1546F0
S21402CC208DF81430084B03F110061446186859683C
S21402CC30083303C4B3422246F7D1294605A80AF0B0
S21402CC4047FE0AB070BD00BF47BF0400014B18780C
S21402CC50704700BF19650020014B1888704700BF57
S21402CC60906400204FF6FF732DE9F0439942804608
S21402CC700D4685B00BD000274FF6FD791C4EE9F71E
S21402CC80D1FDFCB2A0420BD84FF6FF701DE0F5F7BF
S21402CC9073FE0028EFD005B0BDE8F0430CF00DBCE3
S21402CCA036F814304B4517D8694620460DF0F7FD86
S21402CCB0082241460DF10500EDF78EF94FF6FF7397
S21402CCC060B99D4204D136F8140005B0BDE8F08381
S21402CCD026F814500DF0ACFD0137D0E79D42FBD08C
S21402CCE036F81430AB4208BF26F81490F4E700BFBB
S21402CCF03C5200202DE9FF4706460F4600254FF618
S21402CD00FD79DFF83C80DFF83CA0E9F78BFDECB25A
S21402CD10A04202D804B0BDE8F08738F814304B457C
S21402CD200CD8694620460DF0BAFD082231460DF1B0
S21402CD300500EDF751F908B90AF804700135E4E781
S21402CD403C520020DF5A0020014B33F81000704797
S21402CD503C520020F0B5064600250D4F85B0E9F797
S21402CD6061FDECB2A04201D805B0F0BD37F8143030
S21402CD70B3420BD1694620460DF0CDFD9DF800303A
S21402CD80022B1CBF4FF6FD7327F814300135E6E779
S21402CD903C52002030B585B004460D46E9F742FD08
S21402CDA0A0420FD9084B33F814204FF6FD739A426F
S21402CDB008D8694620460DF0AEFD29460DF105005D
S21402CDC0FFF750FF05B030BD3C52002030B585B0AD
S21402CDD00446E9F727FDA04219D92046FEF734FF9C
S21402CDE00546B0B9694620460DF059FD9DF800305B
S21402CDF02BB1694620468DF800500DF06EFD4FF6B9
S21402CE00FF720020044B23F8142005B030BD282002
S21402CE10FBE740F60440F8E73C5200202DE9F041DB
S21402CE200B7805460E461BB9BDE8F041FFF7CEBFAC
S21402CE30E9F7F8FCA84231D92846FEF705FF78BB89
S21402CE40374617F8058B4FF6FF713846FFF70AFF8D
S21402CE500446384600F01EFAB0FA80F04009B8F1EF
S21402CE60000F15D0B8F1030F15D04FF6FF724FF62C
S21402CE70FD73944208BF1C460B4B314623F81540FF
S21402CE800A4B585528460DF028FD0020BDE8F081D3
S21402CE904FF6FF74F0E74FF6FE74EDE72820F5E74D
S21402CEA040F60440F2E700BF3C520020DF5A002062
S21402CEB02DE9FF410D4604464FF6FE780F4F0E0A47
S21402CEC0E9F7B0FCA04204D8FF24204604B0BDE82F
S21402CED0F08137F8143043450CD1694620460DF0F0
S21402CEE0DEFC9DF80520EBB29A4203D19DF806308F
S21402CEF0B342EAD00134E4B2E2E700BF3C5200207B
S21402CF002DE9F04F0C461746984600254FF6FD7B56
S21402CF1087B09DF840A0DFF85C900190E9F782FCAC
S21402CF20EEB2B04201D8FF2616E039F816205A456E
S21402CF301ED8304602A90DF0B2FC3FB99DF8092072
S21402CF40424515D19DF80C20524511D144B939F805
S21402CF501620019B9A420BD1304607B0BDE8F08FEF
S21402CF60082220460DF10D01EDF736F80028F3D021
S21402CF700135D3E73C52002010B514460DF08FFC65
S21402CF802046BDE8104008220149ECF72BBD00BF41
S21402CF90B65B00202DE9FF470746154608460822DD
S21402CFA024491E46EDF718F8044600283FD14FF6EE
S21402CFB0FF7ADFF88490E9F735FC5FFA84F880455B
S21402CFC00BD385B3384608F0C9F901250C9B1870B7
S21402CFD00120357004B0BDE8F08739F818305345A3
S21402CFE01FD0694640460DF05AFC7A789DF801300B
S21402CFF09A4216D17A88BDF802309A4211D13A790D
S21402D0009DF804309A420CD108220DF10501781DD4
S21402D010ECF7E2FF28B9002DD7D1404608F0B9F95F
S21402D020D3E70134C7E7FF2008F0B3F9CEE70020C4
S21402D030D0E700BFB65B00203C520020F0B50025CA
S21402D040154E164F85B0E9F7EDFBECB2A04201D8BB
S21402D05005B0F0BD694620460DF021FC9DF8003073
S21402D060032B06D90023694620468DF800300DF0C2
S21402D07034FC9DF8002062B14FF6FD734FF6FE7148
S21402D080032A08BF0B4626F81430002301353B5509
S21402D090D9E74FF6FF73F6E73C520020DF5A00202E
S21402D0A0F8B50E4604464FF6FF770C4B0C4D1B7830
S21402D0B003EB430305EB8305A54202D80024204672
S21402D0C0F8BD2388BB4206D008223146A01CECF7E6
S21402D0D083FF0028F3D00C34EEE700BFDA640020AA
S21402D0E07C510020044BFF211A78044802EB4202CE
S21402D0F09200ECF725BC00BFDA6400207C510020C9
S21402D100F8B504460C4B0D461B781046A3420DD9C3
S21402D1100C27022117FB04117C43084E08223144D7
S21402D120ECF760FC335B00202B80F8BD0023136015
S21402D13053604FF6FF73F6E7DA6400207C51002056
S21402D14038B504464FF6FD75FFF704FE0022084B7D
S21402D1501878084BD1B2884200D838BD33F80C1C78
S21402D1600132A14208BF23F80C5C0C33F2E700BF81
S21402D170DA6400208851002070B505460E4608463F
S21402D180FFF7DEFF31462846FFF76CFD29460648C4
S21402D190FFF786FF00B970BD044624F80C6B0DF04D
S21402D1A047FB29462046F3E77C51002010B50822AB
S21402D1B086B023490446ECF70FFF20B906B0BDE857
S21402D1C010400CF07AB9082220461E49ECF704FFFC
S21402D1D020B91D4BB3F8680006B010BD002301222B
S21402D1E021464FF6FF700093FFF78AFEFF2806D00F
S21402D1F0164B33F810004FF6FB739842ECD903A88F
S21402D200FEF79EFD58B9BDF80C305B0607D508221E
S21402D21021460DF10E00ECF7DFFE0028DCD0214699
S21402D2200B48FFF73DFF40B14FF6FB724FF6FF7318
S21402D2300088904288BF1846CEE74FF6FF70CBE7CD
S21402D240B65B0020B64D00204C4D00203C5200201C
S21402D2507C51002070B5002204464FF6FB76084645
S21402D2600A4B1D780A4BD1B28D4201D8002009E044
S21402D2701988B14207D8A14205D10822991CECF7B9
S21402D280B1FB012070BD0C330132ECE7DA640020FA
S21402D2907C51002037B5014605460E48FFF700FFD1
S21402D2A0044640B1807A29460DF059FB80F0010011
S21402D2B0C0B203B030BD03460090012229464FF6A5
S21402D2C0FF70FFF71DFEFF2816BF034B2046185CB3
S21402D2D0E9E700BF7C510020DF5A00202DE9F34128
S21402D2E0224B04461B780F468342154638D9FEF772
S21402D2F0C5FCB8BB4FF6FD739D421D4E0ED004EB27
S21402D300440326F823504FF6FF739D421FD1204652
S21402D310FEF7CCFC002002B0BDE8F0810DF106015C
S21402D3203846F5F77BFA4FF6FF72BDF806303846F8
S21402D330934218BF1D460C236343F55206EB0308BF
S21402D340FFF7A8FFB0FA80F0400988F80A000C231D
S21402D35003FB0460082239460230ECF743FBD9E7A8
S21402D3602820D8E740F60540D5E700BFDA6400205B
S21402D3707C51002038B504460D46FFF7BBFC21461B
S21402D3800448FFF78DFE00B938BD857221460C3081
S21402D390F7E700BF7C5100200023074A1370074AB4
S21402D3A01370074A118801B11380064B1A880AB116
S21402D3B000221A80704700BFFA5B0020F95B00204B
S21402D3C0605500205E5500202DE9F04F4C4C9846E3
S21402D3D0238889B005900F4610469DF848A05BB991
S21402D3E052B10DF023FF20804FF4FA61454809B090
S21402D3F0BDE8F04F0FF032BFDFF81C91B9F80050CD
S21402D400002D69D028460FF059FEC0F3470428467F
S21402D4100FF038FEDFF804A10294BAF80030DFF805
S21402D42000B10193BBF80030054600930022434644
S21402D430012035490DF079FFADF81E0010B305EB5B
S21402D44044080124454512D1E4B9BDF81E50CDB1B9
S21402D4502E4B1B782BBB2B4600223946059800F034
S21402D46043FA0023ABF80030AAF800300AE00123A2
S21402D47029461A460DF11E00F4F7F6FB023504465D
S21402D4800028DFD00023224AA9F800301378013B97
S21402D490DBB21370002BA7D109B0BDE8F04FFFF73F
S21402D4A07BBF0BF0D3FF0146284604F085FC0A2119
S21402D4B08046284604F080FC0646A64202D8FF2C88
S21402D4C0CFD1C8E7284604F10B0104F075FC80456D
S21402D4D0C1D80134E4B2F0E70E4C237823B910F039
S21402D4E0A1F808B901232370524641460520F5F7F4
S21402D4F057FC0028D0D1207009B0BDE8F08F00BFDD
S21402D50060550020D46300201F740400FB5B0020DB
S21402D510FA5B0020F95B00205E550020F8540020DC
S21402D520FA54002030B5154D87B02C889CB9234696
S21402D5304FF4A07248F2380103A80DF0F3FA214620
S21402D5402046F9F7F3FB22460D4B009403A9FFF79A
S21402D5503BFF07B030BD20460BF00FFE043010F044
S21402D56053FA03A9044628880EF065F800230093B0
S21402D57020462A8803A900F065FBEAE760550020EA
S21402D58000F8FF0737B5002001A9F9F7CFFB0D4CCD
S21402D590014623780C4D7BB10C4B019A1878F9F7AB
S21402D5A0DBFB2078F7F716F9002323702B70084868
S21402D5B0F4F706FC03B030BD2B78002BF7D0FFF74C
S21402D5C0B1FFF4E7FD5B0020FA5B0020FC5B002065
S21402D5D0D463002008B50548F4F702F90448F4F7C6
S21402D5E0FFF8BDE808400348F4F7FAB86055002093
S21402D5F05E5500205C5500202DE9F04F89B0894623
S21402D6000446CDE905239DF84870139E30B316F8FC
S21402D61001ABBAF1000F23D00AF1FF34A400E4B242
S21402D620314601200AF0ADFBC00E1BD1DFF838B13F
S21402D630314601200AF0A5FB9BF8005034442279BB
S21402D640BDB1002F47D180234846CDE90277CDE908
S21402D65000773E4A059900F047F93CE08246DFE74C
S21402D6605446DDE71B28ECD9314601200AF089FB37
S21402D670E7E7DFF8F880FF2A00EA08080BD14246FF
S21402D680E379A179607901EB032189B209B0BDE89B
S21402D690F04FF9F761BB2E4909688B070AD5FE2AB7
S21402D6A035D101230135EDB2202D4FEA43030AD1CD
S21402D6B0FF250AE0294628460792F9F737FB484530
S21402D6C0BFD1079AEBE79845ECD1224B1B78FF2B8C
S21402D6D004D0AB4204D009B0BDE8F08FFF2DFAD0DB
S21402D6E029460020F3F774F80028F4D09BF800309F
S21402D6F06479002BEFD1FFF74FFE17484FF4105115
S21402D7000FF0ACFD154B8BF800501C70E3E7052AB2
S21402D71097D8BAF1010F94D8B8F1000F91D0002F24
S21402D720D9D17379002BD6D00D49098821B9082B97
S21402D73028BF08230B490B70434648461292DDE980
S21402D740051209B0BDE8F04FFFF73EBE1F74040095
S21402D750CC3F00201A650020D4630020FC5B00202A
S21402D76060550020FA5B0020FD5B002000F8FF07F2
S21402D770014B1880FFF7D6BE5E55002037B5184B12
S21402D7801B78022B03D01725284603B030BD002194
S21402D7900DF10700F4F798FC05460028F3D1114B6B
S21402D7A01B78013B012B01D90225EDE7F4F7F6FBC6
S21402D7B00028F9D009F0C5FD0446F4F7EFFB0A4B42
S21402D7C04FF47A7118700B23B4FBF3F203FB124486
S21402D7D00A34A4B2614305480FF040FDD4E700BF07
S21402D7E0335B0020345B0020245B0020F83E0020E0
S21402D7F02DE9F043384B00241E784FF4F813374FC8
S21402D800A5B003933D78ADF81040F7F78FF8BDF951
S21402D8100E30ADF81200A342ADF8144006DB304BD2
S21402D8201C780134E4B21C7044F080048DF82C405D
S21402D830A94602244FF000088DF82D60B14529D381
S21402D840002221460BA83D708DF82D800BF0B0FC0F
S21402D850E8B1B8F1000F09D000234FF6FC71CDE90C
S21402D860000303AAFF230620FBF7EAFFB5422FD2E6
S21402D87009F067FD0B23B0FBF3F24FF47A7102FB5B
S21402D88013000A3080B2414316480FF0E7FC25B079
S21402D890BDE8F083484606A902F004FA98B9512C6E
S21402D8A011D804F190030DEB0302083406AB0135E0
S21402D8B008F1010803CBE4B242F8640C42F8601C9B
S21402D8C0EDB25FFA88F809F101095FFA89F9B5E75E
S21402D8D00448F4F775FADAE7245B0020255B00209B
S21402D8E0FF5B0020F83E00200CB42DE9F04F8BB011
S21402D8F014AA0E4652F8041B07460992002940F065
S21402D9008F80BDF85400ADF82200002800F0A180F8
S21402D91033794FF6F778002B40F0868047458CBF68
S21402D9204FF009084FF008084C4B1C78FF2C40F0CB
S21402D9308380B6F90230002BA9BF494B347A1C7893
S21402D9400134A2BFE4B21C7044F08004DFF81CB1BC
S21402D9502246002104F044FA9BF80030BDF822006B
S21402D960002B6CD0DFF808A14FF00009BAF800309F
S21402D97007930FF0A3FB0546BDF822000FF082FBCB
S21402D980EBB2CDE90193FF23CDE9030900932246CA
S21402D990334639460798FCF7F1F84FF6FF7305460B
S21402D9A08BF80090AAF80030382D33D1324639462B
S21402D9B040460DF122030AF0A4F900284BD04FF698
S21402D9C0F7739F4226D8B6F902307088002B21DA08
S21402D9D048F204022349244B4FF00008904214BF39
S21402D9E0894699460BF069FD494603468A2201207C
S21402D9F0CDF800800DF099FC814658B1224641468A
S21402DA0004F0EEF9FF23324639464046CDE9009847
S21402DA10FBF716FF28460BB0BDE8F04F02B0704782
S21402DA2001200DF05FFC6EE7002347458CBF4FF0E8
S21402DA3006089846337177E7FF221A7086E7CDE923
S21402DA4000033246FF2339464046FBF7F9FE0546F9
S21402DA50AAE71925DEE70546DCE700BF1C650020BD
S21402DA60FF5B00203074040025740400FE5B002077
S21402DA706255002070B54FF4003300240546164662
S21402DA8088B0ADF81A100DF10F0204A90593ADF88F
S21402DA901840ADF81C4004948DF80F400AF008F9BF
S21402DAA09DF80F3028460193049B044A009305A96B
S21402DAB03346FFF719FF08B070BD00BF2974040093
S21402DAC030B54FF48035002487B00395BDF8285052
S21402DAD0CDE900128DF81030074A034603A9BDF8B7
S21402DAE02C008DF81140ADF81250ADF81440FFF737
S21402DAF0FBFE07B030BD00BF35740400B1F1006F05
S21402DB002DE9F04314462CBF392238228BB01D462D
S21402DB104FF00003ADF81E204FF480022CBF4FF0EA
S21402DB2001099946FF2C0646ADF81C300892ADF85E
S21402DB3024304FEA11471FFA81F80FD10CF053F840
S21402DB40B9F1000F19D1154ACDE902054346304610
S21402DB50CDE9007407A9FFF7C7FE1AE0FE2C0AD12A
S21402DB600CF041F80130C0B20CF048F8B9F1000FE1
S21402DB7012D00B4A02E0E8B2F8E70A4ACDE90305FA
S21402DB8001233046CDE90174CDF8008007A9FFF7DE
S21402DB90ABFE0BB0BDE8F083034AD5E72D74040054
S21402DBA0337404002C740400347404004FF4981286
S21402DBB04FF0806310B586B0CDE903230023ADF89D
S21402DBC014300BF07AFC0446F6F7B0FE054B0190D3
S21402DBD00093054A234603A94FF6FD70FFF784FE1D
S21402DBE006B010BDB65B00203974040008B5064BBB
S21402DBF01B78022B02D0043B012B03D8FFF7D6FF7B
S21402DC00002008BD0220FCE7335B002030B500246C
S21402DC104FF4806587B0CDE900128DF81030084ABF
S21402DC20034603A94FF6FD708DF811400394ADF834
S21402DC301250ADF81440FFF757FE07B030BD00BFD4
S21402DC403D7404002DE9F04F9BB00E4605460EA922
S21402DC501046CDE90A329DF890700CF0BBFEBDF876
S21402DC6038A0804650460FF029FAB6F9023004462C
S21402DC70002BB6F80690B6F802B004DA0022B24BD1
S21402DC801A70002049E050460FF018FA4045F5D3C6
S21402DC90A4EB0804E3B2002F18BF4FF4A079152BAB
S21402DCA0099328BF15230024013308F1FF32514699
S21402DCB0DBB292B2009414A80FF0A7FF6FEA4B43B0
S21402DCC06FEA5343A1499DF8502008684968ADF8A9
S21402DCD046300FAB03C3ADF84840ADF84440ADF84C
S21402DCE04A90ADF84C20BBF1000F24D10DF1510043
S21402DCF0F4F742FEA0B10BF0E0FB5C4606460DF1DF
S21402DD00590A0DF151030A9A9AF80080012A2DD178
S21402DD1057B384F0010404F001001BB0BDE8F08F95
S21402DD200DF1510001F0B4FB4FF6FF74011B4C429B
S21402DD3006464C41E3E7BBF1010F40F09480BDF884
S21402DD4051600BF0BAFB86420AD030460FA90CF09F
S21402DD5017FF80F00104E4B20DF1530A0FABD2E7CD
S21402DD607B4B0DF1530ACEE70A9CD4E797B3002CFF
S21402DD7075D1B8F1010F72D837D10BF09EFB0BF0BC
S21402DD809CFB224606469AF80170714B0021012040
S21402DD90CDE9006102976F490DF0C7FAADF83A0077
S21402DDA000285CD0002C53D1B8F1010F50D1264682
S21402DDB0DFF8B8A19AF800305FFA84F8434538D9FC
S21402DDC040460FF0D7FBC20702D5BFB1013FFFB2F4
S21402DDD00134EFE7B8F1010F05D1002CCDD0812236
S21402DDE09AF80170D2E7002CF9D1B8F1010F94BF6E
S21402DDF0002201229AF80170D201C7E7404601F0DC
S21402DE0017FB0123ADF8340002220DA90DF13A00EA
S21402DE10F3F72AFF18BBBDF83A000FF04FF9804619
S21402DE2048460CF049FC08F1010801368045F6B276
S21402DE30CEDBB6B132460C21BDF83A0003F0D0FF75
S21402DE4000222846BDF83A3011A9FFF74DFD06E03C
S21402DE500C210DF13A000DF0D0F90028F0D0012087
S21402DE605BE70D21F5E70A9B002B7FF40AAF738868
S21402DE70342B57D1099B092B7FF403AF002F7FF475
S21402DE8000AF9DF959603A46B41008210DF15100D1
S21402DE9004F020040BF0A3FAD0B12F4B1B78012B11
S21402DEA03FF4EFAE022B27D12C4B1B6813F0807F7A
S21402DEB025D12A4B1B685B0201D5002E30DA0023DF
S21402DEC02846274A11A9FFF70FFD264B1C70D8E6F5
S21402DED00DF15100F4F750FD0028DED10DF151008E
S21402DEE001F0D6FA4FF6FF73984208D02146F8F7AB
S21402DEF09FFE034618B903E0033B012B06D9C8234D
S21402DF002846174A11A9FFF7EFFCBAE6164BB3F8F4
S21402DF106830AB42CDD0114B1B6813F0805FC7E769
S21402DF208D23EDE7099BCDE9059204930DF151038C
S21402DF30CDE9028331462846CDE9007A0B9B11AA29
S21402DF4000F058F89DE600BFF25B002028FE0300B2
S21402DF50B65B002041740400345B0020CC3F0020F6
S21402DF603C2B04001B6500204C4D0020E76400207B
S21402DF70024B187840F08000704700BFFF5B00201D
S21402DF8038B50A4B05461C7824B10BF096FAB0FA5F
S21402DF9080F46409F8F72AFF08B144F04004E8F771
S21402DFA04DFC44EA4020284038BD00BF2F5B0020CD
S21402DFB0014B188000207047986400204FF6FF71CE
S21402DFC0034602881B798A4217BF074901200A8046
S21402DFD041881EBF054A00201180FF2B1EBF044A3F
S21402DFE000201370704700BF9464002092640020E3
S21402DFF0005C00202DE9F04FB7B09946BDF8043119
S21402E000439C0D939DF8083183460E93BDF8143158
S21402E01020460F939DF81831B1F802A00F4690469D
S21402E0209DF8005110930FF0EFFCBAF1110F06465F
S21402E03000F28A800BF041FAB04200F08F80BAF10B
S21402E040060F19D14FF6FD739E423ED0DDB9BC4B8A
S21402E0501B78033B012B36D930460FF033FAFF28E4
S21402E06014BF8923812300224146CDE90062584627
S21402E070B44AFFF739FC06E02DB9BAF1030F08D807
S21402E080BAF1010F0AD80022AF4B1A7037B0BDE8BA
S21402E090F08FAAF10403022BF5D8D8E7A84B1B7819
S21402E0A0033B012B0DD930460FF00CFAFF2814BFA4
S21402E0B08923812341465846A44A0096FFF714FC5A
S21402E0C0E1E78023F6E78023CDE7A14B1B785907CB
S21402E0D04CD40BF0F2F90026034632460120994949
S21402E0E000960DF022F92379ADF86C000F93002804
S21402E0F0CCD0DDE90E320D9803EB42090EF0DEFFBE
S21402E1005FFA89F909F10507FFB28742BED239469E
S21402E1100D9803F051FE109007EB40070D980EF095
S21402E120CDFF8742B2DADDE90F321343DBB2002BB2
S21402E13040F03282002DA9D12F463A460421BDF87E
S21402E1406C0003F04DFE76E1814BBAF13A0F1B7874
S21402E15011D948F23B039A4508D014E07C4B1B7851
S21402E1605A070BD5AAF10403022B07D8FB8843F4FF
S21402E1708043FB808AE7BAF11B0F1ED8AAF102037E
S21402E1809AB2132A5ED9109B494602930F9B5046B9
S21402E190CDE900530E9A5B4609F097FD0F287FF4EF
S21402E1A075AF0122684B1A70694B1B789B0740F1CA
S21402E1B0D982002D7FF46AAFD8E7AAF11C021E2A84
S21402E1C0E1D801A151F822F0EDE9020087E1020050
S21402E1D087E102000DE6020087E10200EDE602009A
S21402E1E0EDE6020087E1020087E1020087E1020015
S21402E1F087E1020087E1020087E1020087E1020070
S21402E20087E1020087E1020087E1020087E102005F
S21402E21087E1020087E1020087E102001DE70200B3
S21402E2201DE7020089E9020087E1020087E1020099
S21402E230A3E9020087E102003DEA020053EA020077
S21402E24061EA0200132B9ED801A252F823F000BF07
S21402E250A1E2020069E3020087E3020065E402002D
S21402E260D3E0020087E1020087E1020087E10200B4
S21402E27087E1020087E1020087E1020087E10200EF
S21402E28087E1020087E1020087E1020087E10200DF
S21402E29087E10200A7E5020087E1020019EA020010
S21402E2A000241BAB5A4648460E9900931DAB1D949C
S21402E2B08DF86C4009F0FDFC0BF0FFF8204B05468C
S21402E2C01B78012B03D0022B14BF02240124E8F78B
S21402E2D0B5FA162894BF0020012044EA4014F6F747
S21402E2E025FB1C4B0646B3F800A0FBF79FFA1A4B19
S21402E2F007464FF6FF70B3F80090FFF741FE174B44
S21402E3009DF86C201988124B1B7813F002031CBF71
S21402E310134B1B780B921D9ACDE90701CDE9093202
S21402E32040234146CDE9014358460023CDE905790D
S21402E330CDE9036A0B4A0095FFF7D6FAA6E600BFB8
S21402E340345B002025740400F25B00203074040065
S21402E350D45A00209864002094640020926400201E
S21402E360005C0020477404000BF0A7F8A34BA44AF5
S21402E3701B88CDE9400300234146584637B0BDE826
S21402E380F04FFFF7B1BAA4781DA9631EDBB2EF2BDC
S21402E390204610D9F22C0ED007F080FF82240BF014
S21402E3A08CF800234146CDE90003964A2346584698
S21402E3B0FFF79AFA6AE607F071FF002850D00BF0D2
S21402E3C07CF89DF878209DF87A100492BDF87620A5
S21402E3D049000392BDF87420C9B2CDE901429DF806
S21402E3E0792003465200D2B208320A440092012033
S21402E3F0002285490CF099FF9DF87930ADF86C0043
S21402E4008DF8673000283FF441AE002601230DF157
S21402E41067011A461BA8F3F727FC054600287FF477
S21402E42035AE9DF86730EAB2934209D89DF87A3045
S21402E4308DF8673016B1BDF86C3033E00126E5E79B
S21402E4403146204607F02CFF0123ADF86800022271
S21402E4501AA91BA8F3F708FC01350028E1D015E637
S21402E46083249CE70BF029F8044607F038FF23467E
S21402E47000900022012063490CF057FF00283FF469
S21402E48005AE00252C46ADF8740007F028FFEEB264
S21402E490B0420DD822460421BDF8740003F0A0FC59
S21402E4A0BDF87430002241465846FFF71DFAEDE5E6
S21402E4B0304607F0F1FEFF288DF86C000AD00123E3
S21402E4C001341A461BA91DA8E4B2F3F7CDFB0028B7
S21402E4D07FF4DCAD0135D8E75046B4F8029007F079
S21402E4E0DBFEFF288DF8680000F0CF821DA907F03A
S21402E4F0D5FEBDF874304B4507D04FF6FF729145F6
S21402E50040F0C3821B0400F1C0829DF8793012935A
S21402E5100E9B0533DBB213930F9B149300231193C8
S21402E5204FF000094B4613E017934900139BC9B2FC
S21402E53019440D9889B20CF09BFE4FF0000A179B07
S21402E540159012995FFA8AF28A4217D309F10109E5
S21402E550149A5FFA89F19142E6D39DF87A201292D4
S21402E560169A1392002B40F08582119B002B40F0E6
S21402E5708C8201231193109B1493D1E711999DF875
S21402E5806800179307F08CFE159A179B0AF1010A8A
S21402E590824208BF0123D4E709F106095FFA89F32C
S21402E5A03746169372E2A71C39463046A57A08F01B
S21402E5B0E0FE012239463046FAF7D4FB30460CF02C
S21402E5C035FC384600F064FF2288824207D04FF6B8
S21402E5D0FF72904203D00EF075FF0CF067FB85F0D9
S21402E5E00804C4F3C00421463846FEF7C3FE21469B
S21402E5F0384637B0BDE8F04F09F094BB9664002069
S21402E600547404002574040058740400AD4B1B783F
S21402E610033B012B7FF63AAD0AF04FFF58453FF415
S21402E62035AD08F08EFE0B23B0FBF3F24FF47A7191
S21402E63002FB13000A3080B24143A3480EF00EFEDE
S21402E640F3F7ACFC00283FF421AD01230022184664
S21402E6509E4994F800A00CF068FEADF86800002809
S21402E6603FF414AD0026354634460E9B1BAF0133ED
S21402E6700E93F2B2524514D3002C3FF407AD012399
S21402E6802A461DA91AA8F3F7EFFA00287FF4FEAC73
S21402E69022460221BDF8680003F0A2FBBDF86830EE
S21402E6A000E74FF000090E99D200D2B20A440823BE
S21402E6B00D993846CDF800900FF0A7FA394648462D
S21402E6C00EF0D0FEFF280FD0814B1B5C0F2B0BD910
S21402E6D097E8030005F1D8036B44643B83E8030024
S21402E6E008350134EDB2E4B20136C2E7002D7FF4FC
S21402E6F0CDAC18073FF53AAD53462246414658463A
S21402E70003F066FE00287FF4C1AC842341465846D7
S21402E710704A37B0BDE8F04FFFF7E6B823780F9897
S21402E72010930BF0C9FF00210646584604F0BAF9CA
S21402E730644BBAF1310F1B780746A3F103030BD1E2
S21402E740012B13D9644B654A1B7812781344DBB24B
S21402E7500D9316230E930DE0012B03D9604B1B7805
S21402E7600D9353BB002D7FF491ACCEE70123162107
S21402E770CDE90D310024109B22460093012023464A
S21402E780584901940CF0D1FD00283FF47FACF61BEB
S21402E790F3B22646544FDFF85C911193ADF86C0045
S21402E7A00F940D9BE5B2AB4209D832460221BDF862
S21402E7B06C0003F015FB0F9AC0E40523CAE7162285
S21402E7C000211DA8EBF7BCF8BAF1320F3DD13B7918
S21402E7D003F00302032A21D18DF87620109B01361E
S21402E7E0F6B2B34215D2BDF86C000EF067FC0E9B73
S21402E7F01844119B98420CDC01230E9A1DA91BA8F3
S21402E800F3F732FA00287FF441AC0F9B0133DBB2F8
S21402E8100F930134083709F11209C2E7B9790029C2
S21402E820DCD13249C3F3C203CB5C1DA8012A08BF60
S21402E83043F0010339888DF876300FF0E7F87988CF
S21402E8400DF177000FF0E2F8C8E71DA80BF04DF9BE
S21402E8504FF0FF33CDE91F331F4B1B78AB4261D914
S21402E86099F804306F2BD4D828461FA9F4F7D0FFA6
S21402E8700028CED01E4BB9F80020B3F8683092B903
S21402E880003B18BF01235B0143F004038DF886307A
S21402E89002238DF88730B9F802301B0A11468DF82C
S21402E8A0893021A8CEE79B1A18BF01235B0143F0EB
S21402E8B005038DF8863002238DF887300F238DF8F6
S21402E8C08830E8E7345B0020F83E002062740400DB
S21402E8D0D85A00203C2B04002D5B00202C5B002025
S21402E8E0E5640020607404004E54002058BF040003
S21402E8F04C4D0020D45200200132D2B2551EEDB249
S21402E9002846139312920EF035FEDDE9122310F01C
S21402E910010FF1D063490978611A994205D0013393
S21402E920DBB2E9E701220023E8E75F4B1FA918786C
S21402E9302844C0B2F4F76CFF00283FF46AAF2846BA
S21402E94000F076FD129028460EF014FE10F0010F2D
S21402E950129A0FD116238DF88630544B1B7801334A
S21402E960DBB20F2B28BF0F238DF88830504B33F8BD
S21402E970153092E7284612920EF0FCFD10F0020FB8
S21402E980129AE7D11223E6E71A073FF5EFAB2346C2
S21402E9905A4641460F9803F073FD00287FF476AB83
S21402E9A0E0E695B1434B1B78033B012B7FF66EAB3B
S21402E9B00AF083FD18B9BBF1000F7FF467AB20782D
S21402E9C037B0BDE8F04FF5F721BE0AF076FD20B16C
S21402E9D0384B1B78033B012B01D8802396E62B4647
S21402E9E041465846344AFEF77FFFE8E70AF065FDDF
S21402E9F0B0427FF44BABA01CF3F7BEFF00283FF4F7
S21402EA0045AB0AF05AFD04460AF057FD2B4B2C4A3A
S21402EA10CDE940032346AFE420460EF0F5FFFFF7AC
S21402EA20AFFA00283FF432AB4090002341465846E6
S21402EA30244A37B0BDE8F04FFEF756BF4B46424673
S21402EA4059460020CDE9405437B0BDE8F04FFEF7F6
S21402EA50D3BD4B46424659460120CDE94054F3E722
S21402EA602B464A4641465846409437B0BDE8F04FDA
S21402EA7009F05DB901231AA91A461BA8F3F7F4F8A0
S21402EA8000287FF403AB0137FFB2013607F027FCFC
S21402EA905FFA86FA50453FF61FAD002F3FF44AABA9
S21402EAA0FFF74BBB2D5B0020E0640020E75B0020F5
S21402EAB0D6540020345B00203C2B0400B65B0020BA
S21402EAC06574040030740400F8B5164B04461D88BD
S21402EAD0154B20F8025B196879B10822EAF782FF23
S21402EAE0124B0C201B78124EA372124B197800237D
S21402EAF0DAB2914205D8FF2209E0C4F8021041605A
S21402EB00EEE7013300FB03F7F75BAF42F0D10A4BA7
S21402EB10E2721B782373094B1B786373084B1B68DE
S21402EB202361F8BD70550020684E0020015C00206D
S21402EB3070510020DA640020E35B0020E25B0020D4
S21402EB40544E0020F0B589B006460C4615460CF029
S21402EB5061FD0DF10A02014630460CF0F3FB144F3C
S21402EB600346F0B901223A702288BDF80A102AB18B
S21402EB7002460090072006F00FFB90B103A8FFF7AD
S21402EB80A3FFBDF80A000EF099FA0646BDF80A0081
S21402EB900EF078FA21460090F3B2284603AA08F04F
S21402EBA01AFC0023034A3B70136009B0F0BD00BF95
S21402EBB0025C0020684E002073B5ADF806000DF129
S21402EBC006000AF007FB014608B102B070BD0DF15F
S21402EBD006000AF048FB04460EF054FAC67A002EE7
S21402EBE0EDD120460BF0DDFFFF28E8D00EF0AAFCA0
S21402EBF0054BD3F88850002DE1D0334622464121FA
S21402EC003046A847DBE700BF4C4D002073B5002214
S21402EC1000210C2000F0C2FC002119480EF058FF1B
S21402EC2001250446164E84B120460BF0BAFFFF2893
S21402EC3005D1214630460EF06FFF0446F3E7042264
S21402EC400023009500F07EFCF3E721460D480EF007
S21402EC503FFF012504460B4E0CB902B070BD20469C
S21402EC600BF09FFFFF2804D008220023009500F037
S21402EC7069FC214630460EF04FFF0446ECE700BF23
S21402EC8074550020765500202DE9F84F10460E46A2
S21402EC90174699460AF07FF9254A264B0021B0F519
S21402ECA0006F14BF9046984640460EF011FF4FF094
S21402ECB0000A0446DFF880B00CB9BDE8F88FBC4203
S21402ECC028D120460EF0DEF9857A80F80BA0013DA9
S21402ECD0EDB2857216B13F2E00D02DBB0EF0C4FCED
S21402ECE0054620460AF057F9B0F5006F4FF00002CD
S21402ECF0214615D10F480AF0D5FAFFF787FF2846B6
S21402ED000EF0ADFCDBF8885025B14B463A4631464C
S21402ED100020A847214640460EF0FEFE0446CBE7FA
S21402ED2003480AF0BFFAEAE7FFF770FFF2E700BF10
S21402ED3076550020745500204C4D002000232DE906
S21402ED40F34706460F464FF6FF78284CDFF8A090AA
S21402ED50ADF8063020460AF03DFA054648B929467F
S21402ED6020460EF0B5FE82460EF08CF90389B342B9
S21402ED7017D94C4501D1FFF749FF002120460EF076
S21402ED80A7FE054607F1FF3A5FFA8AFAD5B94C455F
S21402ED9016D1BDF80600FFF70FFF404602B0BDE8E9
S21402EDA0F0877B1EDBB2FD2BD4D9294620460AF01B
S21402EDB05AFA2A4651460DF106000EF08FFEC9E7B2
S21402EDC04C46C7E7BAF1FD0F09D928460EF05AF9A4
S21402EDD003899B1B9BB2984528BF98460381294608
S21402EDE020460EF099FE0546D0E700BF7655002075
S21402EDF07455002008B50EF01DFD0B4AFF2113883E
S21402EE001080C31A98B2FFF799FF4FF6FF730146B8
S21402EE109942064803D1BDE80840F2F7D1BFBDE8E3
S21402EE2008400EF01BBA00BF78550020F46300209D
S21402EE30174B00282DE9F041164D18BF1D460F4608
S21402EE4028464FF000010CBF4FF008084FF00208AA
S21402EE500EF03EFE044610B92046BDE8F08120467C
S21402EE600EF010F9C37A064623B1214628460EF064
S21402EE7053FEEFE720460AF0BDF842460146384602
S21402EE80EBF7AAF80028F0D1B378002BEDD1E3E730
S21402EE907455002076550020014B1860704700BF5D
S21402EEA06C4E002010B504460548F2F789FF002391
S21402EEB0044A1380044A1380044B1C8010BD00BF12
S21402EEC0F463002076550020745500207255002009
S21402EED008B50448F2F784FCBDE808400248F2F799
S21402EEE07FBC00BF76550020745500202DE9F34103
S21402EEF0044688460EF09EFC324B074620461E8885
S21402EF000BF04FFE054620460AF045F8B0F5006FB6
S21402EF1032D1FF2D06D00123042200932846002377
S21402EF2000F010FBB8F1000F1DD10EF09DFB21463C
S21402EF30054625480AF053F928460EF090FB23486A
S21402EF400EF0F4FD224BA8B31988711A17FA81F055
S21402EF5086B220460EF096F80323068183720020BE
S21402EF6002B0BDE8F0810EF07FFB00222146054686
S21402EF7015480EF0B3FDDFE716480AF062F90428DA
S21402EF801ED8FF2D06D00123082200932846002310
S21402EF9000F0D8FAB8F1000F05D10EF065FB214655
S21402EFA005460C48C6E70EF05FFB002205462146E2
S21402EFB00848DEE7314605481F800EF04FF9C8E7DD
S21402EFC01C20CDE77255002074550020F463002003
S21402EFD078550020765500202DE9FF4708460C4656
S21402EFE009F0BEFF00F4805820460AF03FF80546B6
S21402EFF020460AF012F8B0F5404F1BD1B8F1000FC8
S21402F00014D029460020FFF713FF054670B10EF014
S21402F01039F80023404A81780446009218462A4668
S21402F0200193F1F7A5FF08B90123E372012004B0AA
S21402F030BDE8F08728460EF0E7FC81460EF042FA5D
S21402F040FF28074637D00125A0F12006C0F120038D
S21402F050324925FA03F305FA06F61E438540D1E93E
S21402F06000232A433343C1E900230EF045FA04463F
S21402F07038B138460EF07EFA10F00C0F14BF012499
S21402F0800024B8F1000FD1D04FF0000A03A90120E6
S21402F090ADF80C90FFF7CCFE81460DF0F3FF8046EC
S21402F0A0B9F1000F1ED1BAF1000F14D1FF2FBDD057
S21402F0B0002CBBD128E01A4B1B684BB14846984738
S21402F0C0044628B1B8F1000FB0D000252E46DBE783
S21402F0D0B8F1000F01D10020A9E7002501242E4631
S21402F0E0A246D3E774B100230B4A817800921846F1
S21402F0F04A460193F1F73CFF002897D1012388F88E
S21402F1000B3093E7FF2F91D0064BD3E90012294329
S21402F1103243C3E9001289E789EC02006016002038
S21402F1206C4E00205816002038B5044609F033FF0E
S21402F1300546204609F05EFFA5F500630446014633
S21402F14058425841FFF774FEB0B9B5F5006F01D0CA
S21402F150002038BD20460EF057FC0EF0B3F9FF280B
S21402F160F6D0064B00B21B6833F8100000F4E260DB
S21402F170003818BF0120ECE70120EAE7704E0020B5
S21402F1802DE9F7434FF000090746ADF804900EF05C
S21402F190F1F910F00C0F29D04FF00208154D2B880C
S21402F1A0A5F80090ADF806300DF106000AF012F848
S21402F1B0044630B1B8F1010F14D04FF001080E4DDD
S21402F1C0EDE721460DF106000AF04DF806460BF073
S21402F1D0E8FCB8422246314614BF284601A80EF083
S21402F1E07DFCE1E7BDF80400FFF7E6FC03B0BDE8EE
S21402F1F0F08300BF76550020745500202DE9F04FAD
S21402F200DFF8208185B0D8E9003213437CD105B0FF
S21402F210BDE8F08F02EA040103EA0700014327D0A3
S21402F22022EA040223EA0703C8E90023DAE90023F4
S21402F23004EA020507EA030C55EA0C056FEA040025
S21402F2406FEA070124D130460EF094F9C2070FD5B3
S21402F25030460EF077F9DBF89C30002B45D11D4680
S21402F260304600F0E5F8DBF884300BB129469847C3
S21402F27024197F4109F10109284B5FFA89F61B78A8
S21402F280B342C4D9D8E9002352EA0301C2D1BEE789
S21402F29002400B403046CAE900230EF06BF9C30762
S21402F2A0E6D51F4B30461B6833F8163003F48873D6
S21402F2B0102B10D00EF046F9DBF89C3013BB1D461F
S21402F2C00123102200933046002300F03BF9002071
S21402F2D0F1F7BCFDC4E70EF035F9DBF89C300125EA
S21402F2E0002BBDD00122039502E000252A46039595
S21402F2F00392002130469847039A002AB0D0002D88
S21402F300AED1DDE70025EDE74FF0000901244F46B8
S21402F310DFF814A0DFF814B0AEE700BF1D650020CA
S21402F320704E002060160020581600204C4D00201B
S21402F330F8B50346084613B309B3402A1FD8114945
S21402F34000260B6010490027086010494FF0FF3571
S21402F3500A7000210C460433914205DB002152005C
S21402F360EAF7EEFA0020F8BDC3E9036703F8044C97
S21402F37023F8024C1D605D6001311833ECE7212052
S21402F380F1E700BF744E0020704E00201D6500207D
S21402F390F0B5144CDDE905672568EDB1F0B9124801
S21402F3A0007888421AD901EB41014FEAC10C05EBFD
S21402F3B0C10415F8311011B92169C90710D400200B
S21402F3C005F80C0062801A6846F0010662605A6808
S21402F3D0C4E90467A260F0BD0220FCE72120FAE738
S21402F3E02E20F8E7744E00201D6500200E4B30B527
S21402F3F01A68A2B10D4B1B78834212D900EB40006B
S21402F40002EBC003C100002400200025C3E9044526
S21402F41050544FF0FF3258805A609A6030BD022036
S21402F420FCE72120FAE700BF744E00201D6500208D
S21402F430094B1B6863B1094A1278824208D900EB6D
S21402F440400003EBC0031A69D20701D558887047FB
S21402F4504FF6FF70704700BF744E00201D650020F7
S21402F460094A0346106870B1084A12789A4209D9C6
S21402F47003EB430300EBC303186910F0010002D04C
S21402F480181D704700207047744E00201D6500202E
S21402F490F8B50E4B05461C6834B128B100260C4B55
S21402F4A01F78F3B29F4202D84FF6FF7009E0082297
S21402F4B02946201DEAF790FD20B92369DB0701D50E
S21402F4C06088F8BD01361834EBE700BF744E0020A2
S21402F4D01D6500200C4B1B689BB14FF6F7729142DC
S21402F4E00DD80A4A1278824209D900EB400003EB93
S21402F4F0C0031A69D20704D500205980704721201C
S21402F50070470220704700BF744E00201D65002021
S21402F5100A4A0346106878B1094A12789A420AD90A
S21402F52003EB430300EBC300036913F0010003D0AF
S21402F530C3F3001070470020704700BF744E0020CF
S21402F5401D65002070B51C46124B9DF810601968A8
S21402F550D1B1114B1B78834218D900EB4000551EDF
S21402F56001EBC0012543D1E9040301D0C5070FD53D
S21402F5702EB110432343C1E90403002070BD20EAE4
S21402F580020023EA0403F6E70220F7E72120F5E764
S21402F5902D20F3E7744E00201D650020134BF0B5B6
S21402F5A01B6803B300266FEA000C6FEA010E104CCC
S21402F5B02778F4B2A74201D80020F0BDD3E904456B
S21402F5C014F0010F07D014F0020F04D132B1044335
S21402F5D00D43C3E9044501361833EAE70CEA04048E
S21402F5E00EEA0505F5E70220E7E700BF744E0020A5
S21402F5F01D6500200B4B70B51B682BB100240A4A10
S21402F6001678E2B2964201D8002070BDD3E90425EE
S21402F61002400D402A4304F1010403F11803F0D01E
S21402F6200120F2E7744E00201D6500202DE9F04708
S21402F6300026FF27B246164DDFF8588098F80030AD
S21402F6405FFA86F94B4502D83846BDE8F0872B7933
S21402F6502F2B0FD928460AF05FF92B796C7903F025
S21402F660070304F0030483422CBFE4182418E4B210
S21402F670A24506D95446B946A2464F461235013629
S21402F680DCE7288801F0A6F80028F3D1F4E700BFEB
S21402F690D45200202D5B00202DE9F04F89B0814620
S21402F6A009F0CEFC029048460BF0BFFE0024411C37
S21402F6B0054689B2484602F07FFBA246A346A0460C
S21402F6C0274600F01F00023500EB4000EAB27D4EEE
S21402F6D050FA85F5EDB2AA4274D9DFF8FCA19AF881
S21402F6E0003033B1A400E4B2B4FBF3F4042C08BF38
S21402F6F003240298F3F7C4FD054600283CD1FFF721
S21402F70095FFFF285BD0704B05B2049018780AF07C
S21402F710EAF887422CBFE1192118002F14BF0123F3
S21402F7200223684E05EBC50506EB450553FA81F341
S21402F730284603930AF0F0F895F804C06B790CF0AB
S21402F740070103F0030388422CBF1B185B18039AB9
S21402F750DBB29A4233DA049A2FB921B19AF8003012
S21402F760033B5B452BDC104602990AF07DF805B296
S21402F77005EBC50506EB45052B791E09002F00F0A3
S21402F7808180394628460AF0F1F8032128460AF015
S21402F790F3F8B8F1000F09D1002E40F0868007F08A
S21402F7A0D0FDC0F30B0149480DF058FD6B79484671
S21402F7B023F003031C446C7109F0D7FBA87309B04D
S21402F7C0BDE8F08F50D0424B49461B8807A8ADF8DB
S21402F7D01C304FF000038DF81E30002300930323E5
S21402F7E003920EF012FA9DF81E30BDF81C101B098B
S21402F7F0039A18BF08F10108CDE9041318BF5FFA8F
S21402F80088F8039209F059FE0499039A8842059BE8
S21402F81003D19DF81E7007F00F072E4890F800C01F
S21402F82016E016F80E0C10F0070003D00BF1010BD1
S21402F8305FFA8BFBAA4207D036F812EC8E4503D14C
S21402F84013B108B10134E4B20AF1010A5FFA8AFA86
S21402F850AA4206F112060BD1D4450FD916F80E0CA1
S21402F86010F00700E2D1EFE700234FF6FF71D4E76E
S21402F87036F8120C884201D8D445D2D80332123E4A
S21402F880D2B228E7022E14D95B0707D0394628469B
S21402F8900AF072F8B8F1000F81D087E703212846F4
S21402F8A00AF06AF8B8F1000F80D1062E3FF677AF5D
S21402F8B07CE7314628460AF05FF858EA06063FF427
S21402F8C06EAF73E7D4520020E35B0020383F00207F
S21402F8D060BF04002D5B0020E06400202DE9F043A9
S21402F8E00823002485B08DF808300646022301213D
S21402F8F04FF6FC70CDE9004402AA0BF072FDADF89B
S21402F9000A00D8B12746DFF8A080DFF8A09099F861
S21402F9100020E3B29A4224D8BDF80A4020460BF0F3
S21402F92084FD411C47F06002204689B202F058FA74
S21402F9300022BDF80A001146F4F736FA07F001FD78
S21402F940184AC0F30B01137801F55A51013113B16D
S21402F950013B89081370304605B0BDE8F0430DF050
S21402F9607DBC18F80E5C6F2D17D8404630F8123D55
S21402F9702D01ADF80C3009F0CFFF05F070052844D4
S21402F9808DF80E000123032203A90DF10A00F2F7F7
S21402F9906BF90028D2D10137FFB2013408F1120800
S21402F9A0B5E700BF295B0020E65200202D5B002051
S21402F9B010B5054C2046F2F703FA2046BDE8104083
S21402F9C000210DF04BBC00BF383F00202DE9F0436C
S21402F9D02A4D87B0F6F7F8FB2A7829492948FFF717
S21402F9E0A7FC09212A782848E9F7AAFF0026244F0F
S21402F9F0DFF89C80DFF89C902B78F4B2A34202D802
S21402FA0007B0BDE8F08304F582300B2203A900F5A7
S21402FA10C070DCF719F84FF6F670BDF814209DF8A2
S21402FA201630511E89B2814215D80020C3F3C00396
S21402FA30DB1840EB0001CDE90031214603ABFFF7AE
S21402FA40A7FC0028DCD14FF4805327F8143048F87E
S21402FA50240029F8140004F5833001220DF10A016E
S21402FA6000F58070DBF7F0FFBDF80A20064B013682
S21402FA701A558022054B1A55BEE700BFE7640020E0
S21402FA80E454002080130020D85A00201A5B00207D
S21402FA90DC3D0020D654002010B50A4B1C780DF031
S21402FAA011FDFF280DD0012C38BF0124064A23027F
S21402FAB032F8101019B101EB1313A3EB111322F84D
S21402FAC0103010BDE35B0020D65400202DE9F0472D
S21402FAD0002506460F46AA46DFF84490DFF8448023
S21402FAE099F80030ECB2A34202D85046BDE8F0873F
S21402FAF020460DF03FFDC2070CD520460DF03AFD1C
S21402FB00830707D438F8143037B133434FF0010A6D
S21402FB1028F814300135E3E723EA0603F6E700BFC8
S21402FB20E7640020E454002010B5084B084A1C780D
S21402FB300023D9B28C4201D8002010BD32F8021B35
S21402FB40013330EA0101F4D10120F6E7E764002030
S21402FB50E4540020F0B50C464FF6F77187B08A429F
S21402FB6086461D469DF8306002D9002007B0F0BDDB
S21402FB70596818680DF10C0CACE803002C49ADF876
S21402FB8014200978A142F0D900218DF81660B6102B
S21402FB9006F002060191704621460096FFF7F8FB32
S21402FBA00028E2D1234B244A43F824009DF838303B
S21402FBB0224E1B0222F814304FF4A04304F5823082
S21402FBC00B2226F8143003A900F5C070DBF768FF95
S21402FBD09DF834301A4913F0040F17BF0123194B4E
S21402FBE00B5536F814300CBF1B7843F0080304F5A7
S21402FBF083300CBF0B5526F814300122214400F541
S21402FC008070DBF74DFF00210F4B104A1B78284609
S21402FC10234442F82310E7F713F80D4B18552846ED
S21402FC2007F0DAFC0B4A01201378013313709DE7C4
S21402FC30E7640020DC3D0020D6540020E454002077
S21402FC40D85A0020D0640020E0640020083D00203E
S21402FC501A5B00202C5B0020054B1B78834206D9DA
S21402FC600021044B044A1B78034442F823107047D1
S21402FC70E7640020E0640020083D0020074B084AA5
S21402FC8018780023D9B2884200D870471188013309
S21402FC9021F4805122F8021BF4E700BFE76400203B
S21402FCA0E454002030B585B004460D46E6F7C0FDA4
S21402FCB0A04202D8172005B030BD20460DF05AFCEF
S21402FCC0C007F7D504F582300B2201A900F5C070F3
S21402FCD0DBF7BAFE9DF80E2001AB03CB69609107F5
S21402FCE0286030D412F0080F0CBF042303232B72B3
S21402FCF02046FFF79DFB154B68811B5D20466B7304
S21402FD000DF020FC124A2873135D4FF47A7103F04B
S21402FD100F03AB73135D002013F00F031FBF03F135
S21402FD20FF32022393403C2218BF5343094A08BFBE
S21402FD300A2352F82420B2FBF1F29A422CBF002387
S21402FD409B1A2B61B7E70223D1E700BF1A5B00209C
S21402FD50D85A0020DC3D0020F8B51F4E0446337802
S21402FD60834237D0FFF764FB4FF6FF77B84231D0B5
S21402FD7020463470FFF704FA2046FFF759FB054683
S21402FD8009F09BFB012301461A4628460BF0E6FCC7
S21402FD902046FFF72BFB0546E0B9104A1378013BD5
S21402FDA01370F4F7B5FB294620460AF05EFF802260
S21402FDB00B4B204623F814500A4B1A550A4B23F8CD
S21402FDC0145009F005FB2A46394611200DF0E5FDD0
S21402FDD0FF233370F8BD00BF1E6500202C5B002099
S21402FDE0E45400201A5B0020D65400202DE9F04F80
S21402FDF00E4615464FF000098BB01F469DF854304C
S21402FE009DF850A0DFF84CB1049005939BF80020B3
S21402FE105FFA89F4A24207D84FF6F7739D421CD8C0
S21402FE2017F0020B3FD01AE02046FFF701FB804690
S21402FE3004F582300B2207A900F5C070DBF704FE3A
S21402FE404FF6FF727EB9904516D14FF6F7729DF8BF
S21402FE502630954203F0EF0311D94FF6FF75284678
S21402FE600BB0BDE8F08F904506D00822304607A9B1
S21402FE70EAF7B2F80028E8D009F10109C6E79F427E
S21402FE8007F002082CD0F3F70FFC002857D12D4BB1
S21402FE902D4A1B78234412F823B020460AF006FFA8
S21402FEA0B8F1000FDBD1E6F7C3FC284B1B78834280
S21402FEB0D3D0002108460DF0D5FAFF280446CCD050
S21402FEC0059B0146CDE901A32A46334604980097CE
S21402FED0FFF740FE0028C0D0F4F71AFBD8460FE022
S21402FEE02046FFF7A5FAA842CDD1B8F1000FB6D149
S21402FEF03046E6F7A5FE164B1855304607F06CFB63
S21402FF00514620460AF085FE2046FFF791FA05463E
S21402FF1009F0D3FA00230146012228460BF01EFC04
S21402FF20F3F7C2FB28B9074B074A1B78234442F86B
S21402FF30238020460BB0BDE8F04FFFF779BA4FF0AA
S21402FF40000BAAE7E0640020083D00202C5B00209E
S21402FF501A5B0020E7640020F8B50026104F3C78B4
S21402FF60F5B2AC420FD800250E4B64002246294655
S21402FF700D481D70E9F7E4FC22462946BDE8F84024
S21402FF800A48E9F7DDBC2846FFF7FAF800212846BA
S21402FF900AF06BFE2846FFF729FA0136DFE700BFB4
S21402FFA0E76400202C5B0020E4540020D654002096
S21402FFB0024B80211A780248E9F7C2BCE7640020A7
S21402FFC01A5B002038B50DF07DFAFF28044616D0DD
S21402FFD00B4D35F810301B0711D50A4B0A491B7812
S21402FFE001220B54014400F5833000F58070DBF7E4
S21402FFF057FD35F8143023F0080325F8143038BDC1
S214030000E4540020D0640020D85A00202DE9F04F95
S214030010794B05461B788946022B17468BB004D0CE
S214030020002630460BB0BDE8F08F0DF0E7FD064620
S2140300300028F5D14FF6F9739D4262D04FF6F87358
S2140300409D4276D02B0A28460DF11E018DF81C30F2
S2140300508DF81B50F2F708FC002814BFB0464FF08B
S2140300602008B34614BF06230E2302222946384629
S214030070039300F0EBFC01220446039B002840F0A8
S214030080B880DFF880A18DF818209AF8002049463A
S214030090CDE900008DF81A208DF81D0006AA4FF64C
S2140300A0FC708DF819800BF09CF981460028B7D0B8
S2140300B009F003FAB8420FD0484609F05EF839460D
S2140300C004300DF0A3FC384604A90AF059FD70B1BC
S2140300D0484604A90BF013FA484B1B78033B012B45
S2140300E02BD84FF6FF71484609F01CFE06469AF8D1
S2140300F00030FF2B0EBF01230133DBB28AF800303A
S2140301008FE74FF008084FF0200B3C4B1B78033B60
S214030110012B85D909F0D1F9B84281D109F0CDF97F
S214030120FC238DF81B30FF2305468DF81C30062371
S2140301309BE74FF01008C346E7E70AF080FE8046C9
S2140301400028D4D009F0B9F9A8422DD12C4B1A783F
S21403015052BB03214846F3F727FE0028C7D09AF878
S2140301600030A8F8007088F80430002388F80530BB
S21403017088F8083009F0A1F9A84202D1204B1B7871
S21403018053B109F09AF9B84206D12CB1237923F07A
S214030190030343F00103237100224FF6FF710C2083
S2140301A00DF0FBFB0126A2E75946284608F1070295
S2140301B000F078FC0446002899D000220321484624
S2140301C0F3F7F2FD0028CAD1237903F00303012BCA
S2140301D08DD109F072F9A84203D1094B1B78002B85
S2140301E085D0237943F0030323714FF6FF732380EF
S2140301F07DE7164615E700BF335B0020345B00201F
S2140302001F650020035C002037B50E4B05461B78A0
S2140302100C46033B012B11D9E6F72EFB01280FD022
S214030220821E53425341590128460DF1070200F03E
S21403023039FC18B1002144800AF0E8FD03B030BD54
S2140302401021F1E7345B00202DE9F0438BB0857A6B
S214030250B0F8069004460E46174609F02EF9814577
S214030260804605F0400541D10021608809F069FB0E
S2140302700246002E44D1082304A9C14501EB030618
S2140302800CBF234902A90868496803C6A2B3022122
S21403029000268DF8172001228DF81010217A45F0DC
S2140302A020058DF81210A18808338DF81310090A5B
S2140302B08DF81410E188CDE900268DF81510090A8B
S2140302C08DF816106088314604AA8DF811500BF08D
S2140302D088F8054680B1618808F086FE79003246C4
S2140302E0284601F0FE01F3F75FFD06E0E08802A969
S2140302F00AF046FC0028B7D100200BB0BDE8F08317
S2140303003068716806AB03C345F010051023B3E7E6
S214030310B65B00202DE9F74389461E4607469046FE
S21403032008F02BFF00210446304609F00AFB054679
S21403033009F10701384601F02DFD7DB1B8F1000F34
S21403034002D103781D44EDB2057063781A0716D5FB
S21403035069463046F2F788FA024618B1002003B021
S214030360BDE8F0830821684609F039F80028F5D17E
S21403037020460BF097F808226946E9F733FB09F0A5
S2140303809CF80146201D0DF041FB6378DB0603D580
S21403039038460C490BF0B3F83146A01C0DF036FB7B
S2140303A03146384608F020FE074A13780133DBB29D
S2140303B01370E371A3790BB10120D0E70123A37176
S2140303C0FAE700BFB65B0020315B0020FF232DE970
S2140303D0F04F8FB08146164605918DF822301AB33A
S2140303E001230BAA0AF085FC9DF836500446EF0657
S2140303F025D50027059BBDF8308003F10802494642
S214030400D2B20823009709A8CDE909770DF0FDFBC2
S2140304103A46404609A9F8F7A5FC002840F08C8028
S214030420A90627D510220DE013460BAA0AF061FC95
S2140304309DF836500446A80663D5062202E0AA06AF
S21403044018D5082200230599BDF832700A44CDE971
S214030450093349460093D2B2082309A80DF0D5FB09
S214030460384686F0010209A9F8F77CFC002863D118
S214030470002E46D0BDF8307009F01FF8874249D0E9
S21403048038460DF0BBFB8046002E45D1BDF82EB096
S2140304900021584609F055FABDF82C30039018464B
S2140304A006930DF0ABFB064609F007F8069B83425E
S2140304B042D0B64B1B78033B012B3DD915F04003C6
S2140304C0049339D1039B0BB9002E35D09DF83570B4
S2140304D0039B05F018051F44FFB2082D8DF83570F1
S2140304E06CD120230493002C40F041810AF0A7FC32
S2140304F0054608B3002E40F0B28033460126B246C6
S21403050074E0BDF8327008F0D8FF8742B8D14FF0D8
S2140305100108BBE74FF00108002C43D09C4BE2795F
S214030520678803EBC20633F83220BDF832309A42AE
S21403053005D04FF6FF7323800FB0BDE8F08FBDF8EC
S2140305402EA0B8F1000F08D0002130460AF05EFC5A
S214030550A6F802A00AF06CF9EEE7BDF830000AF040
S2140305605DFC0546414630460AF050FCA6F802A05C
S214030570884E2DB1414628460AF048FC63886B80B6
S2140305800AF056F93378002BD6D03B46002248466D
S2140305900599FFF7BFFE0028CED03946484609F036
S2140305A0C1FBC9E70AF044F97A4B1B78002BC3D08A
S2140305B0B8F1000FC0D14FF6FF77E6E7102D01D153
S2140305C0049590E7B8F1000F8DD1002C3AD0C246BF
S2140305D00021BDF832000DF1220200F063FA034653
S2140305E00028A9D0002E40F0CA8025460499BDF8FD
S2140305F030000DF12302079300F054FA0446002856
S2140306009AD0644A079B1278002A78D0BAF1000F72
S21403061026D102462C466179B9427ED92546A4F8EE
S21403062002B067711446002B00F09E809DF82230BE
S214030630EA799A4200F09880002E40F08E80EB71A3
S21403064000253FE00AF0FBFB044600283FF474AFA6
S2140306504FF0010ABCE7002201261346DBE701261A
S214030660B8F1000F1ED106F06CFE7E23B0FBF3F24A
S21403067002FB130005993A4605315FFA80FA4846AD
S21403068001F0AEFB4FF6FF71484608F0ADFC039B46
S214030690032B2CD9AAF17E0A022148465FFA8AF276
S2140306A0F3F782FB069BA5F802B02B809DF8343047
S2140306B06F712B7100232B72002E42D19DF82230CE
S2140306C0EB710125B8F1000F3FF436AF484609A990
S2140306D00AF0F5FE00283FF42FAF2A4609A90BA817
S2140306E0FFF7B2FD28E7002625463446BBE7039B03
S2140306F0012B94BF0AF1020A0AF1420ACCE7BAF1C7
S214030700000FCFD16979B94209D9A5F802B06F7144
S214030710002B8BD1002E93D024E025461446049A52
S214030720002A3FF409AF8F427FF406AF039306F027
S21403073008FE83077FF400AF039BA5F802B06F7132
S21403074071E7FF23EB71002CBBD001252379A4F8B6
S21403075002B023F003032371B4E7FF23EB71002CED
S2140307603FF46EAF0025F1E7002CD3D168E7002EE7
S2140307707FF471AFB24625460126534636E7BAF1F3
S214030780000FB0D15646524645E700BF345B002003
S2140307904E540020E664002070B50C4B4FF6FF75F0
S2140307A01C78002302460A489C4201D1002005E03B
S2140307B00688964206D1AA4201D10B7070BD86798F
S2140307C0002EFAD001330830DBB2EDE7E5640020F3
S2140307D04E540020002210B50A4B1C780A4BD1B2A7
S2140307E08C4201D8002010BD5988814204D1197962
S2140307F0890701D1997911B108330132EFE7012056
S214030800F1E700BFE56400204E54002010B5084B06
S21403081001461C780023074AD8B2844201D8FF2039
S21403082010BD914203F10103FAD00832F4E700BF8A
S214030830E56400204E54002038B50446FFF7E6FF73
S214030840FF28054603D13F210B480CF0FFFF4FF668
S214030850FF7320462380A37103210AF0D7FA074BC0
S21403086007481A7800210732D21002FB0500BDE8BC
S2140308703840E9F765B800BF69740400E7640020F0
S214030880095B0020F8B504460026124D124F3A784D
S214030890F3B29A4209D800224FF6FF710F4B1D7828
S2140308A00F4BD0B285420BD8F8BDFF2C02D0AB79E4
S2140308B0A34202D12846FFF7BFFF08350136E6E715
S2140308C0FF2C02D0187AA04201D1198019720A337C
S2140308D00132E6E74E540020E5640020E46400207D
S2140308E026540020FF28F8B504462CD0164B1B7858
S2140308F0834203D8802115480CF0A8FF4FF6FF75F6
S214030900134A32F8341002EBC4000379A94203F009
S214030910030318D0012B16D100220E4B1F780E4B63
S214030920D6B2B74203D8BDE8F840FFF785BF1E88A6
S214030930AE4205D093F807C0A44504D0B14202D016
S2140309400A330132ECE7F8BDE5640020697404005D
S2140309504E540020E4640020265400202DE9F7437B
S21403096003F05DFF324B1B78033B012B21D9314B40
S2140309701D88451BADB2E5B118804FF6FF77002002
S2140309802D4A13782B44C3F3C81403F07F03137064
S2140309902A4B2B4A1E78C3B29E420DD800264FF62A
S2140309A0FF77284CDFF8A09099F80020F3B29A421C
S2140309B016D803B0BDE8F0831388BB420DD0137975
S2140309C099070AD104EB9311022928BF022103F0E9
S2140309D03F0389B243EA8113137108320130DAE721
S2140309E034F80A8CB84506D014F8043CAB4205D953
S2140309F05B1B04F8043C01360A34D5E708F05DFDBA
S214030A00804534F80A3C04F8027C24F80A7C09D0B2
S214030A1018460DF10701FFF7BFFE18B19DF8070052
S214030A20FFF760FF14F8030CFFF75CFFE3E700BF74
S214030A30345B00207A550020045C0020E564002027
S214030A404E54002030540020E4640020F0B5002407
S214030A504FF6FF7703461048DFF844C006780F4882
S214030A60E5B2AE4201D800200FE005889D4210D1C2
S214030A703AB1012A16BFC57905793CF83550A94223
S214030A8007D1BB4202D114238371F0BD057A002D32
S214030A90FBD00A300134E3E7E46400202654002048
S214030AA04E540020F8B50D46114607461646FFF786
S214030AB073FE002836D102464FF6FF7C1E4B1F4CB2
S214030AC01978D3B2994206D800231C4C8B4221D105
S214030AD0F8BD0834F5E7B4F800E00132E645F8D18E
S214030AE033700123278023710021A17165B1144B54
S214030AF045F008051A782571D31DDA103078114BA6
S214030B0002FB0030E8F71CFF2379204603F03F037F
S214030B102371DDE722799209022AE1D001330834F2
S214030B20DBB2D3E7037904469A071EBF23F0030319
S214030B3043F001030371D7E7E56400204E54002019
S214030B40E7640020095B002073B50DF10701054635
S214030B50FFF722FE40B103799A0705D113F030045C
S214030B6004D043F00303037102B070BD28460AF0B5
S214030B705DF9094B4FF6FF711D7823469DF8076014
S214030B80064AD8B28542EFD9D0790133B04204BFC2
S214030B90118011720A32F4E7E46400202654002020
S214030BA030B50A4BCC081B78094D0733DB1000FB26
S214030BB00340012301F007018B402C5CDBB212B12A
S214030BC01C432C5430BD24EA0304FAE7E7640020F0
S214030BD0095B002070B50B4B04461B78834204D890
S214030BE040F24B2108480CF031FE0025074E3378BF
S214030BF0E8B2834200D870BD00222146FFF7D0FF3B
S214030C000135F4E7E764002069740400E564002016
S214030C10FF2810D0FF290ED0084BCA081B7801F016
S214030C2007010733DB1000FB0323054AD05CC840EB
S214030C3000F0010070470020704700BFE764002003
S214030C40095B00200148F0F7CBBD00BF7C550020B0
S214030C502DE9F0471E464D4B8CB01B6815460746DC
S214030C6088469DF8509003F0080A08F026FCA84230
S214030C703FD1B9F1000F14D06EB9ADF806603D460A
S214030C8004242246414628460AF06CF900F0010087
S214030C900CB0BDE8F0870023ADF806303D460624C9
S214030CA03AE038460CF00EFCFF28044605D0F2F76F
S214030CB0FBFC10B12046FEF7CFFF96B10023ADF83C
S214030CC00630F8F7FDF80028E8D0062440460DF174
S214030CD0060202A909F0DAFAD8B94046F8F7F8FA94
S214030CE017E0ADF80660F8F7EBF80028C7D0042441
S214030CF0ECE73EB3BAF1000F2ED000230B24ADF879
S214030D000630B9F1000F0AD1F8F7DAF82F460028B3
S214030D10DCD13D46002EB4D0BAF1000FB1D004F0BA
S214030D200402414642F0110228460AF01BF9224605
S214030D300646414628460AF015F9002814BF3046F1
S214030D400020A3E7BAF1000F14D00124ADF8066023
S214030D50B9F1000F95D1D7E70B24284602A9F1F77E
S214030D6083FD074668B902A806F05AFF20B9ADF816
S214030D700600EDE70124F0E744F00204ADF8067040
S214030D80E6E70023ADF80630E2E700BFCC3F0020DD
S214030D902DE9F0471E46744B8CB01B7807460D466C
S214030DA01446DDF85080002B3ED008F086FB30B3A7
S214030DB06E4B1B68980722D44FF6F7739C4233D8C2
S214030DC043463A4631462046FBF7F2FE08F075FBEB
S214030DD0854200F0C5803046FEF75AFBA04203D199
S214030DE00CF070FB09F062FFBA1E534253412946CA
S214030DF0002220460CB0BDE8F0470AF0AFBCE7B1CE
S214030E00F91ED1F1000949EB01094FF6F7739C422D
S214030E1016D90321204606F0A5FA03233A4631469F
S214030E202046009506F08DFB08F047FBA84200F02D
S214030E3097804FF6FF739C42CBE74FF00109E4E738
S214030E402B463A463146204604F067F92146CDE95B
S214030E5000082B463246384606F032FF80460146E7
S214030E60204606F07FFAB8F1000F61D1B9F1000F02
S214030E7012D100233A4631462046009506F061FB20
S214030E8088F001032A4631462046CDF8009003F049
S214030E900103FFF7DDFE99E7002FEAD003AA924687
S214030EA0334B03F1100E9446186859680833ACE8C0
S214030EB0030073456246F6D107A806F09EFB03239C
S214030EC0306871688DF81C3008AB03C39DF8293071
S214030ED007A843F002038DF8293006F0B9FC90B159
S214030EE03068716808AB03C3042307A88DF81C3069
S214030EF006F0AEFC38B1022307A88DF81C3006F0C6
S214030F00A7FC0028B5D1514607A806F0E1FC002847
S214030F10AFD0F4F795FB0028ABD103233A4631460E
S214030F202046009506F00DFB08F0C7FAA84250E7E6
S214030F3043463A4631462046009506F002FBB8F192
S214030F40010F9DD0B8F1020F7FF440AF284607A9E2
S214030F50F1F78AFC20B93246284607A909F0C9FFEB
S214030F600CB0BDE8F08700BF2F5B0020CC3F00200D
S214030F706ABF0400044B1A880AB100221A800021B3
S214030F800846F9F7ABBF00BF7C55002000232DE9C8
S214030F90F0478EB004460D46CDE903334F7808F08C
S214030FA08CFA50B1B64B1B689A0706D4092103A8DE
S214030FB006F07FFA0EB0BDE8F087204603A9F1F7E6
S214030FC053FC0646002840F05781022F3DD0042FDD
S214030FD0ECD1E5F739FC002846D0E5F735FC0228C6
S214030FE040F022810DF1240833463246414630460E
S214030FF006F09DFD012103A89DF8255006F08AFE04
S2140310002840FF2800F0348105AD284608F0F2F9A1
S214031010002840F02F8195E80F0088E80F003A4635
S214031020414603A806F0BDFC0246002840F0208196
S214031030032303A9CDE9005320463B46FBF77EF97D
S21403104000280CBF13210621B1E78D4B1B689B07B5
S214031050ACD40235082229468A48E8F7BDFF0028A3
S214031060A4D0E5F7FDFB08B91121A0E7864B874E10
S2140310701B78FBB9FFF77EFF3088002860D103AFEB
S2140310802946384606F0B7FA002800F0CA802846F4
S2140310900DF10A01F1F7C2FB40B90DF1240A5046DF
S2140310A008F0A8F98046002800F08780FFF762FF63
S2140310B00F217CE73088002842D101460CF056F811
S2140310C0308000283AD001230822304603A9F0F7DF
S2140310D0CBFD98BB0123082229463046F0F7C4FD12
S2140310E060BB01230222694809A9ADF82440F0F742
S2140310F0BBFD0346308823B1002848D04FF01009C3
S21403110020E00BF0DBFF61490746204601F0CAFCEE
S21403111030880BF0D3FFFFB2874209D1FF238DF847
S2140311202430012359481A4609A9F0F79DFD28B92A
S21403113000210120F9F7D2FE0C2138E73088DBE7DF
S2140311404FF007090BF09EFF074630880BF09AFF17
S2140311503488112100F10808204600F02DFE1021E6
S2140311608246204600F028FE0822044603A940468D
S214031170E8F732FF002840F08180082229463846E7
S214031180E8F72AFF002879D1B9F1070F01D010211B
S2140311900DE704EB0A244546A4B271E730884FF006
S2140311A0010828B1122100F007FEFF2881461ED150
S2140311B02A46B9462046402304E03A46A946434613
S2140311C0BDF80A0043F00303CDE900A34946032311
S2140311D0FBF7B4F800283FF469AF0721484606F04A
S2140311E068F9B8F1000FD9D0FFF7C4FEE2E6002194
S2140311F008460BF0BBFFADF8140048B1204605A91E
S21403120001F050FCBDF814000BF058FF0028CFD1B6
S214031210142300934A4639462046338801F0FAFBE6
S214031220C6E7FFF7A7FE1FE7E5F70EFB012801D089
S2140312300621BCE605AD324633462946009603A88A
S214031240F9F75EFD024608B10A21B0E60C4B2046CC
S2140312501B6803A95B0003F0040343F00303CDE913
S21403126000533B46FBF76AF80028E1D113219EE6BC
S21403127005219CE612219AE60B2198E60E2196E6B6
S214031280CC3F0020B65B0020D35A00207C550020BC
S214031290012330B50D4C85B022788DF80430D5186F
S2140312A08DF805200E228DF806200A682570CDF8E5
S2140312B007204A6801A9CDF80B200B22F0F7D4FCCF
S2140312C0B0FA80F0400905B030BD00BF305B0020A7
S2140312D0014B1878704700BF055C0020142230B518
S2140312E08BB005460DEB02011548DAF7ADFB10BBD4
S2140312F0BDF81430DA0720D413F0060FC3F3410207
S21403130008BFC3F341220F4B0DF116019C5C6846E0
S2140313102246E8F7A5FCBDF8263004F128026A4405
S21403132002F8283C02341B0A02F8273C69462A4680
S214031330E0B208F088FF0BB030BD2320FBE700BF08
S214031340703214E07ABF040010B58AB0ADF82620D8
S2140313500022CDE9052204920CAA02924FF6FF72F0
S2140313600446AC2101200192064A039004FB0122A5
S214031370603200924CF620010DF1260209F014FEAD
S2140313800AB010BD4C4D002000B58BB0ADF824302C
S2140313909DF8303003208DF82630002303900A4949
S2140313A009A8CDE90130CDE90533049301F16003C3
S2140313B00093B1F85C3002204CF6604109F0F4FD6E
S2140313C00BB05DF804FB00BF4C4D002010B54FF684
S2140313D0FF741E4A8AB0B2F86800B2F85E10A042E4
S2140313E0ADF82600B2F85C304FF6FD70ADF8241069
S2140313F018D081424FF0000094BF48F660014CF6C7
S2140314006001CDE90500CDE90300CDE9010094BFF5
S21403141009AA603200920DF12602042009F0C4FDE9
S2140314200AB010BD81424FF000008CBF603209AA9B
S21403143000928CBF4CF6604148F66041CDE905004A
S214031440CDE90300CDE90100014AE6E74C4D002053
S214031450B64D002000B50E4B0022B3F85E308BB0BD
S214031460ADF824304FF6FF73CDE90522CDE903220C
S214031470CDE9012209AA00924FF400610DF126027C
S2140314800720ADF8263009F08FFD0BB05DF804FB9E
S2140314904C4D002030B58BB08DF825301B0A8DF8E7
S2140314A0263000230D4991F85840CD6DB1F85C0005
S2140314B0CDE90533049307236031039308ABCDE9E5
S2140314C0010300914FF6FF734CF620410820089560
S2140314D08DF8244009F068FD0BB030BD4C4D00205C
S2140314E070B54FF6FE76294C1D46B4F85E10B4F878
S2140314F05C30B14294F85C00A2B04FEA132321D1CA
S2140315004FF440416034ADF808108DF80B008DF8A9
S2140315100C3003CC0DF11504CDF80D00CDF81110E9
S2140315202270120A6270002211461046A270E27000
S214031530ADF8062007F0FFFDADF8060090B90020D1
S21403154022B070BD4FF400448DF80D10090AADF8B3
S21403155008408DF80B008DF80C308DF80E100DF149
S2140315600F04DDE7043402A9621A012392B20DF1D7
S2140315700600F0F779FB0028E1D1BDF806002A46FD
S21403158001210BF0CBFDBDF80600D9E74C4D00203A
S214031590202A10B5144614D8012A04D10C88B4F5B1
S2140315A0004418BF0124620030B10748E8F71AFA6E
S2140315B0064B00201C7010BD0548E8F713FA054BD0
S2140315C0F7E72120F7E700BF7E550020065C0020E2
S2140315D0BE550020075C00202DE9F047104617464D
S2140315E00CF012FADFF814A1DFF814919AF8003021
S2140315F099F800200546134302D10020BDE8F08782
S21403160010F4406800F0400619D186BBB0F5804F51
S2140316105CD24FF4807400239AF80000344AD9B29F
S21403162088425DD8002399F80000324AD9B288422E
S214031630E3D932F8021B0133A142F7D155E0F81C77
S2140316400CF0E2F94FF6FF73984214BF012402240C
S21403165086B1052605F44043B3F5004F44F008046D
S21403166024D0B5F5804F23D244F4807420E044465A
S2140316700326EFE7B5F5804F4FF00506F4D3B8F52C
S214031680406F14BF02200820304438440CF0BCF9E5
S214031690194B05F44045B3F85C3083420CBF44F065
S2140316A0080444F00404B5F5004F01D144F0800467
S2140316B0B8F5006F0ED1B8190CF0A6F90E4BB3F8B7
S2140316C05E308342A7D144F01004A4E744460326C1
S2140316D00220D9E7B8F5406F08BF44F020049AE724
S2140316E032F8021B0133A14299D1012086E700BFDD
S2140316F0BE5500207E5500204C4D0020075C002080
S214031700065C00202DE9F04F104685B01646984635
S2140317100CF07AF95D4F00F00803B7F85C10044646
S21403172000F00709F01C02930391B7F85EB00CF0C3
S2140317306BF906F1050A054650460CF065F90346B3
S2140317404FF6FF70854218D00399A1EB050CDCF128
S214031750000545EB0C056D004FF6FF718B420ED16D
S21403176045F004050BF05EFF029B6BB1B9F1000F69
S21403177011D0422005B0BDE8F08F0125ECE79B456C
S21403178008BF45F00805EDE7B9F1030FF1D8DFE828
S21403179009F0021B795D0BF045FF08B9A807E8D5E9
S2140317A024F00804A4B2B4F5004F05D0B4F5624F94
S2140317B002D0B4F5404FDCD10025294697F8A8207F
S2140317C0002007F0B8FC3CE0D7F88030E3B90021EE
S2140317D032460846FFF700FFD8B948F6410224F020
S2140317E038039BB29342C4D10A2D49D0062DC0D1EB
S2140317F097F87730023B012BBBD8EEF7AFFF0028F4
S214031800B7D140F6040505E0414630469847002820
S214031810DDD00825E20648BF45F08005A30648BF8D
S21403182045F4805505F00C03042BC6D1F01D0CF0CF
S214031830EBF897F8A8303246009341462B4607F05C
S2140318404FFC08B30E9B1880002093E7A90705D129
S2140318504FF6FF73B7F85C209A428AD104F44063CC
S214031860B3F5006F0AD0B3F5406F82D10822504615
S2140318700749E8F7B1FB00287FF47BAF0C25C9E7DF
S2140318800425C7E7432075E7192073E74C4D00206E
S214031890AC4D0020034B1A781AB1FF2A04BF00226E
S2140318A01A707047095C002070B5084C084E237800
S2140318B0F55C1DB13E2107480BF0C8FFFF222378D5
S2140318C02846F2540023237070BD00BF085C002036
S2140318D0095C002077740400034B044A1B78D05C31
S2140318E0FF3818BF01207047085C0020095C002001
S2140318F00023074A07491360074A1360074A136021
S214031900074A11600121074A1170074A136070479E
S214031910844E002033B10300804E00207C4E00200E
S21403192014640020206500208C4E00200E2A70B51B
S2140319300C4606461546194603D9FFF7D9FF50202D
S21403194070BD012807D10020EEF722FFB0B1FFF7E4
S214031950CFFF2120F4E780220021224B1A70224B6E
S2140319601960224B1B684BB134200BF0FFFB204B56
S214031970188018B9FFF7BCFF0120E1E724F0FF63E6
S21403198023F4FF231BB1FFF7B3FF4F20D8E774B947
S2140319902046EEF717FF0124032510F0800F43B20D
S2140319A01BBF00F01F039C409C4044F0784400207B
S2140319B0104B24F078441E700F4B10491D70104BCB
S2140319C01C60104B1870104B1A68EFF797FA18B193
S2140319D0FFF78EFF0420B3E79DF810200B4B1A7019
S2140319E0AEE700BF0A5C0020884E00207C4E002035
S2140319F0FE5500200F5C00200D5C0020F11C030048
S214031A008C4E00200E5C0020844E00200B5C0020D1
S214031A107FB5244B00251A7801232348234903FA6C
S214031A2002F200781A440A60ADF80E5020B39842CA
S214031A3036D11F4C1F4B20781B680DF10E019847BB
S214031A401D4EBDF80E20307092B11C4B29460093F4
S214031A50284602230195EFF78BFA3278237822B1D2
S214031A60012A12BF1B230133DBB2237004B070BDFF
S214031A70013818BF0120F0E778235A43013A0A6079
S214031A8008220F490BF0B8FA0B49094A097813786C
S214031A9021B1012912BF1B230133DBB21370E5E723
S214031AA01846E3E70D5C00200F5C0020904E0020F4
S214031AB00E5C002014640020206500202D1D03000A
S214031AC0B1D50300024B1868003818BF01207047D1
S214031AD07C4E002037B505461C460BF0A3FD68B9BF
S214031AE074B1084B1A60084B0A461C60012329464A
S214031AF000930323FFF71AFF03B030BD4D20FBE727
S214031B002520F9E7784E0020804E002013B50446C2
S214031B100BF088FD58B962B1074B1A6001230A46D9
S214031B20009321460323FFF701FF02B010BD4D20AB
S214031B30FBE72520F9E700BF7C4E00202DE9F041A6
S214031B400446DDE906861D469DF820700BF06AFD07
S214031B5088B99EB1A2B10B4B01201A600A4B0A4604
S214031B60C3F80080094B21461E602B460697BDE846
S214031B70F041FFF7DBBE4D20BDE8F0812520FBE7F3
S214031B802120F9E714640020844E0020804E0020B4
S214031B900148EFF725BE00BFFE5500202DE9F041B2
S214031BA00020EFF719F9114B114C1E68114B2088D2
S214031BB01D68114B114FD3F8008010B13978EFF739
S214031BC0E9FF00203870FFF793FEEFF723FC0EB112
S214031BD04046B0473DB12088A84700232380BDE890
S214031BE0F0410BF0AEBEBDE8F08100BF804E002092
S214031BF0FE5500207C4E00208C4E0020105C0020FA
S214031C00F8B52F48F0F7DCF82E4B187830BBEEF714
S214031C10D9FD2D4F06463B6803B32C4B2C4D1C6851
S214031C2024B195F900301A461946A047294B1B687C
S214031C3083B1294C2378312B0CD8284B18880BF00A
S214031C4021FA23785A1C22702A78C25423785A1C05
S214031C502270C65480232B7000233B60204C2378CD
S214031C601A2B22D81F4A1278012A09D100211E4AAC
S214031C70156825FA03F0C007DAB20ED501B1227053
S214031C800020EEF79FFD2178884212D10022174BE1
S214031C901A70FFF7BDFE40B9F8BD0133D8B21A2853
S214031CA04FF00101E5D90A442270BDE8F840FFF77A
S214031CB075BF0020EEF798FD0028E7D0F5E700BFD4
S214031CC0186400200F5C0020884E0020784E002009
S214031CD00A5C00207C4E0020105C0020FE5500208D
S214031CE00E5C0020206500208C4E00200C5C00203B
S214031CF008B50B4B187880B90221EEF737FD094B70
S214031D001B782BB100214FF6FF720846EEF710FD45
S214031D10BDE808400448FFF773BF00210846ECE718
S214031D200F5C00200B5C00201864002038B5144BB1
S214031D300C461D78012D21D181B90846EEF742FDE8
S214031D40104A05FA00F013680F4923EA00031360EC
S214031D5020462A46BDE838400BF04EB90B4A1378A6
S214031D600133DBB2022B137004D9BDE838400848B0
S214031D70FFF746BFFFF74CFE0028F6D138BD00BF7D
S214031D800F5C00208C4E0020B1D503000C5C0020B5
S214031D901864002038B50C4605460BF08FF9A042B0
S214031DA003D82D2103480BF051FD28460BF06AF9A2
S214031DB0204438BD8B74040070B506460D460BF000
S214031DC061F9044648B130460BF078F9A84203D8C7
S214031DD0352102480BF03AFD605D70BD8B7404003C
S214031DE070B50C46064615460BF068F9A04203D8B4
S214031DF03E2104480BF02AFD30460BF043F900B1B0
S214031E00055570BD8B7404002DE9F0431E46574BF1
S214031E108FB01B780746033B012B0C4615469DF8EF
S214031E20588007D8F4F718FA20B1F0F71DF908B16F
S214031E3044F400544E4B1B7813B924F40074A4B234
S214031E40200509D546B9284604A9F0F70DFD002854
S214031E5046D024F40064A4B2ADF81840ADF81A5086
S214031E6007F02BFB434BADF81C00B8F1000F02D074
S214031E701A78424501D293F800803F4AE105137869
S214031E8048BF0DF1210103F10103DBB2137058BF04
S214031E9008A922058DF81E808DF81F3006D53368F5
S214031EA0083141F8083C736841F8043CE30407D55D
S214031EB0324A0831136841F8083C536841F8043C39
S214031EC00DF11808A1EB08005FFA80F900214846D7
S214031ED00BF04CF9064628B900200FB0BDE8F08396
S214031EE004AEB9E70BF0CEF841464A46E7F7B8FE2C
S214031EF030460BF0E3F8804630460BF0C3F8002379
S214031F00024600934FF6FF7004235FFA88F107F04A
S214031F10E7F8ADF80E000028DED040F201131C42AD
S214031F201AD14FF6F7739D4216D80BF0C7F80DF18A
S214031F300E010446284600F0B5FDBDF80E000BF072
S214031F40BDF8E4B2A04207D9BDF80E0007F015F9B4
S214031F50437843F004034370BDF80E003A4601216C
S214031F600BF0DCF8BDF80E00B7E700BF345B0020CB
S214031F702F5B0020D2640020315B0020B65B00207C
S214031F80F0B50829D58889B028D00C2926D0AE0408
S214031F9024D405F040030B43424C267816B105F0D3
S214031FA0200423432FB2002FB8BF43F08003032936
S214031FB020D11223AC068DF80430937A10D48DF812
S214031FC005300DF1060401A9621A012392B2EFF758
S214031FD04BFEB0FA80F0400909B0F0BD0B46DBE7D4
S214031FE032228DF805308DF80420002EE9D00DF14D
S214031FF01304E8E70C298DF804300ABF13895379D4
S2140320008DF80530548805BF1B0A8DF806308DF809
S21403201005300DF1070318BF0DF106031C70240AE3
S2140320205C70148802399C70240ADC7014790129C8
S2140320301C7111D8917A002F597131DA0221128955
S2140320409971DA71120A03F109041A72002EBAD0D2
S214032050AB06B8D50534B6E7A9071AD4002F0CDAB1
S214032060117A51B1917A59711189127A03F10804E0
S21403207092B102229A71D971E8E70B4C217801F1EB
S214032080010C84F800C091729C1D002F5971DDDA93
S214032090EAE7917A9C1DF8E70122090A9A71EAE7B2
S2140320A09C1DD3E72F5B0020305B0020014B18807C
S2140320B0704700BF00560020014B1888704700BFCA
S2140320C0005600202DE9F84307460BF0B8FB0546FB
S2140320D01B480BF02BFD1B4B60B31C683C1B2C44AE
S2140320E0A4B20022184BDFF868901B78174D03EB59
S2140320F0830399F8006005EB43055FFA82F84645CB
S2140321000AD9AB8805F10A00A34216D90A23B21AE4
S21403211029465A43E7F766FC013689F80060AC8027
S214032120B8F1000F03D1394605480BF097F8284657
S214032130BDE8F8833C461D60D3E705460132DCE77D
S21403214038640020944E0020115C0020A252002028
S214032150125C00201FB5154A154C1378013BDBB201
S21403216013706168206801AA03C221891180114A8D
S2140321701278D21805D00A2320465A43E118E7F707
S21403218031FC9DF806301B070DD0BDF80C00FFF799
S21403219099FF03468288ADF8082001AA03CA12886D
S2140321A0186059601A8104B010BD00BF115C00208E
S2140321B0A2520020125C0020002108B5084B0948F3
S2140321C01970094B1970094B1A7802EB82025200F8
S2140321D0E7F7B6FBBDE808400548EFF7F1BD00BFDB
S2140321E0125C0020A2520020115C0020DE64002056
S2140321F038640020F8B50024084D094F094E3B7893
S2140322003178E2B20B449A4204F1010400DBF8BDD4
S2140322102846EFF7E5FA0A35F1E700BFA252002099
S214032220125C0020115C0020F8B516460C4B0D4AD4
S2140322301B781278074613440B4A0D4612789342CE
S2140322400CD03046FFF73EFF0135068107808570C8
S21403225004460BF0EFFAE0800120F8BD0020FCE70F
S214032260115C0020125C0020DE64002010B5064CD2
S214032270207828B10548F5F799FD10B1034B188867
S21403228010BDFFF767FFF3E7115C0020A2520020A2
S21403229008B50A4A0346107860B1094A108898427E
S2140322A009D121B99378103323F00F039370FFF706
S2140322B051FF012008BD0020FCE700BF115C002091
S2140322C0A25200202DE9F74F00260BF0B8FADFF8EC
S2140322D0F890B24699F80070B3463A46DFF8EC80B9
S2140322E01FFA80FEB8F800C0344CAEEB0C039BB26A
S2140322F001932378324D009303EB830305EB4303EB
S214032300ACEB0E0C5FFA86FEBE4515D3BAF1000F92
S21403231001D0009B2370BA422AD3002F37D00A225B
S2140323202378C8F8000002FB03532648998803B0B5
S214032330BDE8F04F0AF092BFB3F804E001998E456A
S21403234012D84FF0010A009993F802E001310EF11A
S214032350FF3EC9B2013AA3F804B083F802E0009145
S214032360D2B20A330136CDE7E644A3F804E0F8E731
S21403237089F800204AB10A222378C8F8000002FB35
S2140323800353104899880AF069FF237813B903B0FA
S214032390BDE8F08FFFF76AFF06460028F5D006F083
S2140323A00DFE0146304607F0BDFC20B1002128880B
S2140323B0FFF76EFFE9E740F60241F8E7115C0020FD
S2140323C0A252002038640020125C0020944E0020A5
S2140323D02DE9F04192F808801F4608F1FF33DBB27F
S2140323E0EF2B05460E46144688B00BD982238DF88C
S2140323F00E30314628469DF80E30204AFBF774FA15
S214032400012037E00E22002104A8E7F799FAB4F872
S21403241009308DF81180ADF81230E37A03F07F02AD
S214032420032A08D0012B24D103238DF81030A38967
S214032430ADF815300EE0032B14BF022301238DF8ED
S2140324401030E368CDF815302369CDF81930237DB5
S2140324508DF81430A7F121014A420DF10E034A41CB
S214032460009321460DF10F0304A8FAF793FD002805
S214032470BFD1002008B0BDE8F08100BF3C2B0400AC
S2140324802DE9F04F00241D7895B0CDE902010492A2
S214032490234622460120CDE90054404908F045FF73
S2140324A0ADF81E00F8B1A346264627460DF12009CF
S2140324B00DF1380AE4F7B6F95FFA84F8404516D802
S2140324C03A460221BDF81E00FFF78AFC3246042175
S2140324D0BDF81E00FFF784FCDDE903100022BDF8FB
S2140324E01E30FBF701FA012015B0BDE8F08F4A460F
S2140324F040460AA9FAF740FD9DF8282022B12DB1DF
S214032500013DEDB20137FFB20134D3E7BBF1000F53
S214032510F8D199E803009DF829308AE803008DF87E
S2140325204030BDF82A30032A8DF841304FEA132392
S2140325308DF8423017BF032301238DF843309DF8EF
S2140325402C30DDF83110DDF82D0014BF8DF84C303B
S2140325508DF8433011AB03C302980CBF4FF00E083F
S2140325604FF0150808F0A8F80590BDF81E000AF00D
S214032570A5FD059900EB080399420BDB01234246B0
S21403258051460DF11E00EFF76FFB0028ABD1013665
S214032590F6B2B7E74FF0010BB4E700BF6074040070
S2140325A038B505460D4B0E481C88EFF7F5FB012D95
S2140325B00CD10C4B1C88FA21614358B1884209D2CE
S2140325C08408012C204638BF012038BD022D08BFE1
S2140325D00224F0E702480AF041FEF2E79E5200208A
S2140325E0983E00209C520020012208B5054B064861
S2140325F01A7000210AF032FEBDE808400020FFF7FB
S214032600CFBF00BF005B0020983E00201E4B73B573
S2140326101A8802F108039BB2012B02D81B4B1B78C6
S21403262023B902B0BDE87040EFF7CABB0024184BCD
S214032630184D1C70184B1C702B787BB14FF6FC732F
S214032640164E0093224623462146308808F072FA37
S2140326504FF6FD732C70338001200FE0104B1046AD
S2140326601978F4F719FF0028F6D10C4B1A884FF6A1
S214032670FD739A42F0D0012302202B7002B0BDE80E
S2140326807040FFF78DBF00BFA0520020005B002004
S214032690035B0020015B0020025B00209A520020AF
S2140326A0045B0020012808B50AD002280CD020B904
S2140326B0084B18700848EFF783FB4FF0FF3008BD50
S2140326C0BDE80840FFF790BF0020BDE80840FFF7CD
S2140326D067BF00BF005B0020983E002002280CD88E
S2140326E059B1064A13780133DBB21370044A1278E1
S2140326F09A4202D80220FFF7D5BF7047025B00203C
S214032700055B002038B5A0F61343012B04460D469F
S21403271015D80E4A13780133DBB213700C4A1278BD
S2140327209A420CD84FF6FD720A4B00201988914244
S21403273001BF00221D80084B1A70FFF731FF2946A0
S2140327402046BDE8384004F04ABE00BF035B0020C5
S214032750065B00209A520020015B002000234FF600
S214032760FD71054A1370054A1370054A1180054A20
S2140327701370054A13707047035B0020025B00204A
S2140327809A520020015B0020005B002030B5094B05
S21403279002461B7833B1084B084C19780023D8B28D
S2140327A0884201D3FF2004E0013334F823509542D6
S2140327B0F5D130BDDD640020085B00207A5200208E
S2140327C00022FF21044B05481A70054B1970054B70
S2140327D01A789200E7F7B4B8085B00207E52002010
S2140327E0075B0020DD640020F7B58DF807100DF1B8
S2140327F00701044602F03CFD234B1D78002D41D013
S2140328002046FFF7C3FF214EFF283178204B05D122
S214032810204A107885422DD9451C1570884219D058
S2140328201C4A1B4D92F800C00022D7B2BC450CD9F7
S2140328302F4697F803E00132864505F10405F4D1E7
S21403284002B203EB8202D278FA7002B203EB820280
S214032850D170307002B203EB820123F82240FF22CC
S2140328608A709DF80720FF2A02D003EB8203987034
S21403287003B0F0BD0A46104603EB8202D278FF2A65
S214032880F9D1CBE7FF20F3E7DD640020075B0020E8
S2140328907E520020085B00202DE9F843FFF776FF01
S2140328A0FF28044669D04FF6FF72354F03B2DFF8B0
S2140328B0DC80344E27F8232098F80050A54202D136
S2140328C00020BDE8F883337820B28100A34207EBEB
S2140328D0800090F803E010D00023294A5FFA83F9BA
S2140328E04D45944606D99CF803900133A14502F161
S2140328F00402F3D18CF803E001E086F800E0013D22
S214032900EDB22A1BD2B2043192003944E7F76AF8D3
S21403291088F800503378FF2B04D0A34224BF03F17A
S214032920FF33337000214FF6FF70154BCAB2AA422D
S2140329300CD300234FF6FF71134ADCB2AC42BBD272
S214032940013332F823008842F7D1B5E79A78A242DA
S2140329500BD11880DA78FF2A04D0A24224BF02F1F2
S214032960FF32DA7001310433E0E7FF2AF2D0A242E5
S21403297024BF02F1FF329A70ECE72D20A1E700BFD7
S2140329807E520020075B00207A520020085B00205E
S214032990F8B51C4B05461B78084673B3FFF7F6FEDF
S2140329A0FF28044629D02846FFF7F0FEFF2806D066
S2140329B0154B164E1A780023D9B2914218D3FF212D
S2140329C02846FFF711FFFF28014616D00546104F8D
S2140329D023B207EB830237F823009678FFF704FF4A
S2140329E0A84208BFFF25FF2E214608D12846F8BD7A
S2140329F0013316F823108142DED1FF25F6E734466D
S214032A00E6E700BFDD640020085B00207C52002060
S214032A107E5200202DE9F04180460E461F460023D5
S214032A2086B001A814469DF830508DF80330FCF7A5
S214032A304BF8ADF804802EB13368CDF806307368D2
S214032A40CDF80A3038460AF01DFB0DF10303421990
S214032A50214601A804F0CFFC9DF8033093B9314614
S214032A604046E4F701F90E4B1B785BB10B2C09D8F3
S214032A70FF214046FFF7B8FE064605EB4404E4B2E2
S214032A80A54202D106B0BDE8F0812946384608F0D3
S214032A90EFFB3146FFF7A8FE02350646EDB2EFE739
S214032AA0DD64002000232DE9F3470DF107028DF8BE
S214032AB0073004460E4602F0C6FB9DF8073005466F
S214032AC063B92046FFF762FE04465EB130880AF01B
S214032AD0F5FA5FFA80F8FF2C45D10025284602B0A8
S214032AE0BDE8F087B046F6E701320C2AF5D02DB2E2
S214032AF007EB8505AD78FF2DF6D112F0FF0AECD073
S214032B004FEA4A050235EDB2002EE7D0304605EB14
S214032B10080108F072FB0028DFD152464146308890
S214032B20FFF75EF90AF1FF3208F1010108F1020925
S214032B303088D2B2C9B25FFA89F9FFF751F924B2E5
S214032B4007EB8404A478FF2CC8D023B2494637F891
S214032B502320308808F09CFB0028BED109F1020927
S214032B605FFA89F9EBE725460022014FBFE700BF6E
S214032B707E520020FF2818BF064B10B51BBF03EB81
S214032B80800433F820302D200B801EBFA37800204E
S214032B90137010BD7E52002008B5D2F775FDD2F72C
S214032BA011FB00F087F9BDE80840D3F791B938B5B3
S214032BB0044690F844108378826CCB1A59425941E4
S214032BC0D2F720F9E37893B1257985B900F00AF9AD
S214032BD00346A268218A04F11C009C1A8C4236BF65
S214032BE052182946D11ABDE8384000F0F2B838BD6D
S214032BF009B1D2F78FBDD2F79FBD38B58388044697
S214032C0003B3E3780088A17804F10C05A3B100238D
S214032C10B1FA81F1E3704909FFF7EAFF4FF6FF7255
S214032C20A388218993421CBF03F1FF33A380284660
S214032C30BDE8384000F0CDB80123E370FFF7D8FFB6
S214032C40E188F4E738BD10B5044681780088FFF7BD
S214032C50CFFF0123E3700023A38010BD10B5817856
S214032C600446B1FA81F100884909FFF7C1FF002342
S214032C70E370A38010BDFFF7F1BF70B504460546A9
S214032C8000262B4655F8040B10B11B1B0C2B00DD3E
S214032C9070BD237C8680002BF3D0637C13B1FFF7D3
S214032CA0D2FFEEE7FFF7DAFFEBE7FFF7E6BF70B515
S214032CB0044605464FF6FF762B4655F8040B10B12F
S214032CC01B1B0C2B00DD70BD8388B342F4D04FF47E
S214032CD0FA724FF6FF731146D2F7E4F8ECE709B140
S214032CE0D2F718BDD2F728BD10B5044640611030A0
S214032CF0D2F726FEA1682088B1FA81F14909FFF7C9
S214032D00EEFF606840B1A16880B2B1FA81F1BDE818
S214032D1010404909FFF7E3BF10BD00F050B8034663
S214032D20184613F8012B8A4201D0002AF8D17047BF
S214032D3010B53B2104460068FFF7F1FF0022034667
S214032D4003F8012B2068236010BD10B540B1421E66
S214032D500A24002012F8013F303BD9B2092900D9D2
S214032D6010BD04FB0030F5E750F8083C23B150F8DB
S214032D70041C30F80E0C18477047084619B1FF219B
S214032D80103002F064B97047007800F0DF03552B6B
S214032D9007D0642807D0663818BF4FF0FF30C0B29C
S214032DA07047012070470320704718B12D280CBFC9
S214032DB0012002207047704708B501F03AFD08B5B8
S214032DC000F06DF8BDE8084004F0DBBA50E90230C5
S214032DD018470A460830FF2102F030B9FF210830B1
S214032DE002F03DB908B50AF089FDBDE8084009F0D0
S214032DF0FDB92DE9F041044600274FF00C0E8F4233
S214032E0002DB0020BDE8F0812078904204D1002543
S214032E1094F80780454502DB01370C34EFE70EFBD9
S214032E2005F6D4F808C00CEB06003CF806609E4294
S214032E30E8D00135EEE7F0B585B005460E461746F1
S214032E40D2F7BEFD0446A0B131462846D2F786FD2A
S214032E5083783A46002BA36831460293A378284624
S214032E6001934FF0000300930CBF80234023E0F749
S214032E7029FA05B0F0BD08B51288D2F7A1FD50B106
S214032E800279BDF80C309A4207D881680298E6F7B3
S214032E90A9FD002008BD8620FCE78920FAE700206C
S214032EA004F0F3BA08B504F060FB002814BF03204F
S214032EB0002008BD704708B501F0A5FFFFF76CFEBC
S214032EC0642003F0ABFE642003F0A7FE01F09DFF31
S214032ED0D1F73CFF08F0E4FDF8E708B5FFF76CFF11
S214032EE010B50446806BD8B1E278022A04D0636B2F
S214032EF0DB6872B984F83C3094F83C306BB1FFF76A
S214032F00A2FE60784FF60272BDE810400621FFF776
S214032F1092BFB3FA83F35B09ECE7FFF79FFEF0E794
S214032F2010BD10B50446406BD2F73EF82046BDE808
S214032F301040FFF7D5BF10B50446406BD2F758F8DC
S214032F402046BDE81040FFF7CBBF10B50446406BE4
S214032F50D2F774F82046BDE81040FFF7C1BF10B59E
S214032F600446002206214078FFF765FFA378022B6C
S214032F7001D0FF2B04D12046BDE81040D2F7FCBF9A
S214032F8010BD4FF60273994210B5044601D1FFF700
S214032F90A7FFE378022B02D02046FFF7A1FF2046C7
S214032FA0BDE81040D2F7E8BF0A2901D9FFF707BFEB
S214032FB0704710B58278044603797AB90BB1D3F714
S214032FC08BF82046D3F7B4F803236078A4F86C3064
S214032FD05522BDE810401221FFF72DBF012B01D16A
S214032FE0D3F77AF8A379012B02D12046D3F7A0F8BA
S214032FF00123EAE710B58378044683B903790BB156
S214033000D3F780F82046D3F7D7F804236078A4F8DC
S2140330106C305522BDE810401221FFF70CBFB0F804
S2140330206C30022B0CD00379032B01D1D3F754F861
S214033030A379032B02D12046D3F77AF80023E5E7DA
S214033040D3F7FAF8FAE7827883685AB9DB78002B65
S21403305014BF03230423A0F86C30552212214078B2
S214033060FFF7E9BE1A7922B9DB78003B18BF0123C4
S214033070F1E70223EFE77FB500239E6A0446B6F521
S214033080804F0D460CD201A8D3F77EFA039B5B054F
S21403309006D529462046336C04B0BDE87040184771
S2140330A004B070BD00239B6AB3F5804F05D21B6B3B
S2140330B0B3F5804F01D29B6818474FF48170704771
S2140330C01FB500239A6AB2F5804F04D340F201106D
S2140330D005B05DF804FB126BB2F5804FF6D2012201
S2140330E001A8CDE902338DF80420D3F74DFA039BEC
S2140330F0DB03EBD5029B1A0EE8D0012A03D1C3F3F8
S21403310007430A2BE2D900239B6A1B6B1B6C984769
S214033110DEE708B50AF0B4FDB0FA80F0400908BD52
S214033120134610B542B103439B0707D10AF0A4FD2B
S214033130B0FA80F0400910BD0120FCE70020FAE752
S21403314000230360704703680B600160704710B587
S21403315038B132B129B100230139D45C14B9002344
S214033160037010BD8B42FAD200F8014B0133F4E72B
S214033170034638B10020814204D01A5C02B9704776
S2140331800130F8E770474FF0FF31FFF7F1BF70B536
S2140331900C461646054660B15AB151B1FFF7F3FF28
S2140331A0844206D9211A32462844BDE87040FFF708
S2140331B0CEBF70BDFEE7FEE700239A4200D17047FC
S2140331C010B550F8234041F8234001339A42F8D112
S2140331D010BDD3F739BE1FB50B464FF0FF31FF24A2
S2140331E08DF809000391009203A9002202A88DF826
S2140331F00840D3F7D1FE10B9039804B010BD20469B
S214033200FBE74369426CD91C143AB1FBF2F103EBBA
S214033210C1000330B0FBF2F00230704738B5054604
S2140332200C46FFF7EEFF6A6CE31D143AB3FBF2F3AA
S214033230013304EBC30402FB004038BD38B5054632
S21403324044692146FFF7EAFF6A6CE31D143AB3FBB1
S214033250F2F3013304EBC304204438BDF7B5074645
S2140332600E4600257C6CA819644280EA06031C40BF
S21403327003D02C46204603B0F0BDFB6B01225B69EE
S21403328001A99847019B0133F4D10435EAE770B5E9
S21403329005460C46D5F780FBEB6B2046BDE8704031
S2140332A0DB68184770B50025044686B00562E369F7
S2140332B0AB4202D8206A06B070BD666C2068E36B2A
S2140332C005225B6901A906FB0500984701A800F0E3
S2140332D023FC00F046FC10B1236A01332362013558
S2140332E0E5E738B50446456C006804F1400305FB82
S2140332F00101E06B00F042FC05462046FFF7D2FFD3
S214033300284638BDF0B50546002687B0EC69013C73
S214033310B44203D80C46204607B0F0BD01B14C1E9C
S2140333206F6C2868EB6B05225B6901A907FB040039
S214033330984701A800F0F0FB00F013FC0028EAD140
S21403334021460136E2E7F0B504460D46466CE36BCC
S214033350006887B005225B6901A906FB050098474C
S21403336001A800F0D9FB00F0FCFB20B101A800F097
S214033370AAFB07B0F0BD29462046FFF7C3FF064663
S214033380676C2068E36B05225B6901A907FB0600EF
S214033390984701A800F097FB431CEAD0B54238BF14
S2140333A00130E6E72DE9F0434FF6FF79D0F82480A5
S2140333B004460E46C84514BF45460025002787B079
S2140333C0E369BB4202D807B0BDE8F083E26B23682B
S2140333D0606CD2F814C000FB0530052201A9E04753
S2140333E001A800F099FB022806D0C8450CD1721C30
S2140333F029462046FFF775FFE3690135B5FBF3F26F
S214033400013703FB1255DBE729462046FFF79BFFF0
S214033410B0F1FF3F14BF024632460132E8E70368C5
S214033420F0B5CC1A436C0646B4FBF3F4002587B01C
S214033430F36937685A1E9542706C08D3706C33680C
S21403344000FB043007B0BDE8F04000F095BB013444
S214033450B4FBF3F203FB1244F36B05225B6901A989
S21403346000FB0470984701A800F056FB00F079FBB8
S2140334700028E3D10135DBE710B423F0030422442C
S2140334809B070A44436C18BF04325B4281EA02047A
S214033490234203D05DF8044BFFF7C1BF10465DF827
S2140334A0044B70472DE9F041D0E90A369E420446A4
S2140334B086B028D11422C369456802FB13552846F3
S2140334C006B0BDE8F0812068676C331AB3FBF7F3E8
S2140334D0E26B07FB0300D2F8148001A90522C0475C
S2140334E001A800F019FB012804D0636C1D44013BBE
S2140334F03340ED1A31462046FFF791FF0646A36A8E
S214033500B342E0D1DBE70025F9E708B508301346F8
S214033510D1E90012D5F7C6F9012008BD13B50C464C
S214033520002121760093616813462246D3F7B4FD43
S21403353018B1E37D03B1A07EA075A07D02B010BDD7
S21403354073B5164600F108050C46284609680DF1C2
S214033550070200F098F9032E06D16368834203D16D
S2140335602846216800F076F9012002B070BDD01E0F
S214033570009B42424241187E824211D11A688A4217
S2140335800ED85A688A420BD35A6901325A61D3E974
S214033590030282423FBF986840F8221001321A6144
S2140335A00120704710B5032A029C07D1A26A534034
S2140335B0626C5242134201D100F04CF9012010BD57
S2140335C008B5C36800209847BDE80840D5F7ECB9AE
S2140335D0012814BF0420022070B5002442431C7047
S2140335E0CC7D101D02F002024CB91AB1012220F064
S2140335F003001A7000F108034868184470BD1AB136
S214033600012220F003001A7000230C7E01F120052E
S214033610DAB2A24201D30020F0E735F833205E1C6D
S214033620824206D901EBC30300F10802D8691044AD
S214033630E4E73346801AEBE773B5054690F8426035
S2140336401C4630460DF10303FFF7C2FFEB6B012E5A
S2140336505B690DD1324601A998479DF8033013B133
S214033660BDF806300193BDF80430236002B070BD88
S2140336700122214602B0BDE870401847F0B5054662
S21403368000244868EB6B87B00E4601225B69029400
S21403369002A908309847274695F84230012B40F098
S2140336A0AC80632C00F2AB80612C08D805AB2246B5
S2140336B031462846FFF7C0FF9DF814305BB305ABD1
S2140336C02246314628468DF81070FFF7B5FF95F869
S2140336D04230012B059B7FD14FF6FF72934256D0A3
S2140336E0082205A904A800F063FA059B9DF81010AC
S2140336F0C3F3072291424AD1DBB2029A1A440292DA
S21403370045E0DCD005AB224631462846FFF794FF5A
S214033710BDF81430D2E795F84230012B39D1612C2D
S2140337202ED822463146284603ABFFF785FF31469F
S214033730284604AB621CFFF77FFF3146284605ABDD
S214033740A21CFFF779FF102208230DEB02010DF1EF
S21403375007008DF8073000F02BFA102205A90DF1AB
S214033760070000F025FA039BDAB24AB99DF8072052
S214033770B2EB132F04D1DDE9043203EB02430293C9
S21403378095F84230012B14BF012302231C44013455
S21403379082E7302CF4D822463146284603ABFFF79F
S2140337A04BFF3146284604AB621CFFF745FF102348
S2140337B020220DEB03010DF107008DF8073000F012
S2140337C0F7F9039B9AB2002ADAD19DF80720B2EBE9
S2140337D0134FD5D1049BD2E70133D8D0102205A9C5
S2140337E00DEB020000F0E4F9059B9DF81010C3F3FF
S2140337F007429142CBD19BB27FE7312C81D9029805
S21403380007B0F0BD13B500240194049C0094D4F7CC
S2140338101FF902B010BD13B501240194049C009453
S214033820D4F716F902B010BD00234FF0FF3230B5BF
S21403383044689C4202D10023037230BD016801EB49
S214033840C30541F833206A600133F2E7C0E900128A
S214033850FFF7EABF0023F0B545689D4210D0046821
S214033860DF0054F8332004EBC306B2F1FF3F08D061
S214033870C2F31302914204D14FF0FF33E351736056
S214033880F0BD0133E9E70023F0B545689D4202D158
S2140338904FF0FF300EE00468DE0054F83340671C38
S2140338A009D0C4F31307B94205D1240D1470036875
S2140338B033445868F0BD0133E8E7704770B59400A9
S2140338C0224605460E460AF0D7F9431C0AD058B9D5
S2140338D0224631462846E6F77FFB002814BF3D20E4
S2140338E0002070BD6E20FCE77120FAE713B504468E
S2140338F001A8D5F7E9FE9DF8063023804FF48073C0
S2140339006380D5F7EFFE6060002002B010BDD5F7E8
S2140339105FBE08B5D5F750FE002008BD10B50446B7
S21403392044EA010313F00303084609D1934201D185
S214033930002010BD54F8231040F823100133F5E798
S21403394021469200E6F78CF9F2E710B504460AF032
S21403395097F9431C10D088B9D5F7C4FE234620F048
S21403396003002044984201D1002010BD53F8042BD5
S2140339700132F7D03E20F8E76E20F6E77120F4E731
S214033980704713B50023044601461B220DF10700BA
S2140339908DF8073000F00CF922689DF80730B3EB7A
S2140339A0D26F0CBF0120002002B010BD13B5002358
S2140339B00446014620220DF107008DF8073000F07B
S2140339C0F7F80DF107001A22211D00F0F1F86268DE
S2140339D09DF80730B3EB926F0CBF0120002002B0B6
S2140339E010BD0068431C584258417047006810F0E9
S2140339F07E0F0CBFC0F3C160002070470068C0F3A1
S214033A00D3107047006800F07F0001288CBF0020A9
S214033A1001207047036813F07E0F14BF04200820AC
S214033A207047036813F07E0F03D1406820F07C4094
S214033A30704713F078001CBF03F07F03D81F70474E
S214033A40006800F07F007047032809D0022803D1DE
S214033A50C1F10201C8B2704700290CBF072000203D
S214033A60704737B5054601F10C04436969460122E0
S214033A7020469847BDF80030012201932046AB69E3
S214033A8001A9984703B030BD37B501F10C0443696B
S214033A90012269460546204698474FF6FF72009B6B
S214033AA099B291420DD16FF30F0343F4254343F0CC
S214033AB0A503019301222046AB6901A9984703B0E9
S214033AC030BD0020FBE737B5044600251B22011D49
S214033AD00DF107008DF8075000F06AF860689DF84E
S214033AE00720B2EBD06F03D120F0784003B030BD8F
S214033AF00DF107001B2204F108018DF8075000F0B2
S214033B0057F8A0689DF80730B3EBD06F01D1C043D8
S214033B10EAE74FF0FF30E9E74BF29A22036810B565
S214033B20B2EB134F044613D19BB2012B13D1FFF70D
S214033B30CAFF01300CD04FF6FF72E068B2EB104FAD
S214033B404FEA104309D180B2C01A18BF012010BD36
S214033B502368013303D00420F9E70220F7E70320A4
S214033B60F5E701288CBF00200120704703380128A1
S214033B708CBF002001207047143070472DE9F041B8
S214033B8005469846036908460E4617469847044670
S214033B9038B943463A4631462846D4F775FF0446B5
S214033BA018B131462846FFF75CFF2046BDE8F08192
S214033BB01F2A0B689EBF4FF0FF3191408B43590875
S214033BC001F055315B1A03F033319B0803F03333AE
S214033BD00B44017803EB13130A444FF0013103F04F
S214033BE00F334B43A2EB13620270704708B507F01E
S214033BF0FFFDBDE808400021D5F750B80221032099
S214033C00D5F74ABA704770477047704770B5054690
S214033C1014460E4609F01BFD2B685C4034405C409E
S214033C202C60BDE8704009F00DBD4FF050234FF4F3
S214033C3000321A6770474FF0B0435A6812B19A6A57
S214033C40002AFAD1704770B5054614460E4609F0A9
S214033C50FEFC2B685C4034405C402C60BDE8704042
S214033C6009F0F0BC0122417803788A4030214B43A7
S214033C7042F2100103F1A04303F570335A50704724
S214033C8021FA00F2D20730B5034600F0FC040FD544
S214033C9000220132D2B2042A02D14FF0FF3008E0EC
S214033CA0831803F00303234421FA03F5ED07F0D446
S214033CB0184630BD0020704700207047002070472C
S214033CC00020704701207047012070470F2070477F
S214033CD0E6F79CBE002307B5CDE90033012369460A
S214033CE04FF0FF308DF8023004F01DFC03B05DF892
S214033CF004FB0020704710B508B9212010BD002929
S214033D00FBD0036813F0704205D1C3F30E030B60B8
S214033D107BB10020F2E703F05044B4F1004F05D026
S214033D20B2F1304F02D0B2F1404FE6D103F07F0339
S214033D30EDE74368002BE0D00B60EAE737B50C46A7
S214033D40054610B9212003B030BD0029FAD0002360
S214033D5001A90193FFF7CFFF0028F4D12968019A40
S214033D6011F0704102F1030222F0030201D1226036
S214033D70E9E7AD68B1F1004FC5F38033C5F34035CD
S214033D8004D103EB450353432360DCE7B1F1204F33
S214033D9001D12B44F7E7B1F1304FFAD0B1F1404FE0
S214033DA0F7D0CFE737B50C460546002800F08780E6
S214033DB0002900F0848000230B60036803F070433F
S214033DC00B60C26822B1032A79D143F080630B608B
S214033DD0AB689A0149D403F08073EA680AB9002BEA
S214033DE06DD1226822F0407213432360EA68032AE7
S214033DF005D12A69F62A62D962F317432360AB68B2
S214033E001B0442BF236843F400432360EB68032B81
S214033E101FBF23682A6862F30E0323602B68AA6811
S214033E20002B2ADB12F4C84F49D12B6803F07043EA
S214033E3003F10043B3F1804F05D2530542BF236815
S214033E4043F4806323600023284601A90193FFF708
S214033E5052FF40B92B6813F070421FD12368019AB2
S214033E6062F30E03236003B030BD03F04073B3F177
S214033E70407F18BF4FF00073AFE7500402F40051C1
S214033E8005D4E1B1236843F400532360CDE72368E8
S214033E9043F4804323600029C7D0F3E703F050437D
S214033EA0B3F1004F05D0B2F1304F02D0B2F1404F1C
S214033EB005D1019B5A1E236862F30603D2E721202D
S214033EC0D1E738B131B101234B604FF000530020E6
S214033ED08B6070472120704737B50C46054608B9F6
S214033EE0212016E00029FBD001234B60C368A3B949
S214033EF001A90193FFF722FF58B9019B6A699A4209
S214033F0009D32A69002AEBD0226043F0005300202D
S214033F10A36003B030BD1D20FBE7032BE0D10023D5
S214033F20F5E7436813B9416070475B685A68012A2E
S214033F30FBD159607047FFF7DCBE08B5FFF7D9FE23
S214033F40002814BF6FF09200002008BD1346428875
S214033F5070B50732072A0C464FEAD20101D0A142B8
S214033F6022D146680588202218460021E5F7E8FC9A
S214033F70360A0346DEB9BCB141F20102954205D0CA
S214033F80B5F5885F02D0B5F5905F02D100205C607E
S214033F9070BDB5F5105F0DD1182C03D0202C01D0C1
S214033FA0102C01D11C60F1E76FF08600F0E76FF08C
S214033FB08B00EDE76FF08500EAE7F0B51C46436833
S214033FC006461B0A0F46154689B035D122462946B2
S214033FD0FFF7BCFF68B9EB1C23F00303C4E9030730
S214033FE0636145B9202200212046E5F7A9FC6FF05E
S214033FF0860009B0F0BD014620226846E5F7A0FC1E
S2140340006A4629463046FFF7A1FF0028EAD123680F
S214034010009A9A42E6D16368019A9A42E2D1A3686B
S214034020029A9A42DED1A369069A9A42DAD1E369E2
S214034030079A9A42DDD0D5E76FF08B00D9E7D5F71C
S2140340408BBED5F7A5BF704700207047002070478A
S214034050C3681944836853F8210030F8023B1360A1
S2140340607047012310B580F888300378044653B1AF
S21403407000F061FA21462046D6F77CF82046BDE8D4
S214034080104000F04DBA10BD38B50D460446D6F7BD
S21403409059F86B682046C4F8B032A96800F096F960
S2140340A04FF0FF332046C4F8B432FFF7CDFF38BDD8
S2140340B0D0F8B43210B50133044601D0002010BD49
S2140340C000F0BCFAC4F8B4020130F7D194F8B80291
S2140340D080F00100F3E708B5D6F770F808BD0A7854
S2140340E001382D2A0ABF012200228918D6F7C2B842
S2140340F007281BD8DFE800F0060A0D10131504176F
S2140341000120704700220820D6F7B4B800221020FA
S214034110FAE700222020F7E70820FFF7E0BF102089
S214034120FBE72020F9E70846D6F706B900207047D4
S2140341302DE9F74307280C46DDE90A7690461D4627
S21403414008D8013806280AD8DFE800F01D27303AD9
S21403415044574A00212850D003B0BDE8F08300221C
S21403416020461146E5F7B8FB3368C0B205EB83017A
S2140341703A6845F82300013348F8221033603B6859
S21403418001333B60E8E7002220461146E5F7A4FB2F
S214034190336880B205EB8301EAE700222046114626
S2140341A0E5F79AFB336805EB8301E1E70022204637
S2140341B01146E5F73FFD336840B205EB8301D7E7C9
S2140341C0002220461146E5F735FD336800B205EBBD
S2140341D08301CDE7002220461146E5F72BFDE1E7F4
S2140341E0002389461E461D468DF8063019F8013F02
S2140341F07D2B06D125702D0A65703B6848F8234051
S214034200BDE7202BF2D006F00102013612B98DF875
S2140342100430EBE71022002101A88DF80530E5F7FE
S21403422009FD631901359870ADB2DFE72DE9F04F4C
S2140342309B46002385B08B45814688469246CDE94A
S21403424002336BDC1A461E4619F80340212C09D8A4
S2140342501F2C04D8103C072C98BF012200E001262F
S2140342600133F1E7FF2CFBD15B4436B1013B4345F9
S2140342700ADD2B2005B0BDE8F08F62B1013B434554
S214034280F7DC3546374602E000252F462E464545E1
S21403429004DB0020EEE79845F3D0EAE75D453BDB19
S2140342A019F80730202B18D109EB07035B78FF2B8F
S2140342B0DFD1CEB920465AF82510FFF719FF78B399
S2140342C003AB019302AB00932046DDE90E235AF8B5
S2140342D02510FFF72DFF0135D9E7212B0ED109EB6A
S2140342E007035B78FF2BC4D1029B5AF825200E994F
S2140342F0012641F8232001330293ECE7A3F11004CF
S214034300072C02D91C460137D3E709EB07035B7872
S214034310FF2BAED1E4B2CCE70624CAE72120A9E7F7
S2140343202620A7E72DE9F04F07460E461546984682
S214034330044685B0DDF84490DDE90FAB206808B38A
S214034340DAF80020D8F800108A421BDA0E9B53F8DE
S2140343502210D2F7ADFC48BBDAF800200132CAF8C7
S21403436000206268117BFE291BD10E9B1068012179
S21403437000932A464346CDE902B9CDF804A0FFF7D9
S214034380D1FF04462B7843B999F800302BB97EB198
S21403439001233C4689F800302B70204605B0BDE863
S2140343A0F08F01238BF800302B70EBE70C34C5E756
S2140343B03446F2E710B50446236803B910BD237AE2
S2140343C013B92046D5F7EEFF0C34F5E710B541B127
S2140343D00A7932B901249C300C71FEF7B4FE2046EC
S2140343E010BD0020FCE72DE9F041BAB005460AAA45
S2140343F0084603A900F05FF90446B0B90DF10A03B5
S21403440001930DF10B038DF80A0000930AAA2846C0
S21403441004AB03A9D6F776F99DF80A20B2B19DF846
S2140344200B2048B12AB1D5F7BDFF20463AB0BDE808
S214034430F081FFF7BFFFF8E7D5F89C50002DF4D0C6
S214034440A86808B1FFF7B6FF2D68F7E700B346681C
S2140344501AAB06F10C082AAF01934046049B039956
S21403446000970AAAFFF7E2FE04460028DDD1039B65
S21403447005A8CDE90637049B0595CDE90838D7F797
S21403448009FC05A83368984705A800F03FFDCCE76C
S2140344902D24CAE710B50446AC30E5F74DF904F110
S2140344A0AB031A180020934200D110BD13F8011F66
S2140344B00029FAD00A2908BF0130F4E70023F0B533
S2140344C00B6013600646D0F8AC0278B196F8AC00E1
S2140344D060B1012406F1AC07D6F8AC02844210D3CF
S2140344E006F1AC00B3F5007F10D30120F0BD0D68D4
S2140344F001350D60156801351560F85C01330A282F
S21403450002D0B3F5007FF2D30134E5E7C15C0A2994
S214034510EBD00029E9D01168013301311160E1E7DE
S21403452010B50021D0F88C200446E5F709FA0023DD
S214034530C4E9243310BD73B5044600F1AC058021ED
S2140345402046FEF715FE4FF4007106462846FEF792
S2140345500FFE0136C0F50070864220461FD8E5F7E9
S214034560EBF806462846E5F7E7F801362946421CE7
S214034570A819E5F737FA2046E5F7DEF8214602469E
S2140345802846E5F76DFB2046E5F7D6F80A232044D0
S21403459080F8AC300023C4F8AC3202B070BDFFF72D
S2140345A079FF01AAC4F8AC0269462046FFF786FFE6
S2140345B00022009B234483F8AC20C0E773B50D4666
S2140345C00446FFF767FF6B1C19D1D4F8AC3213B15E
S2140345D0013BC4F8AC3200252046E5F7ADF8A84207
S2140345E015D82046FFF79CFFD4F8AC322BB16946AA
S2140345F0204601AAFFF762FFA0B902B070BD012DE5
S214034600FBD1D4F8AC328342F7D20133E1E708207A
S21403461000F023F8202000F020F8082000F01DF812
S2140346200135D9E7009D04F1AC06019BAB42E4D902
S214034630715D2046D6F794F90135F6E707B50020F5
S2140346400DF1070100F0E7F820B99DF8070003B065
S2140346505DF804FB4FF0FF30F9E710B5C1B204462E
S214034660002000F0C8F800280CBF20464FF0FF30AB
S21403467010BD0FB407B504AA52F8041B002001921C
S214034680D6F70AFB002003B05DF804EB04B07047CE
S21403469010B54C1C0B460119045D222C03D07B2C51
S2140346A001D05C2C05D1D21A1844E5F79BF90120FA
S2140346B010BD0020FCE72DE9F047054691468846E5
S2140346C0E5F73AF82A4606461346197801322029B2
S2140346D0FAD0C9F800305C1B01236FF0404AC8F8D3
S2140346E00030A64201D8002014E02F5D29197B2F45
S2140346F012D0222F2ED1D8F80030621C53442A44FD
S21403470049F82320012C09D911F8013C13F0DF0FD7
S21403471004D02120BDE8F0877D27F3E701342B5D25
S214034720BB4209D12B195B7813F0DF03F1D1222F9B
S21403473000D12B550134D4E75C2B07D132462146F2
S2140347402846FFF7A5FF0028E3D0013E0134A64222
S214034750E5D8DEE75C2F08D1324621462846FFF728
S21403476097FF0028D5D0013EE4E7202FE2D10022B0
S214034770631CB3420A70DDD2EA18EB5C202BD9D057
S214034780D8F800300F2B05DC49F823200133C8F88E
S2140347900030CFE71E20BDE700F000B800207047CA
S2140347A0D2F774BA70B50C46154610B9D6F768FA40
S2140347B038B143682BB12A462146BDE870400068ED
S2140347C01847232070BDF7B50D4616461C4638B964
S2140347D0D6F756FA04B901AC20B9232003B0F0BDCE
S2140347E003B901ACC768002FF7D0234632462946E3
S2140347F00068B847F2E707B501228DF807100DF1F8
S2140348000701FFF7CFFF03B05DF804FB0B46014635
S2140348101846FFF7F0BF00230122FFF7D4BF08B501
S21403482009F00DF8FA23B0FBF3F080B208BD0420BC
S214034830704740F20160D6F719BB704701207047F6
S2140348400020704749BA89B280EA0103C3F3031212
S2140348505340180380B258405B0103F4FF5358409B
S214034860704708B5D6F7CEFE58B1A0F15903042B0E
S21403487006D8042B04D8DFE803F00404040304007A
S2140348805C2008BDD7F716B87047F8B50C468D18E8
S214034890073552421540A5F108070646384600F08C
S2140348A0DFF9A188381B628801EBE00189B2A2EB2D
S2140348B0E00225F8041C25F8062CA288C310AAB12A
S2140348C0A4EBC202B2F802C0D18003EB0C01518004
S2140348D0E28892B1D31A9BB204EBC20425F8023CD9
S2140348E0A380B3680344B3603846F8BD15F8082CB4
S2140348F042F0020205F8082CEAE725F8022CF0E756
S2140349002DE9F04F4FF0000887B09946531C109BD3
S2140349100546174614BF14460824CDF81480002B0A
S21403492000F0C580C3F80080002900F0C28042680A
S2140349308A4240F2BE80073121F0070608F094FE53
S21403494005AACDE9008282463A464B4631462846BA
S21403495000F08AF9059F834607B130B9504608F040
S2140349607EFE192007B0BDE8F08FB7F802802969EC
S2140349704FEAC802C0EBC8080139B8F1270F29610E
S2140349807AD9B9F1000F51D1864206F1080848D00A
S214034990224639462846FFF778FF04460590059BCE
S2140349A09844404600F05CF9059906F10F004A88E2
S2140349B0C308A2EBD002A8F80220CA88A8F80430DD
S2140349C0002A30D0D31A9BB201EBC202A8F80630F5
S2140349D093808B88F608A380B8F804303A46E380C1
S2140349E0414600232846668000F0A6F9AB680833E4
S2140349F0AB60237843F0010323702B6901332B61EB
S214034A006288AB68504603EBC203EA68AB60934226
S214034A1088BFEB6008F023FE109B083400201C6060
S214034A20A0E73C46BBE7A8F80620D2E707EB080456
S214034A302046039200F014F90BF10703DB080599EF
S214034A40638008F10703DB08A380CB8893B1DB0000
S214034A50039AD81D821A5A44C2F3CF020B44E2804B
S214034A609A80A38808F1FF384FEAD808A1F8028095
S214034A70CB80BBE7E380F4E7B9F1010F1BD107F165
S214034A800803B3FBF4F204FB1233B3B122463946F0
S214034A902846FFF7FAFE044623783A4643F0010316
S214034AA0237021460123284600F046F9A8E7222072
S214034AB058E7212056E78642E8D13C46ECE707B59F
S214034AC000224FF0FF3101AB0192D6F753FB01985A
S214034AD003B05DF804FB2DE9F74F04460D460029A5
S214034AE000F0AB80D0E9056808F0BEFD15F8087C39
S214034AF035F8061CFB07009000D531B9009808F07E
S214034B00AEFD012003B0BDE8F08FA368D4F8109083
S214034B1035F804ECA3EBC10B09F10103A5F1080C6E
S214034B204A1CC4F808B02361BEF1000F7BD0ACEB7F
S214034B30CE03D888B3F802A00190187807F00207CE
S214034B40C00765D4002F64D10198A0EB0A07012F94
S214034B5069D18A1CABF108075244C4F81090A760C9
S214034B6035F802ECBEF1000F61D0D4E900700CEB0F
S214034B70CE0A07EB0009CA4559D21CF83EC0574671
S214034B801CF0010C15D1AEEB0101012911D1BAF8C5
S214034B900210AAF802C001310A44BAF80610002926
S214034BA043D00AEBC107216901392161A16808399D
S214034BB0A16015F8081C013A21F0010105F8081C4C
S214034BC0002125F8061C5A801A7861F300021A7031
S214034BD07FB3C3F107023A44C2F3CF02DA80BA8046
S214034BE04EB3B34227D37288002A08BF1E46B8F1D5
S214034BF0000F06D0434504D8B8F80220002A18BF91
S214034C0043460098C4E9056308F029FD002079E7C8
S214034C104FB115F8087C724427F0020705F8087CA4
S214034C2000279F809CE763469AE70F46BBE700276B
S214034C30BFE7DF80D4E71E46D9E7222062E710B538
S214034C400446D6F7AFFA2146BDE81040FFF743BF48
S214034C50FFF7F5BF0846FFF732BF0846FFF7F8BF72
S214034C600023036043607047F0B5D0E90554561C33
S214034C7008BF0822002B4FF0000008BF2C46DDF8C3
S214034C8018C0CCF80000002C37D09DF81470658847
S214034C90FF0007EBC505C2F1000E2078C00708D554
S214034CA01BBBE088A0B104EBC004658807EBC50511
S214034CB0F3E78D42F4D363B904F10806B6FBF2F0CA
S214034CC002FB106670180EB1A842EAD8CCF8004072
S214034CD0F0BD082A0FD06088013004EBC000461AE6
S214034CE006EA0E06801B8542F0D2A0880028EFD085
S214034CF0A4EBC004D9E70846E8E72046E8E70346FE
S214034D000069C0B10AB951B91A6810460378DB07BF
S214034D1011D531B9C3885BB100EBC300F6E79A69D6
S214034D20F3E7012904D1838823B1A0EBC300EDE7A1
S214034D3000207047184670472DE9F041D0E9055426
S214034D40074688461646ABB1954200D00ABB424694
S214034D5000213846FFF7D3FFB442054600D02EB9EC
S214034D60424601213846FFF7CAFF0446C7E9055401
S214034D70BDE8F081954208D08D4228BF0D46B44267
S214034D8005D0444538BF4446F0E70D46F7E74446AA
S214034D90ECE79442EAD1E3E770B500261C46C3E984
S214034DA00001C3E90266C3E905001E611A775E6265
S214034DB0FFF756FF23690139C90801334180236190
S214034DC0A36830460833A360E3680833E36070BD26
S214034DD0002307B5684600938DF80430D4F74CFBE0
S214034DE003B05DF804FB10B508F031FC044606F08A
S214034DF091FD2046BDE8104008F024BC70474FF4F0
S214034E00C870D6F72FBAD6F7E1BA00F01CB87047C9
S214034E10704708B503F0D0F903F0D8F903F0DFF9CB
S214034E2003F0EEF9BDE8084003F0FDB9704708B596
S214034E3003F0BDF903F0BCF903F0BBF903F0BBF9CB
S214034E40FFF7F4FF08BD08B503F0EEF903F0EDF93C
S214034E5003F0EDF9BDE8084003F0F0B97047012010
S214034E6070472DE9F34112F001050446884622D126
S214034E7010F0030525D12F465208BA4209D1D4F7BC
S214034E809BFB0026B74204EB860008D1D4F7A0FBB1
S214034E9011E054F8273001330CD10137EDE7042233
S214034EA058F826300DEB0201019308F0E5FE30B109
S214034EB0D4F78EFB3D25284602B0BDE8F0810136C7
S214034EC0E0E70125F7E77047B0F1006F0FD300F076
S214034ED07843B3F1006F0CD000F06040B0F1404F60
S214034EE009D0B0F1604F14BF0420032070470020A0
S214034EF070470120704702207047002070471AB1A0
S214034F0011B180B2D6F7D6BC2120704701F0E9BEB6
S214034F10DFF714BAFFF78DBCD0E9023253F822301C
S214034F2000211878DEF7F8BE704702F02ABA01F0BF
S214034F306ABEC3688268013BDBB252F823305B78F3
S214034F40652B02D10020E1F71DB96E2B01D101209C
S214034F50F9E7662B01D10220F5E7704710B5D0E9D3
S214034F600232044653F82230187802F0F4FAE36863
S214034F70A268013352F82330BDE81040187802F0D7
S214034F80E8BA10B50446C0B2D7F762FE200ABDE8F9
S214034F901040D7F75DBED0E9023253F822301878B6
S214034FA0D7F75EBF02F087BADFF7EABD08B501F0B0
S214034FB04BFFBDE80840E0F7D3BFD0E9023253F811
S214034FC02230186801F03EBF0020E1F7CFB8012079
S214034FD0E1F7CCB80221D7F7D9BE0321D7F7D6BE5F
S214034FE00521D7F7D3BE08B501460C20D7F7AAFE8E
S214034FF0BDE80840D7F738BE08B501460020D7F706
S214035000A1FEBDE80840D7F72FBE07B5C268836880
S214035010043253F8223001211B880DF10602ADF845
S21403502006300023D8F736FC03B05DF804FB08B55A
S21403503008F019FCBDE80840EDF7ACBB10B5144604
S214035040D8F744FF2146BDE8104008F007B908B575
S214035050D8F73CFFBDE80840002108F0FFB808B5C4
S214035060D8F734FFBDE80840ECF7AABE7047704790
S21403507008B508F0F8FBFFF7FAFF03F039F9BDE8C7
S2140350800840D8F76FBF704701207047012070476C
S21403509008B5D9F703F800280CBF0420012008BD83
S2140350A070472DE9F34104460D4616461F46DDF8C4
S2140350B0208008F070FC3B46324629462046CDF851
S2140350C0008003F016F93B46324629462046CDF8C3
S2140350D00080FFF7E5FF02B0BDE8F04101F001BE36
S2140350E02DE9FF4704460D4616461F46BDF8308099
S2140350F09DF83490DDF838A008F04DFC3B46324668
S21403510029462046CDE9019ACDF8008001F095F8AE
S21403511004B0BDE8F04701F0E4BDF8B504460D461B
S21403512016461F4608F037FC3B46324629462046BD
S214035130DEF72CFB044601F0D4FD2046F8BD70478D
S2140351402DE9F34104460D4616461F46BDF820805A
S21403515008F021FC3B46324629462046CDF800801F
S21403516003F0CAF833464246294620460097FFF71F
S214035170E6FF02B0BDE8F04101F0B3BD704708B5E5
S21403518008F009FC03F0B9F8FFF7F8FFBDE808409C
S21403519001F0A7BD012070472DE9F74304460D46ED
S2140351A016461F469DF8289008F0F5FB3B46324608
S2140351B029462046CDF80090FFF7ECFF80463B4695
S2140351C0324629462046CDF8009003F097F801F0C2
S2140351D088FD404603B0BDE8F083012070472DE903
S2140351E0F74304460D4616461F469DF8289008F0DA
S2140351F0D2FB3B46324629462046CDF80090FFF7C1
S214035200ECFF80463B46324629462046CDF80090C2
S21403521003F075F801F065FD404603B0BDE8F08382
S214035220F8B504460D4616461F4608F0B4FB3B4643
S21403523032462946204603F063F8BDE8F84001F0FD
S21403524050BD00207047F8B504460D46164608F0D4
S214035250A2FB324629462046FFF7F3FF07463246AF
S2140352602946204603F04DF801F03BFD3846F8BDCD
S21403527038B504460D4608F08EFB2946204603F053
S21403528041F8BDE8384001F02CBD704710B5044620
S21403529008F081FB204603F036F82046FFF7F5FFBB
S2140352A0BDE8104001F01DBD704738B504460D46F5
S2140352B008F071FB2946204603F034F829462046B9
S2140352C0FFF7F2FFBDE8384001F00BBD704770B53D
S2140352D004460D46164608F05EFB3246294620462F
S2140352E003F022F8324629462046FFF7EFFFBDE8D3
S2140352F0704001F0F6BC704738B504460D4608F01A
S2140353004AFB2946204603F011F829462046FFF7B4
S214035310F2FFBDE8384001F0E4BC70472DE9F341E5
S21403532004460D4616461F469DF8208008F033FBBC
S2140353303B46324629462046CDF8008002F0F8FF69
S2140353403B46324629462046CDF80080FFF7E5FF68
S21403535002B0BDE8F04101F0C4BC704738B505465D
S21403536008F019FB284600F035FF04460146284698
S21403537002F005F801F0B5FC204638BD38B5044602
S2140353800D4602F0D6FF29462046FFF7E6FF38BD56
S214035390704738B5054608F0FEFA2846DEF77AFF6A
S2140353A004460146284601F0E8FF01F09AFC204631
S2140353B038BD38B504460D4602F0BCFF29462046E4
S2140353C0FFF7E6FF38BD704710B5044608F0E3FA6A
S2140353D0204602F0B0FF2046FFF7F5FFBDE8104079
S2140353E001F07FBC704738B504460D4608F0D3FA83
S2140353F02946204602F0A0FF29462046FFF7F2FF83
S214035400BDE8384001F06DBC704770B504460D46E4
S214035410164608F0C0FA32462946204602F08DFFAB
S214035420324629462046FFF7EFFFBDE8704001F0FD
S21403543058BC704738B504460D4608F0ACFA294602
S214035440204602F07BFF29462046FFF7F2FFBDE821
S214035450384001F046BC704738B504460D4608F0A0
S2140354609AFA2946204602F06AFF29462046FFF7A5
S214035470F2FFBDE8384001F034BC704710B504466F
S21403548008F089FA204602F05BFF2046FFF7F5FF97
S214035490BDE8104001F025BC704710B5044608F07F
S2140354A07AFA204602F04DFF2046FFF7F5FFBDE8E7
S2140354B0104001F016BC7047704770B504460D46A1
S2140354C0164608F068FA32462946204602F03CFFA4
S2140354D0324629462046FFF7EFFFBDE8704001F04D
S2140354E000BC704710B5044608F055FA204602F093
S2140354F02CFF2046FFF7F5FFBDE8104001F0F1BB97
S214035500704738B504460D4608F045FA2946204646
S21403551002F01CFF29462046FFF7F2FFBDE838409D
S21403552001F0DFBB7047F8B504460D4616461F4626
S21403553008F031FA3B4632462946204602F008FF79
S2140355403B46324629462046FFF7ECFFBDE8F840C7
S21403555001F0C7BB704770B504460D46164608F003
S2140355601AFA32462946204602F0F3FE3246294608
S2140355702046FFF7EFFFBDE8704001F0B2BB70476F
S2140355802DE9F34104460D4616461F46DDF82080F6
S21403559008F001FA3B46324629462046CDF80080FD
S2140355A002F0D8FE3B46324629462046CDF8008018
S2140355B0FFF7E5FF02B0BDE8F04101F092BB0E2015
S2140355C070470E20704738B5044608F0E4F92046C5
S2140355D0FFF7F7FF0546204602F0BDFE2046FFF71D
S2140355E0EEFF01F07EFB284638BD704710B5044633
S2140355F008F0D1F9204602F0AFFE2046FFF7F5FF8C
S214035600BDE8104001F06DBB0020704700207047D6
S21403561038B5044608F0BFF92046FFF7F7FF0546FE
S214035620204602F09AFE2046FFF7EEFF01F059FBF4
S214035630284638BD704708B508F0ADF902F08EFE6F
S214035640FFF7F8FFBDE8084001F04BBB00207047AA
S2140356507047704708B5D8F7F3FD00280CBF042041
S214035660012008BD70470B68DA7B1AB9DB7C0BB9DF
S214035670D8F70ABE8120704708B5D8F71DFEBDE8E7
S2140356800840D8F727BE7047D8F716BED8F722BE0D
S214035690082808D84FF48B73C34013F0010F0CBFD0
S2140356A0212000207047212070470121D8F704BF2E
S2140356B00221D8F701BF0421D8F7FEBE0821D8F788
S2140356C0FBBE1021D8F7F8BE01207047D0E902329E
S2140356D053F822301878D9F79BB80868C37B1BB9F0
S2140356E0C37C0BB9D9F7C4B881207047D0E902321E
S2140356F053F822301878D9F7FDB8704730B5054609
S214035700044615F8100B85B0029565691D44CDE96E
S21403571000250B46A21D618801F091FE05B030BD41
S214035720704710B492F80A4192F8053103EB04234C
S2140357300B8100235DF8044B1A4601F07EBE1FB5AD
S2140357400446084671B12178FF290BD0238B0293B8
S21403575063690193237C00936288A31DDEF7B6FD7D
S214035760FF23237004B010BD0868C37B73B9C37CE2
S214035770032B0BD8DFE803F002080406D9F7BABBFD
S214035780D9F7EABBD9F71ABCD9F7C8BB812070474B
S2140357907047704700207047137810B5032B0CD161
S2140357A05479CBB29C4208D19379B3EB112F04D131
S2140357B053781B1A5842584110BD0020FCE77FB5AA
S2140357C005460E4600246946E0B201F0DEFD28B920
S2140357D06A4631462846FFF7DFFF18B90134202C06
S2140357E0F1D1002004B070BDFFF7E9BF0868C37BA2
S2140357F09BB9C37C052B10D8DFE803F0030D070B1A
S2140358000905D9F77FBCD9F7BBBED9F715BDD9F7BC
S21403581067BED9F7E5BDD9F7B7BC8120704700202E
S214035820704730B5102587B001AA00210195FEF711
S2140358300FFC04462A46002102A8E4F781F82A460C
S214035840214602A8E4F7CEF8012102A8DAF776F893
S21403585007B030BDDAF704B87047FFF7FDBF0B6833
S214035860DA7B5AB9DB7C012B04D0022B04D02BB98C
S214035870DAF788BCDAF792BCDAF79CBC812070476B
S214035880002307B5012101A80193D1F757F808B9FA
S214035890D0F790FE012003B05DF804FB08B502F0D4
S2140358A0C9FA052803D0003818BF012008BD022016
S2140358B0FCE77047D0E9023253F8223018780038F4
S2140358C018BF0120DBF7F6BFDBF7FABF00207047EF
S2140358D0002070477047FF207047FF207047002066
S2140358E070470020704700207047704706207047B7
S2140358F00868DBF779BF70B50D46044600212846D5
S214035900164601F0D3F9324620800221284601F0DC
S214035910CDF9324660800421284601F0C4F90023FD
S214035920A360E3606060082070BD034641B1814216
S2140359304FF0640005D94343B3FBF1F0C0B27047A0
S21403594008467047DBF7CABFDCF7EABCDCF7F2BDF4
S214035950B0F5807F05D0A0F500735842584140014A
S21403596070470820704730B599B00D46694614460F
S214035970DCF744FD30B915B1BDF802302B600CB12D
S2140359800D9B236019B030BD2DE9F04788B00E4655
S214035990904604A905AA07461D46FFF7E4FF0446FA
S2140359A038BB28800DF10C09DDE904A39A4520D203
S2140359B0062251463846CDF8009006ABDCF73AFD92
S2140359C0D8B9039B062B18D12A88DDF81A3042452E
S2140359D00ED2BDF8181026F832102A8806EBC2023B
S2140359E053602A885344013206332A800493DBE744
S2140359F0F7D9204608B0BDE8F0870124F9E72DE97A
S214035A00F0438FB00F46904601A9002204469946FC
S214035A10FFF7A9FF18B101200FB0BDE8F0830622F7
S214035A2020460DF1020302A9FFF7AEFF0028F2D1CC
S214035A3005460246BDF80210019CEEB28E42EAD23B
S214035A400EAB03EBC60656F82C3C36F8306C063421
S214035A50BE4217BFE418012213460022013522B1C5
S214035A60C8F80040C9F80030D6E71A46E5E770B52F
S214035A700024012602F0B8F9E5B2C26806FA05F575
S214035A809542234604F10104F4D3D8B270BD70B531
S214035A9086B0DCF711FB00F11006E1F7DBFD00240E
S214035AA00546142201A9301902F0A5F91CB99DF880
S214035AB00430FF2B16D0002303F118026A4412F8B1
S214035AC0142CFF2A06D11C44601E90FBF5F080B20E
S214035AD006B070BD2B44DBB2132BEDD91434B4F5EA
S214035AE0826FDED14FF0FF30F2E7DCF7E1B907B59E
S214035AF004220DEB020102F07EF9019803B05DF873
S214035B0004FB37B5054608460C46FFF7F0FFA842E8
S214035B1006D0042220460DEB02010195E1F7ECFDC9
S214035B2003B030BD70B5054604680E46DCF718FAB8
S214035B302B6804F54B24834204F5416408D232688B
S214035B401A44824207D9C31A012033602C6070BD01
S214035B5003F5E0231C1A0020F8E72DE9F04FB3F510
S214035B60803F83460F46984685B003D3002005B092
S214035B70BDE8F08F01A902A8CDE90132FFF7D2FFF5
S214035B800024814600F1010A5FFA8AFADDE901562C
S214035B90AAB2BBF1000F10D030460E9902F02BF9D3
S214035BA00028E3D1BAF1020F2DD14FF4E02302937C
S214035BB0BBF1000F21D12F4422E039463046E1F7EE
S214035BC09BFD0028D2D1B9F1000FEBD08CB9E1F7D9
S214035BD041FD2E44B6FBF0F303FB106048B1E1F73A
S214035BE039FD03A9024630460394E1F785FD0028F4
S214035BF0BCD14FF4E0230293DDE70E9B2B440E93B8
S214035C00A8EB05050195631C53454FF00104BDD36E
S214035C102046ACE707B50B4600920021024601205A
S214035C20FFF79BFF03B05DF804FB08B50121DCF723
S214035C3009F9BDE80840E1F70BBF4FF4B7207047FA
S214035C404FF0FF3070474FF4E02070474FF44C207E
S214035C507047DCF765BB08B5FFF7E7FF002008BD14
S214035C6008B513460A4601461846DCF7C1F980F024
S214035C700100C0B208BD00207047704708B1DCF7CA
S214035C806FBC704730B4DDE902451DB1029430BCE9
S214035C9000F0C6B930BC70471F2804D8142200F59C
S214035CA0A030D5F7D1BE70471F2804D8142200F5BC
S214035CB0A030D5F7F5BE7047152808B505D1FFF710
S214035CC0DCFFBDE80840DCF791BD08BD10B5142421
S214035CD086B02246002101A8E3F732FE202322469F
S214035CE001A94FF4A03001F06EFC06B010BD0020F1
S214035CF0704713B500230C461A460146CDE9003318
S214035D00E0B2DDF737FB02B010BD13B5002314462F
S214035D10019001220093E0B2DDF72CFB02B010BD28
S214035D20D0E9023253F822301868DDF79BBC1944D9
S214035D3091420ADC4218002003B9704712F8011D8D
S214035D40013B01EB0020DBB2F6E7002070472DE9AC
S214035D50F04F4FF0000A85B0019381460F46154673
S214035D605346019A11785FFA8AF2914203D80020CB
S214035D7005B0BDE8F08F019909EB050801EB420277
S214035D80517892F802B011F04004009101F03F06FA
S214035D901BD0AC19BC42D4BF002401243346640094
S214035DA0A20740F18880009B1B0640F192800E9B61
S214035DB0324603EB0B000021E3F7C2FD3D4600230A
S214035DC01D44ADB20AF1010ACBE7042E07D866B12B
S214035DD0B31E022B0BD8DFE803F0122130003E2E51
S214035DE037D03F2E5BD03D2E4BD00320C0E7BD42BD
S214035DF034BF00240124012664003346D0E7AB1CDD
S214035E00BB4250DC02233A4629464846FFF78FFF3B
S214035E10ADF80A0002230DF10A08C1E7EB1CBB42EA
S214035E2043DC03233A4629464846FFF780FF0390A0
S214035E30042603230DF10C08B2E72B1DBB4236DC08
S214035E4004233A4629464846FFF771FF0390042386
S214035E50F0E77A1E95422CDA02233A46294648464C
S214035E60FFF765FF4FF6FF7380B298420EBF02231B
S214035E70023083B25C19A742B4BF0324012404266C
S214035E808EE7BD4215D298F80030FF2B0CBF0123D6
S214035E900133EC18BC42CCBF03240124EFE70124F2
S214035EA0042600237CE73446B4E70224C0E7022432
S214035EB0CDE70324E3E70E9A02EB0B0014B142F896
S214035EC00B807DE7324641460093E3F7C9FE009B0D
S214035ED076E702204CE710B5144686B018811A46BA
S214035EE00A9B0291CDE9034301230193099B0146D3
S214035EF000930320BDF82030DDF7D2FC06B010BDBA
S214035F001FB500240294079C0194BDF81840009422
S214035F10FFF7E1FF04B010BD2DE9F0410E4617462A
S214035F20054686B098B391B38AB34FF0000802A92A
S214035F305FFA88F001F029FA044640B99DF8083064
S214035F40032B08D008F10108B8F1200FEFD1204643
S214035F5006B0BDE8F0819DF809202B799A42F1D16D
S214035F60BDF80A206B889A42ECD19DF80C30BDF838
S214035F700D006B7128812B4622464FF6FF71CDE943
S214035F800067FFF7BDFF0028DCD00446DFE72124C7
S214035F90DDE710B586B00A9C04949DF8244003946C
S214035FA0BDF8204002940124CDE9003413460A4686
S214035FB001460620DDF774FC06B010BD1FB5044687
S214035FC00846194600230094CDE90123079BBDF834
S214035FD01820FFF7DEFF04B010BDF0B50228054613
S214035FE00E4614461F468BB00AD106A9F0B201F03E
S214035FF0CCF998B99DF8193023719DF81C3063715C
S214036000119B224604930023CDE902330193109B90
S2140360103146009328463B46DDF742FC0BB0F0BD05
S21403602013B500240194049C0094FFF7D6FF02B036
S21403603010BD2DE9F0450646884614469A460027C5
S21403604001258BB006A9F8B201F09FF920BB9DF895
S2140360501830012B19D19DF8192033799A4214D19F
S214036060BDF81A2073889A420FD19DF81C30324629
S2140360707371B9B2CDE9030ACDE9010043460220A4
S2140360800094DDF70DFC054610B90137202FD9D152
S21403609028460BB0BDE8F0850546F9E70023FFF771
S2140360A0C8BF10B50446DEF73DF90021631E04F1B0
S2140360B00F0213F8010FFF2808BF19709342F8D197
S2140360C00023237410BD00207047704721207047BB
S2140360D021207047212070471FB50B466A460146AC
S2140360E0184601F048F96A460823002032F8021BD6
S2140360F0013B13F0FF0380EA0100F7D1012838BF04
S214036100012080B205B05DF804FB2DE9F04F87B09F
S214036110DDE9109B05468846484619461F46144641
S214036120BDF848609DF84CA0FFF7D6FF042D034644
S214036130ABF800001AD8022D1DD9042D07D04FF254
S214036140F222A188914222D1E28891071FD5E17AF3
S2140361500022CDE9013720463346CDE90392CDF838
S21403616000A001F05DF907B0BDE8F08F6A1F012AB1
S21403617011D92120F7E700224146CDE9119228469E
S2140361802246109707B0BDE8F04F01F058B94FF616
S214036190FF760C21DCE7052D0ED10023E17A0022E1
S2140361A0CDE90137CDE90392009123465246414695
S2140361B0304601F028F9D6E74FF2F222A188914241
S2140361C004D1E288920701D5E17AE8E74FF6FF7635
S2140361D00C21E4E7F0B585B00546DDF773FC48B15E
S2140361E06B88B3F5006F05D1681D05B0BDE8F040B8
S2140361F000F0F4BC284600F00AFD0446C8B9E7B22E
S2140362006946384601F0C1F878B99DF8006066B96A
S2140362102946384601F0BDF820B140F604439842BB
S21403622007D08C26304605B0F0BD0134202CE6D1CD
S214036230F7E78D26F6E7DDF72BBE2DE9FF47044685
S2140362400D460146184617461E46BDF830809DF893
S2140362503490DDF838A0D8F78DFCD0B9214628460F
S21403626001F03DF933463A4629462046CDE9019AE0
S214036270CDF80080DDF7B0FE33463A462946204681
S214036280CDE90D9ACDF8308004B0BDE8F04702F0B2
S21403629032B804B0BDE8F087DDF7ACBFDDF764BF06
S2140362A0DDF788BF10B5044601F025F9082201463C
S2140362B02046BDE81040E3F795BB01F01EB9002168
S2140362C001F01BB901F02DB900207047202070475C
S2140362D0EBF720BAEBF76ABAEDF70CBF7047DEF7B9
S2140362E0D5B870B506460C46154600F04CF850B1C6
S2140362F03CB135B1204600F0DFFC013080B2A84245
S21403630000D9002070BD304600F043F840B1002CA1
S214036310F7D0012DF5D9204600F0D3FC0230EDE787
S2140363203046DEF713F8EAE7F8B5BDF8185010B3B1
S214036330967855B9D478A6F14107012F07D8621E7F
S214036340D2B200F0D8FD0020F8BD2C46F3E7433E5A
S214036350012E04D8A21E92B200F0E5FDF3E7D27830
S21403636013B90DB1AA4206D811B9E3F7E9FAEAE779
S214036370E3F738FBE7E78920E6E7413803288CBFD5
S214036380002001207047413801288CBF00200120DF
S2140363907047433801288CBF002001207047002037
S2140363A07047002070470388B3F57C4F01D3FFF78F
S2140363B0F8BF0846FFF7F3BF10B54A880488A24221
S2140363C00DD1037B0C79234009D0B2F57C4F08D35B
S2140363D0FFF7E7FF0B891B1A5842584110BD0020F0
S2140363E0FCE70120FAE738B50D88D488A5420AD120
S2140363F00388B3F57C4F08D2FFF7D5FF13891B1A22
S2140364005842584138BD0020FCE70120FAE72DE941
S214036410F04715460446B8B149B1EAB100264FF035
S214036420140AB04690F80490F3B2994501D80024B4
S2140364300AE027680AFB06773846FFF7BDFF0136F2
S21403644028B13C46A5F800802046BDE8F0877B8946
S21403645043441FFA83F8E7E71446F5E72DE9F047C8
S2140364600E4615460446B8B149B112B300274FF09D
S2140364700C0AB846B0F80890BBB2994501D8002478
S2140364800AE06368324620460AFB0731FFF7ABFF94
S21403649028B10C46A5F800802046BDE8F0870B79A6
S2140364A0013713F0300F02BFCB7843441FFA83F84B
S2140364B0E2E71446F0E72DE9F04186B00D461446B0
S2140364C0984604AA05AB03A90646DEF715F840B3BB
S2140364D00DB1049B2B6034B3049D03982946FFF744
S2140364E062FF2B88074602467188307800F055FB1A
S2140364F0D8B1297911F010030BD0EB782A46CDE9F1
S21403650000433B4671883078FCF7B5FC06B0BDE81F
S214036510F0812A4620460599CDF80080FFF704FF50
S214036520F4E78620F2E72046F0E77E20EEE71FB585
S2140365301C460023ADF80A20BDF818208DF8040089
S214036540ADF80610ADF80C2069461A4601A800936C
S2140365508DF80840FFF7AFFF009804B010BDF0B504
S21403656087B00E4605AB04AA03A90446DDF7C4FFAD
S21403657008B3049D03982946FFF715FF2B880746A3
S21403658002466188207800F00AFBB0B1297911F041
S214036590100108D000963B462A4661882078CFF73C
S2140365A0D5FA07B0F0BD009101232A463146059877
S2140365B0FFF7BAFEF5E78620F3E77E20F1E72DE93D
S2140365C0F041064600254FF014080779E8B28742E3
S2140365D001D800241AE008FB05F0D6F800C00CEB3F
S2140365E000043CF8000081421AD132B1802A10D14F
S2140365F094F90CC0BCF1000F12DAB0F57C4F05D34A
S2140366002046FFF7CEFE834200D04BB92046BDE8B6
S214036610F081402A04D194F80CC01CF0400FECD152
S2140366200135D3E70121DDF7A3BE08B513460022E3
S214036630DDF7CCFF003818BF012008BD08B51346A8
S2140366404022DDF7C3FF003818BF012008BD08B598
S21403665013468022DDF7BAFF003818BF012008BDB5
S21403666008B540220023DDF7B1FF003818BF01202C
S21403667008BD08B580220023DDF7A8FF003818BF41
S214036680012008BD0023DDF7A1BF0021DEF70EB809
S21403669010B504460121DEF709F82046BDE8104090
S2140366A001F05DBE7047F8B516461F469DF81820E4
S2140366B0BDF81C300546DDF789FF78B10421DEF707
S2140366C073F8044650B1284600F017FB3A463146A5
S2140366D02846A047BDE8F84000F003BBF8BD2DE907
S2140366E0F74F1E46DDE90C9B074688461446BDF861
S2140366F038302AB3B9F1000F22D00EB392F804A0B3
S21403670099F80020504612F0080F0CBF8022402252
S2140367106188DDF75BFF98B10821DEF745F805468B
S21403672070B1504600F0E9FA3346224641463846F1
S214036730CDE9009BA84703B0BDE8F04F00F0D1BAFF
S21403674003B0BDE8F08FF8B5BDF8187016461A46C4
S2140367503B460446DDF73AFFE0B177B90221DEF7A0
S21403676023F80546B0B1204600F0C7FA3146204666
S214036770A847BDE8F84000F0B4BA1021DEF714F8D5
S214036780054638B1204600F0B8FA3A463146204668
S214036790A847EEE7F8BD73B5BDF8184016461A4687
S2140367A023460546DDF712FFB8B1C4B92021DDF74D
S2140367B0FBFF044670B1284600F09FFA099B31465A
S2140367C0009328469DF820309DF81C20A0470446D9
S2140367D000F087FA204602B070BD8624FAE700244C
S2140367E0F8E72DE9F04186680446007800F085FA5C
S2140367F0002514273279EBB29A4203D8BDE8F0415C
S21403680000F06FBA7B4332682078D15A02EB030854
S21403681000F0C7F901214046DDF7C6FF034608B17D
S214036820207898470135E5E74FF6FF70704701205B
S21403683070472DE9F04F1C4689B09DF84C30BDF8E3
S214036840488001939DF85030924602932246434671
S21403685007460D46DDF7BAFE8DF814700646ADF80A
S21403686016508DF81840ADF81AA0ADF81C8018B96C
S214036870012009B0BDE8F08F05A9FFF79DFD0028AC
S214036880F6D000252F46A8462C4634E00C231FFAE4
S21403689085F903FB09F931887368B1F57C4F33F842
S2140368A0092003EB090B1AD333F8090050452CD300
S2140368B0019BA3422DD900F0BCF99BF80200DEF73A
S2140368C0A1FB029B43B19BF8043013F0010F0CBFEE
S2140368D005200720DEF796FB0134A4B219E0ADF8D5
S2140368E01A205946304605AA0393FFF77CFD039BFF
S2140368F00028D9D101353289ABB29A42C6D804EB07
S2140369000800C31B58425841B3E708F101081FFAB1
S21403691088F80137BFB2EDE710B5012488B00694B6
S2140369209DF83C4005949DF8384004949DF8344007
S21403693003949DF8304002940B9C0194BDF82840C4
S2140369400094DDF7F7FF08B010BD2DE9F04786B0D9
S214036950BDF83880DDF83C909DF840A0CDF8008067
S214036960CDE9019A04460D4616461F4600F013F974
S214036970B8B1431EDBB2012B10D800230122811EBF
S21403698048424841CDE90432CDE902A03B463246AF
S21403699029462046CDE90089FFF7BEFF06B0BDE8CD
S2140369A0F0870120FAE730B50024012587B0CDE94A
S2140369B0044503959DF82C5002950A9DCDE90045A4
S2140369C0FFF7AAFF07B030BD30B50024012587B016
S2140369D0CDE9044503959DF828500094CDE901358B
S2140369E04023FFF799FF07B030BD10B5012486B0EA
S2140369F0CDE90444002403949DF828400294099C9E
S214036A000194BDF820400094FFF786FF06B010BD42
S214036A101FB5089C03949DF81C400294069C0194A1
S214036A2000240094DEF782F804B010BD70472DE909
S214036A30F84F0229074688460C9D04D84FF0000AF3
S214036A405046BDE8F88F1BB10429F7D942F004027B
S214036A503A702BB303247B701B0ABB70DFF77CFBF7
S214036A604FF000099DF82830385504F1020A013426
S214036A703B550B9A5FFA89F3D45C002CE0D0732C59
S214036A8010D82E464C2C56F804BB3DD0532C15D0AC
S214036A90622C45D1AC8805F1080600231A4616E099
S214036AA00124DBE7A4F17503032BC7D8763C2E1D20
S214036AB0022C52D8DFE804F0565A58006A6805F1EB
S214036AC0080694B2D2B2B2F1FF0318BF01230AEB51
S214036AD0040119448845B1DB50461946002947D1BD
S214036AE053441FFA83FA5CB1BBF1000FA6D02246CB
S214036AF007EB0A005946E3F7B3F854441FFA84FA3F
S214036B00354609F10109B4E74FF6FF736A6805F1E4
S214036B10080694B222469C4214BF02230023D6E7FB
S214036B206C2C05D1584600F0CCF8841CA4B2B4E70C
S214036B30732C04D1584600F0BFF8441CF6E7A4F1C2
S214036B403003DAB2092A01D89CB2A6E7A4F14103BE
S214036B50062B3FF673AF373CE8E7012300242A6889
S214036B60A346B4E70223F9E70323F7E70423F5E78D
S214036B7000F1010C01393A54C9B2120A1FFA8CF01B
S214036B80ACE70020DEF7C6B90022DEF7E3B9002340
S214036B90DEF7F6B9704701207047012070470120E1
S214036BA070477047002070470020704700207047EA
S214036BB000207047002070470020704770470E2063
S214036BC07047002070470020704700207047002061
S214036BD070477047FF2070470E2070478420704729
S214036BE070477047002070470020704700207047AA
S214036BF00020704700207047002070470020704731
S214036C000020704770470E20704700207047002012
S214036C10704770470020704770477047704770474B
S214036C200E207047704700207047812070477047DA
S214036C30704738B50546C0B2DEF7E4F90446280ABD
S214036C40DEF7E0F914B1002808BF0024204638BD5B
S214036C50F8B50546C0B2DEF7D5F90446C5F30720F6
S214036C60DEF7D0F90746C5F30740DEF7CBF906464D
S214036C70280EDEF7C7F924B12FB136B1002808BFB6
S214036C8000242046F8BD3C46FBE73446F9E710B43B
S214036C90CC18944203DC5DF8044BFFF748B8002099
S214036CA05DF8044B70470423FFF7F1BF08B50223D2
S214036CB0FFF7EDFF80B208BD0078FF2808BF00206D
S214036CC0704708B502220021FFF7F0FF4FF6FF7367
S214036CD0984208BF002008BD003818BF01204000B6
S214036CE070470020704708B5FFF79CFCFF284FF05D
S214036CF0FF3018BF0020C0B208BD08B5FFF7F3FF8A
S214036D00FF280CBF2120002008BDF8B506460C4618
S214036D1015461F4600F011F810B12544AC4200D1C9
S214036D20F8BD3946304614F8012BDEF75DFAF5E771
S214036D30014600220220DEF7E7B90120704737B587
S214036D400546DCF78BFD044601950CB981201CE053
S214036D50237823B12046DCF789FD0446F5E72B6844
S214036D6062685B889A42F5D1A368EA7B99B272B1EE
S214036D702A8A9142EED16A7DB2EB134FEAD1002004
S214036D80E36801A998478128E4D003B030BD4FF6E5
S214036D90FF72EEE72DE9F84304460F469046994600
S214036DA00BB3012A1FD80C20E2F7D0FF064610B912
S214036DB01920BDE8F8831020E2F7C8FF18B930465B
S214036DC0E2F7CCFFF4E70123002547EA08477060A3
S214036DD00570C0F80C904460876033803046DCF75B
S214036DE035FD2846E5E72120E3E738B50446436842
S214036DF008460D469847B4F90830002B02DB2B787B
S214036E00042B06D1002320466360BDE83840DEF736
S214036E107DBD38BD30B54FF48A5587B0ADF8162022
S214036E200DF116041A46029543B100230122CDE95B
S214036E300033234600F01EFA07B030BD0194012448
S214036E400094F7E7FFF7EBBEFFF7BBBE00207047E3
S214036E5008B500F014FB20B900F05BFB08B9DBF7BC
S214036E6093FEFFF7CFFEBDE80840FFF7DBBE00202A
S214036E70DFF7B4B90021DFF751BA0022DFF710BA03
S214036E801FB5D2880B4612F0200F4FF6FD7114BFC4
S214036E9049245224ADF80610510544BF083CE4B219
S214036EA0110544BF083CE4B2120444BF023CE4B2FA
S214036EB0032805D8DFE800F0020F161CADF80630ED
S214036EC0BDF80600FFF786FEFF281CBF241AE4B2AF
S214036ED0204604B010BD02AA0DF10601D8B200F098
S214036EE08CFAEDE7D8B200F052FAADF80600E7E701
S214036EF0013CE4B2E4E7F8B5064617460D4681B111
S214036F000C78FF2C0BD00846FFF7D6FEB84228BFF6
S214036F103846C4B22246691C701CE2F763FD34701F
S214036F20F8BD0C46FBE770B5044615460E4611B988
S214036F304170017070BD0B78FF2B05D14B78FF2B8A
S214036F4002D103704370F5E73046FFF7BAFEA84256
S214036F5028BF284685B22A46B11CA01CE2F742FD8C
S214036F6025702D0A6570E5E7F0B523B9013A531C81
S214036F702FD1002020E0042AFBD800231C46551EF0
S214036F806E1C1AD1042A10D00121D200501E01FA19
S214036F9000F020421EBF914049420C4318421EBFD8
S214036FA04FF0FF3101FA02F213439C421EDCB4BFDA
S214036FB04FF0FF30002040B2F0BD40B1465DEF0019
S214036FC0BE4034434E5D013DBE403343D8E70646DC
S214036FD0F5E78C5C38B90346A34202F1FF32C6D20A
S214036FE04FF0FF30E8E7835CA342F5D90120E3E7DF
S214036FF0283807288CBF0020012070471D2810D092
S21403700004D840B11C2804D0552070471E380128E8
S214037010FAD81A2901E00B390F298CBF5520002016
S21403702070470829F9E7002000217047F7B59DF857
S21403703020400546082C104619469DF8246036D88D
S214037040002213462C44AC4208D106F0FD04382C2B
S2140370500ED10096FFF7E7FF03B0F0BD14F8017DED
S2140370601B0243EA12631202BA1843F10003EAE76B
S214037070392E10D107EE100A07EE902AB4EEE77AFF
S214037080F1EE10FACCBF77EE677A77EEC77A002177
S21403709017EE900AE0E7824273EB010403D2801AEC
S2140370A061EB0301D8E7101A63EB0101D4E7002074
S2140370B00146D1E738B5C36814461944836853F8C4
S2140370C021501AB12846E2F737FB2070284638BD10
S2140370D02DE9F3411C4616460DF107029DF8205094
S2140370E0FFF7E8FF9DF807308046A34288BF8DF878
S2140370F007409DF807700DB1E41BE5B22A46002150
S2140371003046E2F71DFC3A4641467019E2F76AFC40
S214037110384602B0BDE8F0812DE9F3411D46164618
S21403712001AA9DF82040FCF793FF019B80469D42F1
S21403713038BF0195019F04B1EC1B2246002130465F
S214037140E2F7FEFB3A4641463019E2F74BFCF8B24B
S21403715002B0BDE8F08173B50024154601AA1E46A9
S2140371600194FCF775FF019B072B0AD92146CCB285
S21403717016B1C4F10704E4B2425C013108292A556A
S214037180F5D1D8B202B070BD1FB5030A8DF80E3024
S2140371900323009303AB8DF80D0000F0BBF805B096
S2140371A05DF804FB1FB58DF80F100421030A8DF854
S2140371B00E30009103AB8DF80D0000F0ABF805B070
S2140371C05DF804FBF0B589B016689DF83C50CDF821
S2140371D009608DF811305668BDF83830012D109FC0
S2140371E0BDF84440CDF80D60ADF812308DF814505C
S2140371F014D0032D19D13B68CDF815307B68CDF834
S21403720019309DF848308DF81D3016230093BDF8CD
S2140372104C2002AB00F07EF809B0F0BD8DF81540A7
S214037220240A0F238DF81640F0E70120F4E71FB574
S2140372300446084611461A4602238DF80D1000939D
S214037240214603AB00F066F804B010BD10B5144633
S2140372501A460B6886B0CDF80D304B683421CDF84E
S21403726011300A23009303AB8DF8154000F052F853
S21403727006B010BD2DE9F041B6B014461D460646CD
S2140372800F469DF8F080DFF76DFA03AA8DF80C0021
S2140372901046330A8DF80F703F0A8DF80E308DF8BE
S2140372A00D602B468DF810708DF8114005EB4405E4
S2140372B0AB4202F102021FD16200D2B2931DDBB2CF
S2140372C03D99D8336B44073203F8CC8C01EB480561
S2140372D0D3B250FA82F2A94202F1020212D103EBB0
S2140372E04803009006213046BDF8F820DBB2DFF7EE
S2140372F043FA36B0BDE8F08133F8021B1171090A70
S2140373005171D5E731F8024B02F8024C240A02F811
S214037310014CE0E72DE9F0411C4605460E461746AC
S2140373209DF81880DFF71EFA207043463A4631462A
S21403733028460694BDE8F041DFF71EBA00207047E2
S2140373407047D3F7EBBE08B5E9F7E2FC002840F632
S214037350124018BF002008BD70477047704770473B
S214037360704770477047002070477047704700208B
S21403737070477047704702F066BFFEF71AB8FDF70E
S214037380FDBF03F0D7BAF5F721BD03F0C4BAF5F78E
S214037390DBBCF5F743BDF5F7FDBCFEF7DCB8FEF73F
S2140373A0C2B810B49DF8044001945DF8044BFDF791
S2140373B0B5BFFEF709B8FEF716B8F1F7C5BBF1F788
S2140373C0C9BBEEF735BFEEF739BFEAF7BDBDFEF72B
S2140373D055B8FEF71AB8FDF764BEFEF73DB8FEF7DC
S2140373E029B830B4BDF808409DF80C50CDE90245E5
S2140373F030BCFDF775BEFDF713BFF5F781BEDFF7AB
S2140374000BBAF5F747BF70B49DF80C40BDF81050A3
S2140374109DF814600394CDE9045670BCF2F7AEBB36
S21403742070B49DF80C40BDF810509DF8146003949A
S214037430CDE9045670BCF2F7E1BBF2F7CBBC10B44F
S2140374409DF8044001945DF8044BF2F71BBC10B49E
S2140374509DF8044001945DF8044B01F0BABF01F0B7
S214037460BABFFDF722BFFDF732BFFEF7BFB8FDF781
S21403747043BFEDF7EFB9EEF747B9EEF719B9ECF7F7
S21403748013BE02F051BBEDF7CBBB02F0A7BBEDF783
S21403749057BDEDF7BBB8EEF73DB9EEF7B9B8EEF763
S2140374A0D5B8EBF77DBCFEF76BB8FEF706B8FEF76C
S2140374B019B8FEF726B800F036BC00F02FBCF4F778
S2140374C03FBCF2F78BB9F4F719BCF4F73FBDF2F7FC
S2140374D055B9EAF725BDF3F7DFBDFFF732BFFBF774
S2140374E0FDB8FEF7A8B8FDF7D1BEFDF7D6BF01F08D
S2140374F020BDDFF7EFB8EBF73BBAEAF7E5BD01F0DF
S214037500DCBF01F0B3BFEAF733BEEBF781B9EBF7A5
S214037510ABB9EAF7A1BDDFF7F9B8DFF70BB9DFF7C9
S214037520E3B8EAF741BDDFF7E9B8F6F747BD01F080
S2140375309BBF01F062BFEAF73DBDEBF703BAEAF77C
S21403754093BD10B4BDF8044001945DF8044BFDF7F9
S214037550F7BDDFF78BB9DFF77DB9F6F7CFBAF6F7E6
S21403756007BD03F0FABA03F000BBF6F73FBBF6F726
S2140375701FBD00F06DB900F0ABB900F0D3B900F051
S214037580B9BA00F029BB00F092BADFF787BE00F065
S214037590F0B900F01DBA00F030B810B51C4601F083
S2140375A0ECFD06F031FA0023C0F3402023704000C0
S2140375B010BD002208B50B461146FFF7EEFF023852
S2140375C018BF012008BD002070477047B1FA81F04C
S2140375D04009704701207047704770470020704786
S2140375E070470020704770470E2070470120704791
S2140375F07047012070470120704714220021E2F7EC
S2140376009FB9704770B505460C468AB025220021FF
S2140376100DF10300E2F794F96B68CDF81D30AB6803
S214037620CDF82130234601AC03F110062246186834
S2140376305968083303C2B3421446F7D101236A7B61
S2140376408DF8023012F0040F0CBF4FF480734FF422
S214037650A073110748BF43F48063ADF80030930767
S21403766048BFBDF80030684644BF43F00803ADF892
S2140376700030F1F78BFD0AB070BD30B5427B0D4686
S214037680D10704468BB007D5407801A9F1F7E8FD8A
S214037690D8B12D200BB030BD9307FAD5C2F38003C3
S2140376A010074FEA8313ADF8023044BF43F48063F8
S2140376B0ADF80230BDF80220201D0AB10DF102021A
S2140376C001A902F0DDFD0028E3D001AB03CB9DF852
S2140376D01430A1602373BDF810306060590642BFB2
S2140376E0627B42F0040262735A0542BF627B42F039
S2140376F0080262731B0742BF637B43F00203637394
S2140377002B4606AC0AAD224603CAAA421860596045
S214037710144603F10803F6D10020BBE7F0B5044690
S2140377200D4693B0252200210DF12300E2F708F958
S214037730636804F1040CCDF83D30A36809AECDF8B8
S21403774041302B4605F1100732461868596808334E
S21403775003C2BB421646F7D105238DF82230637B5E
S2140377605B0103F40073ADF820306378FF2B1AD166
S214037770002360461A4601A900F0D9F99DF80530A2
S214037780FF2B0DD1002301A91A46184600F0CFF9A6
S2140377909DF80530FF2B03D11C26304613B0F0BDF1
S2140377A09DF8053063700020617808AA00F0B4FAEB
S2140377B006460028F1D1607801A900F03EFA2B4670
S2140377C003AD2A4618685968083303C2BB421546F8
S2140377D0F7D1637B6078DB0648BF9DF81C3001A9B0
S2140377E044BF63F07F038DF81C3000F03DFAD4E706
S2140377F010B504468AB02422002101A8E2F7A0F8B7
S214037800637B590744BF4022ADF810201A0742BFD6
S214037810BDF8102042F48062ADF81020DB070FD5C8
S214037820607801A9F1F71CFD10B12D200AB010BD38
S21403783001AB03CB637B606043F00203A160637319
S21403784004A9201D02F01EFD0028EED00020EDE75F
S2140378501FB5694600F066F8002818BF2D2005B04E
S2140378605DF804FB73B50D4614460646DFF73EF98E
S2140378706B881A071AD522463146102002F0E3FC1D
S2140378802046DFF733F96B88D90717D5002322463E
S21403789001210DF107008DF80730DFF7F9FB6B8840
S2140378A0002B0CBF2120002002B070BDDE06EAD5F7
S2140378B022460821281DDFF7EBFBE1E79A0701D5EF
S2140378C00223E4E75B07EAD50323E0E70F207047CC
S2140378D01FB50C46694600F025F810222146684677
S2140378E0E2F77AFBB0FA80F0400904B010BDB8B1F5
S2140378F0B1B14388A3B90378013B082B10D8DFE85E
S21403790003F00507090B0F0F0F0F0D00DFF7C2BAC1
S214037910DFF71CBBFFF776BEFFF700BFDFF7AABC97
S2140379202120704738B50D4609B300B30378013BF1
S214037930082B1AD8DFE803F0050D101319191919C7
S2140379401600DFF7DFFA0446284602F099FE2046C3
S21403795038BDDFF71BFBF6E7FFF78FFEF3E7DFF72E
S2140379604BFBF0E7DFF790FCEDE72124ECE721245F
S214037970EDE770B586B0064601A80C461546FFF738
S2140379803CFE04238DF804301CB12068616802AB0A
S21403799003C3294601A88DF80560FFF7A8FF06B0C4
S2140379A070BD70B586B0044601A80D461646FFF7AF
S2140379B024FE0323206861688DF8043002AB8DF83B
S2140379C0116003C3294601A8FFF791FF06B070BDF7
S2140379D00022FFF7E6BF30B585B00D46694604467C
S2140379E0FFF7A0FF20B92A4621466846FFF73AFF6D
S2140379F005B030BD30B5437B044613F001020D4697
S214037A008BB007D0407801A9F1F72AFC70B12D207E
S214037A100BB030BD9B07FAD5ADF8022001A90DF1D6
S214037A200202043002F02CFC0028F0D000210E22C3
S214037A30A81CE1F785FFBDF810302B80039BAB60D5
S214037A40BDF81230AB819DF81430237301AB03CB22
S214037A506060A1600020DBE770B5437B0446DB076C
S214037A600E468AB003D42D2528460AB070BD694653
S214037A70407800F04DF905460028F4D1DDF81D30B6
S214037A800E226360DDF821300146A360637BB01CE1
S214037A9043F002036373E1F753FFBDF80030069A21
S214037AA043F004033380059BB2607360DCE70B4648
S214037AB010B50446102200211846E1F741FF22784C
S214037AC0032A09D0042A0DD0022A11D101462046E2
S214037AD0BDE81040DFF73EBC01462046BDE8104037
S214037AE0FFF788BF01462046BDE81040FFF7B4BF46
S214037AF0262010BDF8B5074608460C4616461D4612
S214037B00FFF77BFD04232370637B314643F00103B9
S214037B10204667706373FFF705FF08B12D20F8BD95
S214037B2029462046FFF7C3FF0028F8D0F6E7F8B546
S214037B30054608460C461F461646FFF75EFD042319
S214037B40237025B108222946E018E1F74BFF637B33
S214037B5043F0020363734EB932460121284600F010
S214037B60E4F8FF28607007D12D20F8BD3146204683
S214037B70FFF7D8FE0028F7D1637B43F00103637356
S214037B800DB90020F1E7002FFBD039462046FFF75A
S214037B908EFFF6E7F8B50C460746084616461D461A
S214037BA0FFF72BFD03232046394600F8043B082243
S214037BB0E1F718FF637B314643F002032046637305
S214037BC0FFF7B0FE08B12D20F8BD29462046FFF783
S214037BD06EFF0028F8D0F6E7F8B5074608460C46C9
S214037BE016461D46FFF709FD03232370637B3146C4
S214037BF043F00103204667706373FFF793FE08B1F3
S214037C002D20F8BD29462046FFF751FF0028F8D05F
S214037C10F6E718B18022012100F087B8FF207047ED
S214037C20002307B51A4619460093F3F769F8B0FA26
S214037C3080F0400903B05DF804FB0B4610B519222B
S214037C400446FF211846E1F77BFE7E2C01468CBFD7
S214037C5004F5C43004F583304FF01902BDE8104034
S214037C6088BFAD30D3F7F0BE7E2888BF00F5C4309A
S214037C704FF0190294BF00F58330AD30D3F710BF31
S214037C8030B589B00D46FFF7C4FFFF2804460DD074
S214037C9001A9FFF7D2FF2868696801AB03C3204632
S214037CA001A9FFF7E1FF002009B030BD2D20FBE757
S214037CB0704770470020704770470F207047704723
S214037CC09DF8000070470F2070470F207047002074
S214037CD070470F207047002070470020704784B01D
S214037CE08DE80F00002004B07047002070477047EF
S214037CF07047002070477047002070477047002089
S214037D007047012070477047002070470120704776
S214037D100E207047FF2070470E2070470E207047D6
S214037D200020704770470E207047FF20704770474B
S214037D3070470020704770477047704700207047B1
S214037D407047002070470020704700207047704738
S214037D507047002070477047002070470020704728
S214037D6070470020704710B50024E3B210B9C3F182
S214037D700303DBB20134042CCA544FEA1222F4D1B3
S214037D8010BD10B50B784C788A78C97828B9104698
S214037D902246044608461946034642EA012043EAB9
S214037DA0042343EA004010BD7047DFF787BB08B5DE
S214037DB0CEF702FD002814BF8620002008BD08B5B4
S214037DC0CEF7CAFE003818BF012008BD08B5CEF7A7
S214037DD083FE003818BF012008BD08B5CEF708FF9C
S214037DE0003818BF012008BD08B5DFF747FCBDE81B
S214037DF00840DFF7F5BB70B504460D461646DFF7B9
S214037E003DFC0420DFF7DEFB324629462046FFF71B
S214037E10DDFF04460220DFF7D5FB204670BD08B51C
S214037E20DFF72CFCBDE80840CEF73ABEDFF75EBFAF
S214037E30DFF73EBF08B5DFF73BFF20B1BDE80840DC
S214037E400020E0F773B8112008BD10B5044608B14A
S214037E50E0F74EF92046BDE81040FCF7F9BE10B532
S214037E600446006A10B1616AFFF7EFFF0020C4E919
S214037E70080010BD38B50546FFF7F1FF2B7E044614
S214037E80012B0ED0023B012B0ED8EB69012B18BF3A
S214037E906FF09604282200212846E1F751FD20467C
S214037EA038BDEB69002BF2E76FF09604F2E7182271
S214037EB00021E1F745BD70472DE9F84F9846DDE907
S214037EC00B490D9B15469A0706460F4623D02A46AE
S214037ED00A9B03EB040A1444A24220D10D9B9B0782
S214037EE005D5A2EB050AD14505EB0A0420D82046A2
S214037EF0BDE8F88F434639462020B0470AF1010A09
S214037F00CA450AEB0B02F5D3A9EB04024C4588BF1E
S214037F1000222A44DCE7A246A5EB040BF0E702F1B5
S214037F20010B434639461AF8010DB0475A46D3E7C4
S214037F304346224639462020B0470AF1010AD2E7D3
S214037F402DE9F047DDE90D7616F0020F9DF828803F
S214037F50DDE90854DDE90BCE1FD106F001094FB168
S214037F60B9F1000F06D0B8F1000F02D116F00C0FCE
S214037F7000D0013F4FF0300A04E0202C04D005F86F
S214037F8004A001347445F8D3B9F1000F05D04FF0BF
S214037F903009A74201D9202C2DD116F0100F1FD07F
S214037FA016F4806F2CD15CB3744501D0BC4227D144
S214037FB0B4F1010E23D0BCF1100F46D1023C16F0EB
S214037FC0200F28D1202C28D04FF0780C05F804C0B9
S214037FD00134202C21D04FF0300C05F804C00134B6
S214037FE0202C1AD0B8F1000F23D04FF02D0C05F833
S214037FF004C0013412E005F804900134C9E774465E
S214038000BCF1100FDBD0BCF1020FE2D1202C04D060
S2140380104FF0620CDAE7202C08D12024CDE90A764B
S214038020CDE90854BDE8F047FFF746BF4FF0580CBC
S214038030CCE716F0040F02D04FF02B0CD7E716F060
S214038040080FEBD04FF0200CD1E7BCF1020F7446BB
S214038050C1D1DDE72DE9F04391B0189D1A9E1D9F0F
S2140380600DB927F010077C0500D515B317F0200FC0
S21403807014BF4FF0410E4FF0610EAC4600250DF1D4
S2140380802008AEF10A0EBCFBF6F906FB19C95FFA27
S21403809089F4B9F1090F94BF30347444E4B2B4459B
S2140380A008F8014B05F10105BCFBF6F401D3202DBE
S2140380B010D11C9C069705941B9CCDE903649DF880
S2140380C06440CDE9015408AC0094FFF739FF11B0C2
S2140380D0BDE8F083A446D6E72DE9F04F95B0269E7B
S2140380E0CDE90A23DDE91E74DDE9229B57EA040382
S2140380F008BF26F010067205CDE9080102D557EA37
S214038100040337D016F0200F14BF41236123002544
S2140381100DF1300AA3F10A0821464A465B46384663
S214038120E1F7A2F8D2B2092A94BF303242444F454F
S214038130D2B274EB0B0405F101050AF8012B01D347
S214038140202D14D1259B06960593249BDDE9080173
S214038150CDE903939DF88030CDE901530CAB009332
S214038160DDE90A23FFF7ECFE15B0BDE8F08F0746FE
S2140381700C46D1E70025E5E708B100F014B87047D0
S21403818010B1D1E900311847704738B5441E14F8CA
S214038190015F25B90A2000F006F8284638BD2846B0
S2140381A000F001F8F3E701460020FCF724BB704714
S2140381B07047E9F7C9BA704708B5FCF7EDFACEF78A
S2140381C0FBFABDE80840D0F7DDBB704708B5CEF72D
S2140381D03BFEFAF7FEFFBDE80840DFF74FBA08B5E7
S2140381E0FBF7A9FEDFF7B8FFFBF783FDE0F756FBC7
S2140381F0E0F742FBE0F7C4FABDE80840D3F7FEBB5E
S21403820008B5D1F715FCFBF763FDD1F71DFCFBF7AB
S21403821061FDD5F705FED5F7ABFED5F7B3FFBDE891
S2140382200840D5F7D1BE70477047E0F7CFBA08B518
S214038230FCF7FDFEBDE80840FCF71ABF704707B51C
S21403824000220346114601200092D4F763FF03B0D1
S2140382505DF804FB07B500920B46027D81898068B2
S214038260FDF775FD003818BF0120C00103B05DF8A7
S21403827004FB08B50020FDF728FF0020DDF7FCFB14
S2140382800020D6F727FB0020D6F714FE0020D7F7EA
S2140382903DFB0020D9F76AFE0020DAF701FB002039
S2140382A0DBF7F6F8BDE808400020DBF7E1B908B5D0
S2140382B00120FDF7E1F9BDE808400120D6F7FABD35
S2140382C008B50220DBF7B6FF0220DBF7EBF9022046
S2140382D0DDF7E0FE0220FFF7ABFD0220FDF7B9FC59
S2140382E00220DAF7DDFABDE808400220DBF7DEBC41
S2140382F07047FDF7A0BF70477047704770477047D9
S21403830070477047704710B50446DBF7E9FB204615
S214038310D7F70EFE2046D8F761FD2046BDE810408D
S214038320FDF7CABCFDF7E5BCFDF7EFBCDBF7BAB853
S214038330704770477047704770477047704770477D
S2140383407047704705F026BB70477047DBF744B9A4
S214038350704770477047704770477047704770475D
S214038360FEF744BCFEF748BC704700207047FEF794
S21403837045BCFEF74FBC7047431E012B03D9031FB2
S2140383805842584170470120704700F021BC4FF413
S214038390D0720021E1F7D4BA70B50446E3F7A8FB20
S2140383A00546A8B9A169F1B1238AD3B1204604F1E1
S2140383B01002E3F74BFA38BBE16919B3638AA3B13A
S2140383C0204604F1120200F0CAFA78B1054603E02B
S2140383D00023A3612361E3610023284663612362CC
S2140383E070BDA061E8E72082E6E7E361216A002921
S2140383F0F2D0A28A002AEFD02046E38ABDE8704076
S21403840000F06FBA6182F1E76582E561DEE711B9D4
S214038410D0F8DC1021B1CB6813B18B68D8897047CC
S2140384204FF6FF707047E2F747BC10B50C4611468F
S214038430E2F768FCE3F796FE012801D1002010BDA1
S214038440002CF7D10520FAE700F0CFB900F0E3B926
S21403845070B500232425D0F8DC00C4689C4201D103
S214038460212070BD826805FB0322D6898E4202D87E
S214038470128A8A4201D20133F0E70020F1E7F8B509
S21403848006460D46E1F7B4FED8B94FF6FF734FF034
S214038490240CEF68C1B28F4208D81C4621463046EA
S2140384A0E2F75CF800F09AFB2046F8BDAA680CFBDE
S2140384B00122D4899C4202D2002CEFD023460130FD
S2140384C0E8E70024F0E7C08D70470A7838B505461C
S2140384D01046FFF751FF60B14C782046FFF74CFF7C
S2140384E038B12243530704D42846BDE83840E2F7A0
S2140384F055BE212038BD10B504460878FFF73CFF6B
S21403850058B14A781046FFF737FF30B1042A04D033
S2140385102046BDE81040E2F75FBE212010BD00F004
S214038520E8B8E3F7C1B9084600F008BBE2F700BDB8
S21403853038B504460D4600F08EF850B1294620465D
S214038540E2F70CF830B929462046BDE83840E2F792
S214038550B7BC0E2038BD70B516460C4605F077F846
S214038560314605462046E5F799FE0446284605F0BB
S21403857069F8204670BD00F032B970B50446002095
S2140385800E4600F027FBD4F8F0503DB100233146E9
S2140385902046AC46BDE870401A4660472B4601228B
S2140385A031462046E2F724FF284670BD38B5044618
S2140385B048880D4600F00EFBD4F8F0302BB9294658
S2140385C02046BDE83840E2F721BE022038BD00F061
S2140385D003BB00F03CB9E2F741BBE4F739BE70B524
S2140385E0BDF81060054606B16BB1334428469BB20E
S2140385F000F077F9044620B91EB13146284600F04C
S214038600ABF9204670BD2124FBE7E4F7A7B9C0F811
S214038610EC1000207047E3F733B800F05EB910B4EF
S214038620BDF8044001945DF8044B00F09FB80B4678
S21403863010B514461846A1689288E1F711FBE16865
S214038640034631B1A0886288121A92B21844E1F741
S21403865007FB002010BD0346408A18B1188A00386D
S21403866018BF012070470846E4F7FEBE00F0ECBAD8
S21403867000F0EABAE5F70AB9084708B5E2F736FBA9
S214038680C0B208BD022A01D800F0E2B92120704723
S214038690022A01D800F0EDB921207047022A01D83A
S2140386A000F0F9B921207047E3F74ABE0846E3F71E
S2140386B065BE00F018BA0020704700207047704768
S2140386C0D0F8943003F06003402B0DD0602B03D01A
S2140386D0203B58425841704749B10B68012B06D9D5
S2140386E0486940F00100704740F2011070470020CF
S2140386F07047F7B504461046D4E954C7DDE90826A3
S2140387008CEA020587EA06010540194085EA0C054E
S2140387107940C4E95451002523F4004106EA0103D5
S21403872020F0010043F40073024043F00203CDE956
S2140387300055E6F77DFC94F824309A0713D5D4F851
S21403874054319B050FD54FF48811204600F058FB93
S21403875094F82430024665F3410384F82430204617
S2140387600B46E2F797FA002003B0F0BDF0B587B0EA
S2140387701C461746BDF830601AB90024204607B0D9
S214038780F0BD002BF9D00029F7D001AAE4F7E6F8EC
S2140387900028F2D0BDF80630A2199A42BDF8085058
S2140387A0C4BF9B1B9CB2B54212D90399AD1BADB295
S2140387B03144A5420391ADF808500DD22A463846F7
S2140387C0E1F74EFA0499621B7819E1F749FAD5E7FF
S2140387D00499761B3144049122463846F5E7084649
S2140387E0E5F7FCBC0220E5F747B808B5D0F8E43057
S2140387F04BB11A68022A06D993F825204AB1186A9B
S214038800B0FBF2F008BD4FF446624C210020E1F7BE
S21403881007FF0020F6E7D0F8E42008B57AB113681E
S214038820022B0CD9536A13F47F4FC3F3072106D0E8
S214038830126ADBB253438B42B3FBF1F006D200203D
S21403884040F67F424C21E1F7EBFE002008BD0346CD
S214038850D0F830010860B3F8343100208B807047BD
S21403886090F830310C2B14BF90F82B00FF20704784
S21403887038B50C464FF400610546E7F77DFC70B14A
S2140388807CB195F81E3173B94FF480724FF4807142
S2140388902846E7F75DFC003818BF012038BD2202E2
S2140388A0F4E72246F2E70020F8E74FF48071E7F793
S2140388B063BC08B54A024FF40071E7F749FC002091
S2140388C008BD08B58A024FF48061E7F741FC002033
S2140388D008BD4FF40071E7F74FBC062300208B71E9
S2140388E07047B2F5805FF8B50F460646154619463B
S2140388F02ED89A422CD33F2A26D9B2FA82F40122E2
S214038900C4F11F03DBB29A4092B2AA422CBFC4F151
S2140389101904C4F11A04E2B20124931DDBB29C408D
S214038920A4B2AC4212D096F8F5309BB9012096F863
S214038930243060F3C71386F824303846E3F722FE64
S21403894000203762B582F8BD0022ECE70020EEE790
S2140389502120F8E70E20F6E70846E3F733BE70B5A6
S21403896005460E46144602B313883F2B1DD9B3FAA9
S21403897083F3C3F11901C9B2062901D8192B12D002
S214038980062928BF062101238A1DD2B2934030460A
S2140389902380E3F71FFE23882846EE616B82E3F706
S2140389A0A3FE002070BD0021EDE72120FAE710B5F5
S2140389B0144608460121E5F7E7FA2046BDE81040CD
S2140389C00121E5F7E1BAF8B504460E46174604F06A
S2140389D03EFE3A46054631462046E5F793FD0446F5
S2140389E0284604F02FFE2046F8BD022070470320D9
S2140389F07047E4F739BF10B50023E3F7B9F9044627
S214038A0008B9E6F733FD204610BD704770B5054636
S214038A100E46144600F0E3F831462846FFF72FFDCE
S214038A2000F0DDF8230704D50B2C9CBF24F00804C4
S214038A30A4B221462846E2F75FF900224FF400313C
S214038A402846E7F785FB002070BD8021E7F794BB37
S214038A507FB5531C05AAADF814100292022100221A
S214038A60DBB2CDE900211146E7F790FB07B05DF8CE
S214038A7004FB7FB5531C05AAADF81410029204211B
S214038A800222DBB2CDE9002100220121E7F77EFBBB
S214038A9007B05DF804FB1FB5531C029100220821A2
S214038AA0CDE900210122DBB21146E7F76FFB05B0E3
S214038AB05DF804FB07B591F82830009391F82B3046
S214038AC091F8292091F82A10E3F700FC03B05DF82B
S214038AD004FB10B50446E2F709F901462046BDE853
S214038AE01040E2F709B9002914BF2120002070477F
S214038AF038B5054610460C46E3F76EFCD5B1D5F8F7
S214038B00E030BBB15B69ABB1421ED2B2FD2A13D9CA
S214038B100A68013204BF6FF001020A600A68FF2880
S214038B201A6007D16268013202D16FF001026260F7
S214038B3062685A60002038BD0128F2E738B505465A
S214038B40E5F708FD04460021A878E3F7ADFC2046C8
S214038B5038BD2DE9F74F01251C469DF830300646F3
S214038B6001930368174603F0070306339D4005F198
S214038B70FF380B46A1B1416804EA080BA5EB0B0AC4
S214038B8041F00059524509EB0B0114D952461846D9
S214038B90E1F766F849467A1B5A445044E1F760F811
S214038BA0019B2BB13C4448EA050804EA0804F46038
S214038BB003B0BDE8F08F1846F0E737B50025144636
S214038BC00095FFF7C6FF204603B030BDE3F780BA33
S214038BD0002070470020704700207047704770479A
S214038BE030B549000446056812B102291FD9033976
S214038BF0C90395B9E1B1B1FA81F3C3F12003C3F117
S214038C000F00012838BF012003F01F03D940A942F3
S214038C1001D901384908216030BDB5FA85F339B169
S214038C20B1FA81F29B1A002BE9DC0F20EFE7002153
S214038C300F20F0E7012805D9023818BF4FF0FF30A0
S214038C40C0B270470120704708B5E4F767FFBDE878
S214038C500840E4F78BBF38B50446FFF7F5FF054633
S214038C60FFF7F2FF431BA342FAD338BD38B50D46D0
S214038C700446E4F753FF35B1844200D90139204650
S214038C8001F0030138BD844238BF0131F7E708B568
S214038C900121FFF7EBFFBDE80840E4F767BF0B0CC5
S214038CA023F48053B3F5284FF7B50D468FB2064627
S214038CB099B216D04AF60103994214D04AF6020333
S214038CC0994212D0B1F5204F14BF04240324D6F8DA
S214038CD0E0300BB1196851B9D6F8DC3093B928687F
S214038CE00EE00024F3E70124F1E70224EFE723462E
S214038CF068463A46E4F796FFDDE90003002BEBD11E
S214038D0003B0F0BD19680029E9D0234668463A4601
S214038D10E4F788FFDDE90003002BE0D1F0E702F07B
S214038D206FBD0204C0F3891307D56FEA83536FEA56
S214038D30935313F5007F18B206D0A3F1C8006FF45F
S214038D40FF739842B8BF184670474FF038435969C7
S214038D509A6903F500530A405A6170470E2070471C
S214038D60E6F778BDE6F776BDE6F774BDE6F772BDBF
S214038D7008B50846E7F794F908BDE6F76BBD022089
S214038D80704702207047002070470120704700207C
S214038D9070470E20704700207047E3F7E3B9084694
S214038DA011460122FFF741BB70B505460C46114636
S214038DB01A46E7F727FA06682B462046B446BDE868
S214038DC07040604710B5E7F71DFABDE810408368AA
S214038DD01847FFF710BEE3F7EDB8FFF7A9BBE2F7B6
S214038DE0F7BD70B504460D4616464FF4881100F0DD
S214038DF01CF8324629462046BDE87040E3F70CBB14
S214038E0038B505460C4604F022FCD5F890301C40D5
S214038E10D5F88C302343C5F88C3004F013FC211EA0
S214038E2018BF01210020490238BD38B504460D4657
S214038E3004F00DFCD4F890301D40D4F88C3023EAAF
S214038E400505C4F88C5004F0FDFB284638BD38B53C
S214038E5004460D464FF48811FFF7E7FF29462046E0
S214038E60BDE83840E3F700BB73B50D7806460C46FD
S214038E7035B304238DF804302379304601A98DF8E1
S214038E800530FFF738FB0546B8B92278A37952BBFD
S214038E908DF80430E379304601A98DF80530FFF7E5
S214038EA014FB054648B923783BB161883046E2F7A0
S214038EB0ADFB01213046FFF7DBFC284602B070BD50
S214038EC02946FFF7D5FC29463046FFF7F2FC29462C
S214038ED03046FFF7F6FC2378002BCAD123798DF8AA
S214038EE004306379C9E702228DF80420D3E7FFF73D
S214038EF0E0BCFFF7EEBC0020704710B50446E7F76A
S214038F001BFA21460020E8F779F8BDE81040002058
S214038F1000F03EB970470120704708B5E8F79CFE9D
S214038F2080F00100C0B208BD4FF0FF30FFF79EBBD4
S214038F3070470020704710B50C4604F0A3F8048071
S214038F4010BD38B50C46154604F09CF803881DB1D1
S214038F501C43A1B2018038BD23EA040189B2F9E7B4
S214038F6008B504F08FF8008808BD08B504F08AF841
S214038F70C07808BD08B504F085F8008800F00C003A
S214038F8008BD08B504F07EF8008800F00C00031F47
S214038F905842584108BD38B5054604F073F80446F0
S214038FA02846FFF7EEFF30B904F1100004F02CFD5D
S214038FB000F4406038BD4FF40060FBE738B5054663
S214038FC004F060F804462846FFF7DBFF014648B97D
S214038FD010342046042203F095FF2044BDE83840B1
S214038FE004F012BDA08838BD10B50C4604F04AF84C
S214038FF0848010BD38B5054604F044F80446284678
S214039000FFF7BFFF014608B1201D38BD1034042208
S214039010204603F077FF2044F7E738B5054604F00B
S21403902031F804462846FFF7ACFF30B904F11000C8
S21403903004F0EAFC00F4404038BD4FF40060FBE760
S21403904038B5054604F01EF804462846FFF799FF90
S214039050014648B910342046062203F053FF204445
S214039060BDE8384004F0D0BCA08838BD38B5054606
S21403907004F008F804462846FFF783FF014608B1C4
S214039080201D38BD10340622204603F03BFF204443
S214039090F7E708B503F0F6FF007A08BD08B503F056
S2140390A0F1FF90F9090008BD08B503F0EBFF807ADD
S2140390B008BD08B503F0E6FFC06808BD10B50C464A
S2140390C003F0E0FF047210BD10B50C4603F0DAFFA0
S2140390D0447210BD10B50C4603F0D4FFC46010BD37
S2140390E02DE9F8430F468046002107F11000164687
S2140390F0994604F03BF80446D0B103F0C3FF054697
S214039100204603F0DBFF002102462846E0F718FC62
S21403911000232046AB7049F00401FFF70CFFA5F8C7
S21403912004802EB13A46314605F11000E0F798FD6B
S2140391302046BDE8F883F8B505460F461020002103
S21403914004F014F80446B0B103F09CFF064620462C
S21403915003F0B4FF002102463046E0F7F1FB00239C
S21403916039462046B370FFF7E6FE25B12A460121AD
S214039170204603F0D3FF2046F8BD08B503F082FF70
S214039180103008BD08B503F099FF1038C0B208BD0B
S2140391900020E7F75BBE08B5E8F7B6F8002008BD81
S2140391A04088C0F30C00033080084000043070474A
S2140391B070B50E4605461146304603F0D7FF044603
S2140391C035B128B103F05EFF32462946E0F70AFCC4
S2140391D0204670BD0088B0FA80F04009704738B565
S2140391E005880022044604F079FC05B1258038BDC5
S2140391F0F8B507460D4600880021164603F07AFFA9
S214039200B042044605D129463846BDE8F840FFF784
S214039210E6BF0021204603F06DFFB04205D020468E
S214039220002103F067FF0446F3E72A4620460021A1
S21403923003F074FF32462846BDE8F840002103F0E9
S2140392406DBF38B5044638B1002104F041FC002355
S21403925001465D1C09B998B238BD204604F05CFC93
S2140392602B460146F5E7F8B5058807467DB1CCB22F
S2140392702146284603F03EFF8542064609D10023D1
S2140392803B8000222146304603F048FF35462846F9
S214039290F8BD214603F02EFF21460246284603F07A
S2140392A03DFFEEE72DE9F0470788824688461446D9
S2140392B05FB3384603F002FF3D460646E4B2214656
S2140392C0284603F017FF4045814616D1214603F092
S2140392D011FF21460246284603F020FF474504D1E6
S2140392E0454508BF0025AAF80050002221464046FF
S2140392F003F014FF3046BDE8F0878742FAD003F048
S214039300DDFE30444D4686B2D9E73E46F2E70022FC
S2140393100123C0E900237047F8B504460127002659
S21403932004F0A2F923683BB904F099F900226368B4
S214039330012B0ED16360F8BD1D691F61266004F022
S2140393408EF9012DF2D02B462D691E61012DFAD11F
S214039350E6E719691A610B46EAE7036823B940682A
S214039360012803D0E8F718BD002070474FF0FF3000
S2140393707047F8B5054604F062FA0123064600274F
S214039380A8602B7304F070F92B6802467BB11C6946
S2140393902169A1420CBF2F6019612761104604F0B2
S2140393A05EF9012C08D0204663689847EAE76C68A4
S2140393B0012C04D104F053F900232B73F8BD616923
S2140393C0711AB1F1004FF5D8216969602361E5E7A9
S2140393D07047022070470220704700207047014400
S2140393E0884201D10120704710F8013B9342F7D021
S2140393F0002070470821FDF7A6BF70B50146064654
S21403940092B00020E7F7C4F9044670B9FDF796FF5B
S214039410054601466A462046E7F70EFD6A46294694
S21403942020468DF80260E7F7BDFF204612B070BDF8
S21403943000B593B0FDF782FF6A4601460020E7F7C2
S214039440FBFC9DF9020013B05DF804FB00B593B076
S214039450FDF774FF6A4601460020E7F7EDFC9DF82A
S214039460000013B05DF804FBE7F7AABC01207047C1
S2140394707FB54FF6FF7101AAE8F76AFF20B1BDF882
S2140394800C0007B05DF804FB4FF6FF70F9E708B56C
S21403949004F081FB003818BF012008BD08B510464C
S2140394A0EAF72AF8BDE80840EAF7E4B870477047D9
S2140394B070477047704770477047002100B593B0F8
S2140394C06A460846E7F7B8FCBDF8060013B05DF831
S2140394D004FB002110B592B004466A460846E7F737
S2140394E0ABFC00216A460846ADF80640E7F75AFF8C
S2140394F012B010BD002100B593B06A460846E7F7E0
S2140395009BFCBDF8040013B05DF804FB002110B506
S21403951092B004466A460846E7F78EFC00216A4680
S2140395200846ADF80440E7F73DFF12B010BD70479C
S21403953073B50646E9F732FA04463046ECF7B0F957
S2140395402246034600213046F7F7CAFF0546D0B148
S214039550FFF713FE0446284603F094FD0023E21D9E
S214039560121A294608200093D2B2FBF738FE0138B8
S214039570C0B2012807D801222946304602B0BDE80A
S2140395807040E9F741BA02B070BD134610B50A46FB
S21403959000210446F7F77EFF014628B12046BDE8C2
S2140395A010400222E9F730BA012010BD07B5009338
S2140395B013460A460021F7F7E7FE28B1002103B059
S2140395C05DF804EBF5F792BC012003B05DF804FBED
S2140395D02DE9F04F87B00C4691460746FFF7CAFCC5
S2140395E00546661C304604F00FFA042D40F09080C2
S2140395F03846FFF7C2FD0378092203F00303012B65
S21403960014BF0223032301212046039303F07AFCAD
S214039610092200210546204603F074FC21788DF8C4
S214039620170001390022204689B2FFF7C1FD04EB7B
S21403963009088346F0B14FF0010A2A460146CDF8E1
S21403964000A003980DF11703FBF7C9FD0228054692
S21403965026D1584603F032FD00222070C0B2431EC6
S21403966000929BB252465946304604F0CEFA23780F
S214039670534423703846FFF773FC020424D498F847
S214039680013021789B071FD50139A1EB09013A4622
S2140396904046C9B2EDF720FF23781844207013E044
S2140396A020B92070284607B0BDE8F08F032809D1FB
S2140396B0404604F0A9F920F4007189B2404604F04C
S2140396C0A5F9D7E70428D5D101250022204621781D
S2140396D0FFF76EFD07460028E4D04FF0000801466A
S2140396E0434601224046CDF80080FBF778FD02286A
S2140396F019D1384603F0E2FCC2B2013A207093B2A5
S214039700394601223046CDF8008004F07EFAC9E7D8
S21403971080F0800520F0800081B23046C5F3C01586
S21403972004F074F9D1E70028BCD12070BAE708B575
S2140397300020FFF7F2FB80F00100C0B208BD0A4626
S21403974008B501460020E9F75FF9B0FA80F0400952
S21403975008BD0020E7F75ABF00210846E7F7FEBB1F
S2140397600020FFF7D8BB70B5044604F04DF9042279
S21403977000210646204603F0C5FB204404F044F9C6
S214039780032205460021204603F0BCFB204404F0D8
S2140397903BF94FF6FF730540ADB29D4214D1F30774
S2140397A012D506220021204603F0ACFB204404F029
S2140397B02BF90446E9F79AF9844214BF02240624D7
S2140397C0E9F78EF9204070BD2046FBF721FFC40061
S2140397D0E4B2F5E708B5FFF7C6FF003818BF012067
S2140397E008BD0120704710B50446FEF7B5FA08B960
S2140397F0FEF7B4FA03050FD40C231B2B01D100206C
S21403980009E020FA03F1C90703F1010206D5DBB22A
S214039810E31A5842584110BD0B23F9E71346ECE709
S21403982010B50C46098819B90846F7F713FE2080C9
S214039830012010BD08B510461A4600F0B8FABDE878
S214039840084004F07FB870B504460D46164692B03D
S2140398506A46E7F7F1FA6A46294620468DF81F60FE
S214039860E7F7A0FD12B070BD10B50C46E9F71AFD78
S2140398702046BDE81040E9F72BBC0129F8B505469C
S2140398800C461DD003291ED0052920D0072922D037
S2140398900026002400270120E7F712FA3044854209
S2140398A01DDA0320E7F70CFA2044854219DA05206F
S2140398B0E7F706FA38448542B4BF07200520F8BD0B
S2140398C06FF00406E5E76FF004040526E2E70026DA
S2140398D06FF00407DFE7002405272646DBE70120B1
S2140398E0EDE70320EBE738B5054600242046E7F707
S2140398F0E7F90134A842E4B202D9062CF6D10724CC
S214039900204638BD38B14379490023F00C0301F0F3
S2140399100C010B434371704710B5044678B1417987
S2140399204088490801F006010131000AFFF7A5FF48
S214039930024601462046FFF7E5FF104610BD072204
S214039940FBE738B50D46E9F79BFC044608B900204B
S21403995038BDFFF7E1FF002DFAD1237913F0070393
S214039960F5D0984238BF1846C0B2F1E7037923F022
S2140399700703194301717047037903F00F0343EAA2
S2140399800113037170470022EAF71EB80021012273
S21403999008B5EAF719F8401A18BF012008BD38B50C
S2140399A01546FFF7F0FF0446284604F00AF984B18B
S2140399B0FF2804D0626822FA00F3DB0701D50120F2
S2140399C038BD0123834013436360E3780133E370B8
S2140399D0F5E72046F4E7EAF761BA10B503F052FB61
S2140399E000F11004204604F00FF820F4007189B249
S2140399F02046BDE8104004F009B82DE9FF4115469E
S214039A00019101218DF80D301B0A8DF80E309DF85B
S214039A102C308DF80C008DF80F3028460423009167
S214039A2003AA9DF828809DF830709DF8346001F0F5
S214039A30D8FC044670B12946FFF7D6FAB8F1000FF2
S214039A4002D12046FFF7C9FF2FB146B9314620465B
S214039A50F5F74CFA0024204604B0BDE8F081002256
S214039A6020461146EAF7A0F9F4E74FF47A70EAF7CE
S214039A70F5BAF0B5064687B010461C460F4615469F
S214039A80FFF77BFB9DF83030184443789CB1617830
S214039A90012211F0020F0CBF032100210020CDE9A3
S214039AA00142CDE903100722394630460095EAF70E
S214039AB071FB07B0F0BD22462146EFE708B5E8F78D
S214039AC07FF9BDE808400020EAF7A0BD00B58BB0DB
S214039AD06846EAF79FFA009BBDF8060004A90693BA
S214039AE0EAF73EFA0BB05DF804FB1FB5044668467A
S214039AF0EAF790FA02AB03CB2060616004B010BDB6
S214039B001FB5062304468DF80C30EAF70FFF002333
S214039B108DF80D00CDE9003301210223204603AA68
S214039B2001F05FFC04B010BD70B50C46054601207D
S214039B30EBF7F0FD237B4BB1FFF7BFFC0146234653
S214039B402A46BDE870400120EBF79EB94FF6FE713A
S214039B50F5E7F8B50E460746FFF70FFB054603F095
S214039B6053FF00F44040B0F5404F14BF00220622D6
S214039B7002F10A03EB5C0B325C0004F00E045B0894
S214039B80144403F0380338461C44FFF7FBFA8442B8
S214039B9008D2001BC2B20F2A28BF0F22304629194B
S214039BA0E0F75EF82046F8BD40F62740ECF7E4BC45
S214039BB013B5F5F73DFC6946044600F0E1FF58B1DE
S214039BC0FFF77BFC40B1E8F7EFF928B10023022248
S214039BD069462046F2F7ECFF02B010BDFF224FF6AF
S214039BE0FF71ECF715BF07B500210DF10700EDF780
S214039BF09DF89DF8070003B05DF804FB13B5044613
S214039C0001A90020EDF792F8019A01462046EDF7E8
S214039C10A3F8204602B010BDF0B50F46002187B06A
S214039C20044608461646EDF781F8012305460DF16E
S214039C300A008DF808408DF80930FFF756FF092C07
S214039C401DD131460DF1120003F0E0FE05AB0021F5
S214039C5002AA9B1A2846CDE90011DBB2642101F063
S214039C60C0FB0546E0B1092C15D1EDF7BFF8044655
S214039C7088B12846EDF7CEF8204607B0F0BD31464A
S214039C800DF113008DF812704FF6FF7503F0BEFE4C
S214039C900DF11503DBE7284600F02EF80446EBE744
S214039CA00446E9E77FB50D461646ADF80E0003F009
S214039CB005FA841BE4B2BDF80E20631B9BB2104664
S214039CC029460093731901F0C0FA21460DF10E00E0
S214039CD001F093FA04B070BD38B504460D4603F0A0
S214039CE08DFF40B1AC4206D0204603F0EBFBBDE847
S214039CF0384000F0DBBF38BD10B50446FFF73DFA29
S214039D00023003F081FE4FF6F7739842204603D9DC
S214039D10BDE81040EDF700BAEDF74AFAB0FA80F066
S214039D20400910BD0022EDF71BB970B50546FFF7D5
S214039D3024FA0646284601F078FB01462846F8F73B
S214039D403BF804462846FFF739F94FF6F77398426F
S214039D5008D8337803F00303012B05D1A31E58421A
S214039D60584170BD0120FCE70020FAE741F20333B7
S214039D7030B585B00D46ADF808300446FFF79DFBB9
S214039D808DF80A00FFF799FB0021000A8DF80B00F7
S214039D9005232046CDE9001102AA8DF80C5001F0E8
S214039DA020FB10B12146FFF7BDFF05B030BD2DE9FE
S214039DB0F041044617460D46E1B13F294FF0000631
S214039DC000D135462046FFF7D5F8082814D10121DF
S214039DD0204603F08FF9064603F070F90446304632
S214039DE003F050F93B4601462A46E0B2BDE8F0418F
S214039DF0FDF75BBB0126E5E72046FFF7BBF8024607
S214039E0030B9BDE8F0414FF6FF71012003F0C5BD40
S214039E102046FFF7C0F8B0F5006F0ED12046FFF7D7
S214039E20CDF84FF6FF739842014617D0002D0CBFAE
S214039E3003200520002203F0B0FD29462046EAF75A
S214039E406BF868B929462046EEF746FE40B9324617
S214039E5029462046BDE8F041EDF766BC0120E9E758
S214039E60BDE8F08137B54FF6F675FDF76AFA431E7F
S214039E709BB2AB420446F8D8E9F702FA0028F4D1BD
S214039E8069462046E8F7F0FC0028EED0204600F0AE
S214039E90DCFF0028E9D12046FFF778FD0028E4D14F
S214039EA02046EEF78DFE0028DFD1204603F0A6FEFF
S214039EB00028DAD12046FDF75AFA0028D5D12046E5
S214039EC003B030BD73B504460E46EEF779FE05467D
S214039ED088B92046EEF7CEFE21462B460D224FF6D6
S214039EE0FD70009500F056F83146204602B0BDE8F6
S214039EF07040EEF781BE02B070BD37B50546144616
S214039F000C2914D8DFE801F02C132C1313130713B2
S214039F101313132424006946E8F7A6FC18B9012195
S214039F206846F3F727FA41202946F8F7EBFBD4B146
S214039F302046FFF722F9023003F066FD4FF6F7736B
S214039F40984210D9204603B0BDE83040EDF7FCBA7E
S214039F5040F6144040F613430B2908BF1846E3E7C0
S214039F60F6F7F2FDE3E703B030BD1FB50346084638
S214039F7003218DF80D308DF80C1001230021ADF868
S214039F800E20CDE9003103AA042301F02AFA05B016
S214039F905DF804FB2DE9F34106460F4614461D46BD
S214039FA09DF82080FFF789FAB04207D100222146A8
S214039FB0384602B0BDE8F041FFF79FBF3A46314648
S214039FC02046FFF7D2FFADF8060060B10D2C05D191
S214039FD000224FF6FF71282003F0DFFC35B9BDF8E9
S214039FE00600FFF789FE02B0BDE8F0810123424672
S214039FF029460DF10600E7F737FEBDF80630002BBD
S21403A000EDD1F0E7F7B50C460546FFF7B6F8611C49
S21403A01006462846F7F7D0FEA11C0746284601F059
S21403A02027F9014604463846FDF7D7F90D2F34D1F4
S21403A0302046EEF7C5FD78B1301D03F0E5FC044677
S21403A0402846F679FEF7FCFF31460246204603B063
S21403A050BDE8F040FFF7A3BCB01C03F0D5FC4FF6F9
S21403A060F773984202D92846EDF76EFA2046EEF7C4
S21403A07001FEFFF722FAA04205D1002003B0BDE897
S21403A080F040EEF73BBE6B46B068F16803C3694623
S21403A0902046EEF7B1FD03B0F0BD2A46394620460A
S21403A0A003B0BDE8F040FFF728BF14220021DFF716
S21403A0B047BC2DE9F04F11F00F0704460E46154630
S21403A0C08FB05CD10120DDF7B9F809A8FDF795FA42
S21403A0D0092309A88DF82430FDF793FA09A8DDF7BC
S21403A0E07FF801A909A8FDF71DFC26F00F08A84470
S21403A0F004F1100904F10F0A454511D1236901A99A
S21403A1003344236109A8FDF7F2FB0020DDF796F838
S21403A110B6F1005F28BF272738460FB0BDE8F08F9B
S21403A12005AA234696469446186859680833ACE849
S21403A13003004B456246F6D12B46224605F1100B2B
S21403A14053F8041B5B4542F8041BF9D1714609A872
S21403A150FDF7CDFB09A8DDF743F82246214601208B
S21403A160DDF728F8013D631E13F8012F15F8011FCC
S21403A170534582EA01021A70F6D15D46BCE7022710
S21403A180CAE7F0B5174685B005460C4610220021EF
S21403A1906846DFF7D5FBBFB3C4B30F2C04F00F0636
S21403A1A008D924F00F043A4621462846FFF781FFD4
S21403A1B040BB2744324639466846DFF751FD8022C6
S21403A1C02F6906F1100337446B44B7F5005F03F8B5
S21403A1D0102C2F61C6F110061AD3062E1FDDFB00C6
S21403A1E01A0E8DF80A201A0C5BBA8DF80B20ADF800
S21403A1F00C306A4610212846FFF75BFF00202B69C8
S21403A200103B2B6105B0F0BD3E46D8E72646D6E7A1
S21403A210022E04DDFB005BBAADF80E30E9E76A46B2
S21403A22010212846FFF745FF2B691022A3F11004DF
S21403A230002168462C61DFF783FBB7F5005F4FEA22
S21403A240C403CDD2E7E770B50E46054686B001A82F
S21403A2501446FFF72AFF3246294601A8FFF791FF67
S21403A2602246054601AB05AE1C4603CCB44210603D
S21403A2705160234602F10802F6D1284606B070BDA7
S21403A280EEF7DABD0A460021EEF7D6BDF0B58BB081
S21403A2900C4601A9EEF7D0FD054680B32522002122
S21403A2A0E01CDFF74DFB0123A3700E23BDF81070EF
S21403A2B02380FA0510D523464FF4877206AE23F89B
S21403A2C0042B0DF1280C324603CA62451860596008
S21403A2D0164603F10803F6D13B0605D5238843F05B
S21403A2E080032380069B636001AB03CB039BC4F808
S21403A2F01D00C4F82110A361F0F7AAF86061284690
S21403A3000BB0F0BD30B505460C4687B001A8FDF787
S21403A31074F92868696802AB03C39DF8113043F0EB
S21403A32002028DF8112074B12288510644BF43F00F
S21403A33006038DF81130530542BF9DF8113043F0E4
S21403A34008038DF8113001A8FDF752FAB0FA80F031
S21403A350400907B030BD70B58AB00D46002201A98A
S21403A3600446EEF769FD88B1204604A9FFF7CAFF45
S21403A37060B1BDF81060FFF7A0F838B9720601D5D2
S21403A380730503D529462046FDF793F80AB070BD3A
S21403A3902DE9F3410F460546164602F08FFE4FF0B1
S21403A3A00008C41BE4B2294623463A463046CDF895
S21403A3B0008003F02AFC0121284602F09BFE88B1A8
S21403A3C00121284602F096FE074602F077FE054670
S21403A3D0C3B2424630193946CDF8008003F015FC67
S21403A3E02544ECB2204602B0BDE8F0812DE9F04FDB
S21403A3F085B00C46054691461F464FF0010ADDF828
S21403A40038809DF83CB002F059FE22463B4629466A
S21403A4100646CDF800A0484603F0F7FB514628460B
S21403A42002F068FE3C4418B35146284602F062FE2A
S21403A430F6B2B442814610DAE7B2F31BDBB240460B
S21403A44022462946CDF800A003935F4403F0DDFBC4
S21403A450039BBF1B984407F0FF0B012300220E93B8
S21403A46049465B46404605B0BDE8F04F03F0CDBB1A
S21403A4705B4622462946CDF838A0F3E72DE9F0419E
S21403A480002686B0074608460C4615469846CDE98C
S21403A490026604968DF8146002F010FE411BCBB2E0
S21403A4A00D2B28BF0D232A462146009602A803F04B
S21403A4B0ACFB424602A93846EEF738FF0646294665
S21403A4C020469DF80820F7F78BFC304606B0BDE81B
S21403A4D0F0812DE9F04F0E46CBB001210546174615
S21403A4E01C4602F007FE23463A462946814606A83E
S21403A4F0FFF7C4FF0DF1280A00EB070B524631465F
S21403A50028465FFA8BFBFFF743FFB34503D20020D1
S21403A5104BB0BDE8F08FABEB06085FFA88F808F19E
S21403A52004039842F3DB331F18440423C4B2019395
S21403A530A31BDBB20093524643460021CDF808A086
S21403A54006A8DCF7EBFD0028E1D1A4EB0B040AEB2D
S21403A5500803E4B252462846314600930194434624
S21403A560FFF744FF39462846F7F726FC394600F03E
S21403A570F8022846F7F734FC0121284602F0BAFD14
S21403A580002818BF4D462846ADF8165002F096FD33
S21403A590011FC9B20DF1160000F02FFE0120B7E728
S21403A5A02DE9D841064600F040FF411C044689B217
S21403A5B0304600F00DFF98B394B321463046F7F7C4
S21403A5C0FBFB00F00C03042B074629D000F003081E
S21403A5D0B8F1020F00D11BBB384600F0AFFF3B06B5
S21403A5E00444A4B216D5611C304689B200F0F0FECE
S21403A5F0B0B121463046F7F7DFFBB8F1010F01464D
S21403A60000F003030CD0032B0AD0384600F0A5FF56
S21403A61003199CB221463046BDE8D84100F0D8BEA7
S21403A6200020BDE8D881F8B5064600F0C0FE054612
S21403A63004463046FEF7A1FD43785B0718D5AC1CED
S21403A640A4B22146304600F0C3FEB8B129463046D0
S21403A650F7F7B2FB0746691C304689B2F7F7ACFB3F
S21403A6601FB1874201D8FF2808D104EB4704A4B2E0
S21403A67021463046BDE8F84000F0AABE0020F8BDEB
S21403A68013B5044601A8EFF7A9F8BDF80430DA07B6
S21403A69010D49B0707D410220021204602B0BDE841
S21403A6A01040DFF74DB9224621461020FFF7CBFDB9
S21403A6B00028F0D102B010BD024608B5EFF7B6F891
S21403A6C0510544BF0838C0B2130544BF0838C0B2AA
S21403A6D008BDF0B5D30705460C468BB04AD50088AF
S21403A6E000F0A3FE00230646029314B9CDE9034403
S21403A6F003AC002208212046FEF771FEA8B1288885
S21403A700FEF73BFD023003F07FF921460746E8F7E4
S21403A710ABF850B1002240231146384600F01DFA2C
S21403A72040F6094528460BB0F0BD31462888F7F7B2
S21403A73043FB10F0030F0CBF01260026EEF7C0FB09
S21403A74046EA4000C0B200900021204602AB05AAAC
S21403A750F0F7D6FA0546EEF7B3FB0028E2D0002D55
S21403A760E0D000212046009602AB05AAF0F7C8FA0F
S21403A7700546D7E740F60A45D4E700231A46F0F71E
S21403A78019BA30B58BB005AD04462846FCF735FF3D
S21403A7900223284601A98DF81430FDF7C3F8234693
S21403A7A001AA144603CCAC4218605960224603F152
S21403A7B00803F6D10BB030BD08B500230246194690
S21403A7C01846F0F7F7F9012008BD37B50446684682
S21403A7D0F0F768FA054648B1082221466846DFF7CF
S21403A7E0FBFBB0FA80F0400903B030BDFF2208211E
S21403A7F02046FEF7F4FD034628B106212846FFF758
S21403A800BCFF0120F0E722460146F0F7D3F9F8E74C
S21403A81007B56846F0F746FA10B16846FDF700FA42
S21403A82000F0010003B05DF804FB0120F0F774BFED
S21403A830704737B504460846FEF7DCFB0546FEF7C9
S21403A8403CFE00230146009322462B460120F6F7E2
S21403A8509FFA03B030BD30B50124054689B003A87E
S21403A860FCF7CBFE01A88DF80C40DCF717FD9DF82E
S21403A87006209DF80730AA4209D0AB4209D103A8A7
S21403A8808DF80D40DCF7ACFC012009B030BD002488
S21403A890F5E70020F9E700221021FEF7A0BD7FB5FB
S21403A8A00D4600F582300D22694600F58070D1F71B
S21403A8B0CBF86B462A4602AE1C4603CCB442106065
S21403A8C05160234602F10802F6D12068106023790E
S21403A8D0137100236B7304B070BDF0B585B06A4680
S21403A8E005460B46164601F10807144618685968CC
S21403A8F0083303C4BB422246F7D118680D222060F2
S21403A9001B7905F582303146237100F58070D1F747
S21403A910C7F805B0F0BD38B504460D46DBF782FF31
S21403A920A04205D920462946FFF7B9FF002038BDC7
S21403A9302820FCE730B5002485B08DF80040DBF70F
S21403A94071FFE5B2A84204D8F2F778FB002005B001
S21403A95030BD69462846FFF7C0FF0134EFE738B538
S21403A9600446002002F07EFDFF2805460FD002F0C5
S21403A97001FE10F0010009D0284602F0FBFD400856
S21403A98040EAC17080F0010000F0010038BD04F019
S21403A9900100FBE70146F8B506460020F2F788FA01
S21403A9A0FF2801D00120F8BDDBF72CFF0024054665
S21403A9B0871CDBF72BFFE3B2984201D80020F2E7AF
S21403A9C035F82430B34203D117F82430002BE9D1ED
S21403A9D00134EEE738B50D460121044602F08AFB42
S21403A9E030B10121204602F085FB2880012038BDC6
S21403A9F020462C8000F00EFE0130C0B2F7E72DE9AA
S21403AA00F04788B00746894610460DF10A011D46F1
S21403AA109046FFF7DFFF4FF0000ABDF80A600446D2
S21403AA203046CDE905AACDF81BA002F047FB031B71
S21403AA30DBB20B2B28BF0B2322463146CDF800A0F2
S21403AA4005A803F0E2F848F21F039D4243D00BD853
S21403AA5085F40043012B15D923464246494628462A
S21403AA600097FDF730F933E048F23A039D42F3D1FD
S21403AA70FEF723FDB8422BD02246414605A8FDF734
S21403AA8057F925E09DF8143013BBBDF81D40DDF8DB
S21403AA901500DDF8191003AB03C3204603A9DCF742
S21403AAA0E3F80122204603A9EEF75CF9A74206461F
S21403AAB00ED0012103A8F2F75DFC48F201039D4284
S21403AAC006D12EB9334632463946204600F046FEB6
S21403AAD008B0BDE8F0879DF81450002DF8D12F4636
S21403AAE09DF815800234EAB24245F1D2D200D2B2C2
S21403AAF022440823314692B2009703A8CDE9037790
S21403AB0003F083F803A8F4F7C3FC02F0DBFC00F0C1
S21403AB10CDF80135E7E708B5E7F752F9BDE8084091
S21403AB20F2F766BE10B50024418084800480C2809C
S21403AB30038110BD13B5BDF81040CDE900340023E2
S21403AB40F2F7BEFF02B010BD13B5BDF8104001907A
S21403AB500094F2F7B5FF02B010BD07B500930123CA
S21403AB60FFF7F2FF03B05DF804FB0123F3F74EB8DB
S21403AB700121F4F7BBB901464FF6FF70F4F7DEB8D0
S21403AB8010B50C4602F09EFCFF2808D0F4F768FCCC
S21403AB9020B10368236043680120636010BD002072
S21403ABA0FCE710B50446FEF7F6F9B0F5006F20464D
S21403ABB005D1FEF703FABDE8104002F083BCFEF7AA
S21403ABC019FABDE8104003F015B808B502F07AFC90
S21403ABD0FF280CD002F0CEFC10F0010309D0400889
S21403ABE040EAC17080F0010000F0010008BD0020BB
S21403ABF0FCE71846FAE71FB500F582300B2201A9D9
S21403AC0000F5C070D0F720FF9DF80E0005B05DF884
S21403AC1004FB30B589B001F0010503A90446F5F736
S21403AC2041F89DB190B9204602F0A4FC10F0010152
S21403AC3009D0204602F09EFC430843EAC17383F022
S21403AC40010303F0010103A8F2F794FB2046F5F78E
S21403AC50C1FF9DF81430294600932046BDF8162000
S21403AC6003ABFCF79EFB09B030BD7FB50C4605462B
S21403AC70F4F7DEFBA04217D04FF6F7739C4213D8C7
S21403AC8005F5823606F5C0760B2201A93046D0F7C5
S21403AC90DBFE01A90B223046ADF80C40D0F700FFCF
S21403ACA021462846F4F716FC04B070BD10B50446DA
S21403ACB0DBF7BEFDA0420FD92046F4F7B9FB4FF6EB
S21403ACC0FF73984208D020460021FFF7A2FF2046D4
S21403ACD0BDE81040F5F740B810BD10B50446FEF7C2
S21403ACE0ECFB0023024619462046BDE81040F5F764
S21403ACF08DB92DE9F04114460F4605469846FEF7F2
S21403AD003CFA0646043002F07FFE20802846FEF713
S21403AD1097F96080B379791CE372C9B22846F7F7CE
S21403AD204BF8B91CA072C9B22846F7F745F8FE1CC3
S21403AD302072F6B2B8F1000F18D03146284600F05C
S21403AD4097FA0537FEB23146A080284600F090FAFF
S21403AD50B11CE080C9B22846F7F72EF86072217A54
S21403AD60A0880122BDE8F041F5F770BE2088EAE727
S21403AD702DE9F04186B090461E4604460D46FEF782
S21403AD809CFB4FF6F7739845074632D80523A04237
S21403AD908DF80C304FF0010214BF012300234FF04F
S21403ADA0000118BF8DF80D30CDE9002114BFADF8B2
S21403ADB00E008DF80D30284614BF0423022303AA81
S21403ADC000F00FFB0546A0B1A7421AD0FEF7D5F94F
S21403ADD0074621460430803E02F018FE2046FE71E8
S21403ADE004A9FFF7CDFE40B9204604A9E7F750FAB9
S21403ADF018B9002006B0BDE8F081284604A900F083
S21403AE007EFB41462846FEF78DFFF3E7037923F0E2
S21403AE100303194301F03F010171704707B50DF1B4
S21403AE200701F5F7B9FC03B05DF804FB08B5FFF7B7
S21403AE30F5FF18B1BDE80840F5F7FEBC08BD0022D3
S21403AE404FF6FF701146F5F701BE10B50446FFF73F
S21403AE50E5FF024638B901462046F5F7F7FD003808
S21403AE6018BF012010BD0120FCE7F8B517460446BD
S21403AE700E46FFF7D3FF0546386068B1037903F043
S21403AE800303337023B93A68137903F03F0313714E
S21403AE903B685C882046F8BD01462046FEF751FD18
S21403AEA0074628B1E8F7FAFB874201D83570F1E781
S21403AEB031462046FCF701FF0028EBD003234FF66C
S21403AEC0FF743370E6E707B501AA0DF10301FFF738
S21403AED0CCFF9DF8033053B9019828B1037913F0DA
S21403AEE0300F14BF0120002003B05DF804FB0020E0
S21403AEF0FAE72DE9FF410646104688461546F4F75D
S21403AF00C7FA0746FEF7D9FA044648BB4FF6FF735F
S21403AF109E4225D09F4206D00146384604B0BDE87F
S21403AF20F041EBF785BE07238DF804302B68024605
S21403AF30CDF805306B68092101A8CDF80930FEF776
S21403AF4037F9024618B9192004B0BDE8F081012389
S21403AF5041463046F1F7D6F80028F4D02046F3E70A
S21403AF600220F1E72DE9F04390460F4606464FF0E0
S21403AF70010991B00BA803ADFCF73FFB07AC2946CC
S21403AF800BA8ADF82C90FCF7CDFC95E80F0084E8F1
S21403AF900F004B46002239463046CDE90048F1F70C
S21403AFA0CDF911B0BDE8F0832DE9F04F002785B049
S21403AFB081460C467E2039469846BDF83CB09DF83F
S21403AFC044A0BDF84C500192ADF80E7002F0CEF8D6
S21403AFD00646002800F0AA8002F054F839467E227E
S21403AFE0DEF7AEFC304602F04DF80090304602F035
S21403AFF049F8B9F1FF0F0CBF274644F003073B0A95
S21403B00014F44062077043705FD14FF00808C31C06
S21403B010184642460199DEF7E5FC034604F440442D
S21403B020434484B1790606D419464FEA1B2201F835
S21403B03002BB5A700B46B4F5004F56D0A4F54042F7
S21403B04054425441E400224618460E99DEF7CAFCE1
S21403B050009A03462044A0EB02085FFA88F89DB1E5
S21403B0604FF47C521A53841C284602F00BF883468E
S21403B070284602F023F8C5B22A4659462046DEF78C
S21403B080EFFD60190235EDB2B9F1FF0F2FD052462E
S21403B090109900F8019BDEF7E3FD08F101015AFA67
S21403B0A081F129443046E6F775FD0C210022FF00A6
S21403B0B007F0800710463943FEF73DF8ADF80E005B
S21403B0C0E8B9002005B0BDE8F08FB2F5006F80F850
S21403B0D003804FEA182880F8048000F1050314BFA4
S21403B0E04FF008084FF0020892E70224ABE708EB9C
S21403B0F00A0129443046E6F74DFD0821D6E73046D7
S21403B10001F0C0FF0446304601F0D8FF0123024693
S21403B11021460DF10E00E6F7A7FD0028D1D1012147
S21403B120BDF84820BDF80E0001F0F8FFBDF80E008C
S21403B130C8E710B50C46098821B90846F6F78AF918
S21403B140208008B1012010BD0220FCE72DE9F0475E
S21403B15080460F460646002402F1FF39BC4202D25F
S21403B16019F8015F25B9A6EB080080B2BDE8F087A1
S21403B1709A46A5F13102012A5AF8041B10D8324622
S21403B180322D02F8011B06D10134A4B2A74232D3F2
S21403B1900912B21C7170013453461646A4B2DDE799
S21403B1A0342D0CD10334BC42DDDA0B0A31707370D4
S21403B1B00B0C090EB370321DF170A4B2EBE7A5F1C8
S21403B1C03302062A0DD8303DADB22B19BB42CADA7C
S21403B1D02A463046013CDEF705FC15FA84F472195C
S21403B1E0EBE7A5F14102062A01D8373DECE79D8837
S21403B1F003F1080AE9E71646B5E770B50546008881
S21403B2000C4601F05BFFA04228880AD201F056FFE5
S21403B2100023221A19462846BDE8704092B2E6F784
S21403B22023BD2146E6F7B6FC002070BD38B50546BB
S21403B23001F028FF0446284601F040FF002201469D
S21403B2402046BDE83840FDF7B3BFF8B516460C46B2
S21403B2501D46BDF8187001F015FF0444304601F092
S21403B26011FF3A4641192046BDE8F840DEF7BABB5F
S21403B27070B50C46013189B20646F6F79DFD2146A8
S21403B28005463046F6F798FD00EB052080B270BD04
S21403B2901FB50123ADF80C2000930A46022301468E
S21403B2A003A802F0B2FC05B05DF804FB0FB437B593
S21403B2B0069D0021A8B201F059FF044601F0E2FE04
S21403B2C02CB1002207AB0193D1B28D4205D820469C
S21403B2D003B0BDE8304004B0704753F8041B8154F4
S21403B2E00132F1E773B504460D46402000211646A9
S21403B2F001F03CFFADF8060001F0C4FEBDF80630D1
S21403B30013B9002002B070BD402133462A462044BC
S21403B310FFF71CFF211889B20DF10600FFF76DFF3A
S21403B3200028EED1BDF80600ECE70EB403B503AA79
S21403B33052F8041B0192FFF7D5FF02B05DF804EB49
S21403B34003B070472DE9F7430F46012181461646A1
S21403B35001F0D0FE054658B1FFF768FF308088B984
S21403B360284601F0ABFE68B1192003B0BDE8F083B0
S21403B370484601F0A3FEFF2FA0EB0704E4B214D067
S21403B38014B934800020F0E72A4621462846FDF704
S21403B3900FFF80460028E7D03B464A4629460094DE
S21403B3A0FFF753FFA6F80080ECE70120DDE708B5BA
S21403B3B0FDF7E3FE437803F001001A074CBF103095
S21403B3C00830DB0644BF0830C0B21030C0B208BD38
S21403B3D010B50C4601F072FEA04234BF00200120D7
S21403B3E010BD7FB514460091024641F2092141F68D
S21403B3F009209DF820601D46002E18BF0146099BB4
S21403B4000020F6F701FDADF80E0010B9002004B0D9
S21403B41070BD01232A4621460DF10E00E6F724FCF3
S21403B4200028F3D1BDF80E00F1E738B50546FFF75F
S21403B430BEFF0446284601F041FE631C9BB28342CE
S21403B4400FD82846FDF799FE43785B0707D52146B4
S21403B4502846F6F7B1FC013004EB4004E4B220467C
S21403B46038BD0024FBE71FB5ADF80E0001F026FE3D
S21403B4700446BDF80E00FFF7D8FF00F10E03DBB25B
S21403B480BDF80E200146E01A80B200901046FFF782
S21403B490DCFEA4F10E0189B20DF10E00FFF7ADFE3E
S21403B4A004B010BD4278034612F0080006D0D20757
S21403B4B002D403F10800704703F10900704737B55B
S21403B4C005460C46FDF759FE437813F0100212D0DA
S21403B4D09CB103F001021B074FF0000329460093BB
S21403B4E020464FF0080354BF1832203202F08DFB7B
S21403B4F0012003B030BD1046FBE72046F9E773B5DD
S21403B50005460C46FDF739FE437813F0100211D0BA
S21403B51094B1012603F001021B0729464FF00803E6
S21403B520204654BF18322032009602F06EFB304697
S21403B53002B070BD1046FBE72046F9E700F00303B0
S21403B540012B08D0C30606D400F00C000C2814BF49
S21403B55008200920704702207047034611F00300B5
S21403B56005D003F00303022B14BF02200320704709
S21403B570F8B50C46064601F0A1FD631C834202D9CA
S21403B58000252846F8BD21463046F6F715FC074643
S21403B590FFF7D4FF3B060546F3D50444304601F0D7
S21403B5A08DFDA4B2631C9BB28342E9D82146304684
S21403B5B0F6F702FC01463846FFF7CFFF2844C5B22C
S21403B5C0DFE770B506460D46FFF7D2FF044610B90F
S21403B5D00024204670BD29463046F6F7EDFB82066A
S21403B5E0F7D5304601F06AFD2544ADB26B1C9BB21D
S21403B5F08342EDD829463046F6F7DEFB00F0180303
S21403B600082B14BF05340634E4B2830644BF08345B
S21403B610E4B2DEE738B50546FFF707FF044608B988
S21403B620002038BD01462846FFF7CBFF0028F7D099
S21403B6302044C0B2F5E72DE9F04387B005460C4633
S21403B640FDF79BFD804602F0DFF907462846FFF725
S21403B650ECFE064601462846FFF78AFF002203460D
S21403B66000922946324602A802F0CFFA9DF80860F7
S21403B67006F00C030C2B06F003090BD0B9F1010FEF
S21403B68059D0F10657D49DF809300DF10A0500206C
S21403B690637107E0FF230DF10900637102F0B4F94B
S21403B6A00DF10B05208198F80130DA0704D508F16F
S21403B6B0020002F0A9F92081B9F1010F5FFA89F8B7
S21403B6C03DD0F3063BD4284602F09EF96080A81CC2
S21403B6D002F09AF9053515F8013C208023712B7882
S21403B6E0B006A37206F0400348BF43F020033906B2
S21403B6F027D543F40073F80448BF43F48063390541
S21403B70048BF43F400633206E38011D56A7812F02B
S21403B71003020DD06FEA43436FEA5343A978B8F1A7
S21403B720020FE3800B4611D1EB7841EA0321218116
S21403B73007B0BDE8F083FF230DF10905A7E7FF2354
S21403B740CCE77A0648BF43F48073D4E7012A04BFE4
S21403B7500B029BB22381EBE7F7F732B80BB1F7F78F
S21403B7609BB80AB9F7F714B9FF21F7F73DB8431C9E
S21403B77008BF0020DFF79ABB034B5868C0F30800E6
S21403B780003818BF0120704700ED00E0014B186831
S21403B790704700BFA45F0020084B1B6F03F007032E
S21403B7A0022B04D0032B05D0012B05D0FEE7044B58
S21403B7B018687047034BFBE7034870470080005048
S21403B7C0A45F0020AC5F0020002D310108B5FFF711
S21403B7D0E3FF054B1B6FC3F301330133B0FBF3F0F9
S21403B7E0024B186008BD00BF00800050A05F002019
S21403B7F00048704700B4C40400487047002D310168
S21403B800014B1868704700BFAC5F0020174A936867
S21403B810C3F304430C2B0AD8DFE803F00B0909092A
S21403B8200909072119091B1D1F001148704700202D
S21403B8307047936803F04073B3F1807F11D0B3F180
S21403B840007F10D0002B0B4818BF002070470A4813
S21403B85070470A4870470A4870470A4870470A48BC
S21403B86070470A4870470A48704700BF0040015AAD
S21403B870405DC60000093D00C0EA210180BA8C0184
S21403B8800048E801005A62020024F40080841E0087
S21403B89040420F00014B1868704700BFA85F0020A6
S21403B8A007B500F065FC6A4600F0C2FC18B14721F4
S21403B8B0034801F0CBFFDDE9000103B05DF804FBAC
S21403B8C044E203000229F8B596BF104B00245C5CE3
S21403B8D0012805460E4608D0022809D008B944F0C8
S21403B8E002040B4B1F6837B9F8BD44F00804F8E7A9
S21403B8F044F02004F5E77B681A68144203D0314607
S21403B90028465B6898473F68EDE700BFCE7804009B
S21403B9106835002038B5104D2B78ABB10F4C237823
S21403B9201BB100F031FA00232370002001F0A1FFC1
S21403B9300B4C50B100F07AFA0023012120782B70CB
S21403B940FFF7C0FF0123237038BD0122054B1A7091
S21403B9502278054B1A70F7E7285600202656002053
S21403B9602D560020295600202A5600200E490B7813
S21403B970FF2B01D198B170470BB990B970470028D7
S21403B98014BF0122FF2213440B7060B1074B1B78D0
S21403B990012B08D9064B1B782BB9FFF7BBBF1A46FA
S21403B9A0F1E70122EFE770472C5600202D560020C2
S21403B9B02956002010B501F04AFE064B04461B78B4
S21403B9C01BB1BDE8104001F03DBEFFF7A3FF2046C4
S21403B9D0F7E700BF2556002002282DE9F04147D09F
S21403B9E029480378FF2B41D1002941D11A46134435
S21403B9F0DBB2037000293BD0244E3278012A37D9B4
S21403BA00002B3ED001F023FE214F04463B780BB3B8
S21403BA10204D2B781BB901222A701F4A1370DFF8BA
S21403BA207C8098F8003023B100F0AEF9002388F844
S21403BA300030204601F006FE012001F01AFF01F057
S21403BA4006FE2B7804461BB100F0F0F900232B709A
S21403BA5000233B70204601F0F5FD01243078A04218
S21403BA6006D02146FFF72EFF347001E013B931B933
S21403BA70BDE8F081002914BF0122FF22B7E70122A7
S21403BA80B5E70224EAE700BF2C5600202D56002017
S21403BA90285600202556002029560020265600202A
S21403BAA02DE9F04385B0EFF3108572B6AFF300804F
S21403BAB001F0B4FF002800F09280624E624F3378A4
S21403BAC023B10020FFF752FF00233370387878B98C
S21403BAD003A900F01DFB044650B95C4B039A1B6890
S21403BAE09A4200F284800120FFF740FF012333705F
S21403BAF03B78002B40F09980554B1B78002B00F0C9
S21403BB0091804FF00208534CDFF868912078404547
S21403BB1007D099F8003013B94146FFF7D3FE84F8EF
S21403BB200080B8F1020F0FD1DFF8248198F80030B7
S21403BB3053B9494B1B7823B900F020F90122474B30
S21403BB401A70012388F80030207800F0F7F899F887
S21403BB50003013B1424B1B782370AFF300802846A6
S21403BB6001F082FEEFF3108572B63E4B1A7852B19F
S21403BB7000221A703A4B20781B78984203D1012191
S21403BB802170FFF79FFE384800F082FA01F05AFF53
S21403BB908046002893D12E4F3B789BB189F800004E
S21403BBA0DFF8B89099F800301BB100F0EDF889F88B
S21403BBB00080002001F05DFE002839D000F036F941
S21403BBC000233B70337823B10020FFF7CFFE00231A
S21403BBD0337000212078FFF775FE00232370AFF340
S21403BBE00080284605B0BDE8F04301F03DBE1F4B7C
S21403BBF0D3F8008000F048F9039B80449845BFF4CF
S21403BC0072AF00F03BF98200039942F0020292B24F
S21403BC10CDE900422346164AA1EB0801124801F07B
S21403BC202AFE65E700F09CF86BE74FF001086AE729
S21403BC30012000F083F8284601F016FEEFF3108586
S21403BC4072B6B6E7275600202C5600207035002023
S21403BC50285600202D5600202B560020265600205E
S21403BC602A56002023560020743500206C35002009
S21403BC70B5B903002956002010B501F0E8FC0022F0
S21403BC80054B1C781A7001F0DDFC00F005FBE4B2EE
S21403BC902043C0B210BD00BF2456002038B501F0C3
S21403BCA0D6FC094B05461B78012B04D801F0CAFCC9
S21403BCB00024204638BD054B1C6800F0E5F8044414
S21403BCC0284601F0BFFCF4E72D5600206C35002013
S21403BCD01549164A0B6F10B503F007031360144A91
S21403BCE0144C9269032B02F00200C2F34002227046
S21403BCF017D0D1F8203103F00703022B11D0D1F867
S21403BD00803203F001030C4A137048B143B9064B63
S21403BD10D3F8003103F00303591E4B424B41137013
S21403BD2010BD0123EFE700BF00800050D035002090
S21403BD3000C001503256002033560020012805D09B
S21403BD400238012808D80020CDF776BB034A1369CA
S21403BD5023F00403136130BF704700BF00ED00E01B
S21403BD60044B054AD3F8203103F007031360F7F7B3
S21403BD704BBF00BF00800050D83500200122014B86
S21403BD801A70704731560020F8B51F4B1B78002BEE
S21403BD9039D01E4C2378B3B91D4B9A6DD10302D507
S21403BDA0DA6D92072FD49B6DDB072CD401F0A6FD2A
S21403BDB0184B194A1860136F23F0070343F0030365
S21403BDC01367FFF703FD01F099FD124B134D1B6834
S21403BDD0134EC01A2B78134F56F8232046F8230029
S21403BDE0111A3A681048521A0A213A600932B2FB0D
S21403BDF0F1F20133DBB20260B3FBF1F201FB123363
S21403BE002B7000232370F8BD3356002030560020D5
S21403BE1000C00050C8350020008000502F56002078
S21403BE20A03500209C3500209835002008B5F7F78C
S21403BE30ECFE0D4A0D49136F096823F007030B4305
S21403BE4013670B49D2F82031096823F007030B4325
S21403BE50C2F82031074B1B7813B10122064B9A62B6
S21403BE60BDE80840FFF7B2BC00800050D035002084
S21403BE70D83500203356002000E00050014B1878D8
S21403BE80704700BF33560020054B187818B1054B92
S21403BE90186800EBD000044B1B681844704700BFBB
S21403BEA03356002098350020CC35002008B50D4BBE
S21403BEB01A7892B100221A700B4A136F23F0070305
S21403BEC043F001031367D2F8203123F0070343F04E
S21403BED00403C2F82031FFF779FC0122034B5A67AB
S21403BEE008BD00BF315600200080005000E000501F
S21403BEF00D490B68A0B10022A3B1834203D1836826
S21403BF0022B90B6003E01A469B68F5E793608368E3
S21403BF100BB9002070475A6941690A445A61F8E729
S21403BF202220704702207047E435002010B501F048
S21403BF3001FD0A4C0A4B19682368C31A09B9206025
S21403BF4010BD002BFBD04A699A423ABF9B1A0022C7
S21403BF50D21A4A6128BF00238968EFE7E03500203C
S21403BF60E435002038B5154D2B682BB35B69B3B1A8
S21403BF70134A022014681C4400F088FA204600F096
S21403BF8047FA00220F492B680A70012A05D823B105
S21403BF90D88880070AD501230B70002038BD0220FD
S21403BFA000F074FA022000F093FAEAE79B68002B8D
S21403BFB0F3D058690244E8E72220EFE7E43500208F
S21403BFC0E035002035560020C38870B504460D467C
S21403BFD03BB9FFF763FE8542064602D2F8F703FF36
S21403BFE035460E4A656113689BB91460A3600FE07B
S21403BFF02D1A986819466561034618B15869A84210
S21403C000F6D941B18C60A36013B15A69521B5A61C9
S21403C01070BD0021F2E71460F5E700BFE4350020A9
S21403C02070B516469DF81420C0E903360271049ACB
S21403C030BDF818300260002204460D468260C380B5
S21403C04006BB01F077FC2844A0613DB9E36865614F
S21403C05013B120462168984796B1354601F0F7FAA2
S21403C0600646FFF763FF29462046FFF7ADFF074B5B
S21403C0701B68A34201D1FFF775FF304601F0E2FAD1
S21403C080002070BD01F056FC3044DDE7E4350020A7
S21403C090F8B50546D0B101F0DAFA0646FFF746FFD3
S21403C0A00B4B28461F68FFF723FF044620B1304694
S21403C0B001F0C8FA2046F8BDAF42F8D1FFF752FFA9
S21403C0C02228F4D1022000F0EDF9F0E72224F1E76C
S21403C0D0E435002038B50C460546A8B1A1B10023C7
S21403C0E00B7001F0C1FA0121084B1B6833B901F04C
S21403C0F0B6FA002038BD9D4204D121702278002A6A
S21403C100F9D0F4E79B68F1E72220F3E7E435002053
S21403C110F8B506460F4601F0A7FA00250446124B6B
S21403C1201B6823B9204601F09AFA1B2011E05A69CE
S21403C1301544DA88B2420DD101F0FCFB0B4E33688E
S21403C140C01AA8420AD3002320463B6001F087FAB0
S21403C1500020F8BDFF2EEFD09B68E2E701F0EAFB74
S21403C16033682B441B1AEFE7E4350020E035002044
S21403C17070B501F079FA064601F0DCFB084B04467D
S21403C18001201D6801F0C6FB18B101F0D3FB04467D
S21403C1900135304601F063FA2046294670BD00BFDC
S21403C1A0EC350020014B1868704700BFE8350020C7
S21403C1B0F8B50C4B05461B680E4683420FD3002486
S21403C1C040F2E7302146084B4FF47A721F6800238B
S21403C1D0E5FB0701DDF748F830602046F8BD21206F
S21403C1E0FCE700BFDC350020E83500200F4B10B518
S21403C1F01A689AB14FF47A71531E1342A0FB0101D9
S21403C2000ED1B2FA82F2C2F11F04531CD243E040AD
S21403C21001FA03F3184321FA02F20243104610BD53
S21403C2200023DDF721F80246F8E700BFE8350020D3
S21403C23038B5164B14468342154B8B4123D3154B07
S21403C2401A6802B34FF47A75A0FB050305FB0131A8
S21403C250531E134211D1B2FA82F3C3F11F055A1CBF
S21403C260DB4301FA02F2E84021FA03F310431843D2
S21403C270E940C4E90001002038BD0023DCF7F4FFE1
S21403C280C4E90001F7E72120F6E700BFEFA7C64B96
S21403C29037894100E835002010B501F0E5F9034B76
S21403C2A01C7801F0DCF9E4B2204610BD34560020B9
S21403C2B008B5084B1B7803F0FF004BB101F01EFBDB
S21403C2C0054B1B689B69C01A02288CBF00200120FF
S21403C2D008BD00BF35560020E4350020C2072DE90F
S21403C2E0F843044607D5474A136801331360FFF73C
S21403C2F01DFEFFF737FEA30740F1818001F0B4F976
S21403C3004FF0000805464646FFF710FE3E4F3C68D2
S21403C3100CB16369A3B100223C4B012E1A7003D102
S21403C32018F0020F18BF1E70FFF71CFE222802D15A
S21403C330022000F0B7F82846BDE8F84301F08FB9AD
S21403C34023465A693AB91A792179914288BF1C461D
S21403C3509B68002BF5D1284601F081F9D4F81080AC
S21403C360B8F1000F3FD001F0E5FAA269851AEB1782
S21403C370454573F1000337DB23691344A3610123A7
S21403C3802269CAB1C3B9A38BB8EB050833B1E28BF4
S21403C39013449BB2B3F57A7F1CD2E38301F064F9AE
S21403C3A0054641462046FFF70FFEA3692269284645
S21403C3B01344A36101F053F9E36813B120462168DF
S21403C3C09847B4F8068001F04FF901360546FFF7A3
S21403C3D0ADFD9CE7A3F57A73E383A36918F1FF38F1
S21403C3E0013BA361DAE7454601F03EF98146204664
S21403C3F0FFF77EFD484601F032F90023C0E7BDE8AB
S21403C400F88300BFEC350020E435002034560020C6
S21403C41010B5044601F01BF94FF0B042936A1907B2
S21403C420FCD4136A116C5269120704D4CA1A032A7D
S21403C43001D899420ED1E21A022A98BFDC1CB4F145
S21403C440FF3F38BF013C4FF0B04308221C6403F59E
S21403C45080539A6101F0F6F8054A13783BB14FF022
S21403C460B041CB6B43F00203CB630023137010BDC4
S21403C4709A64002007B5044B01A9187901F08DF9D9
S21403C480019803B05DF804FB1077040000F0010385
S21403C4908207034A48BF43F008039361704700BF0F
S21403C4A000100058820700F001030AD50121064A4E
S21403C4B043F0080311704FF0B041CA6B22F0030239
S21403C4C0CA63024A936170479A64002000200058AA
S21403C4D0830742BF0822014B5A6170470010005879
S21403C4E073B502AB164603E90600044600F052FF96
S21403C4F00546204600F05EFF9DF800208DB1202CF7
S21403C50033780ED8012B2ED84FF6FF752D4803EB44
S21403C5104313234430F81310A94202D0013120F804
S21403C5201310294B294E33F8141036F814008142A1
S21403C53032D34FF6FF75A9424FF0010502D0013101
S21403C54023F8141004F0FD01092927D1998AB68A25
S21403C5500A44B242B4BF9A829E8233F814308342AE
S21403C56027D202B070BD022BDBD14FF6FF704FF619
S21403C570FF75144B33F81410814218BF013104F1D0
S21403C580210018BF23F8141033F81010A9421CBF5B
S21403C590013123F81010C4E70025D0E71D2CDCD1A9
S21403C5A0598F8E18864203DA01390A445A87D4E72C
S21403C5B05887002DD5D1204602B0BDE8704001F063
S21403C5C0D4B900BF5050002028510020D45000207A
S21403C5D038B50D46044601F047F8064A13889BB261
S21403C5E02DB123431380BDE8384001F038B823EA61
S21403C5F00403F7E7165500200022034B01214FF4EE
S21403C60080701A70FFF7E4BFB05B002008B5054BD7
S21403C6101868FCF7C2FB00F00300C31E58425841DB
S21403C62008BD00BF484D002038B5044601F03BFA6C
S21403C6300C4B05461978187981420FD0631E082BD8
S21403C6400CD8DFE803F0050D0B0D0B0D0D0D0D00DB
S21403C65000220146044B1868FCF79DFB284638BDAC
S21403C6600022F7E7C8640020484D002038B54FF095
S21403C670FF300C46FFF77BF80A4B05461868FFF7B2
S21403C68076F8641B241A20B210F1630F06DB10F150
S21403C690240F05DA64308000C0B238BD0020FCE702
S21403C6A0FF20FAE7484D002008B5134B1B78062BEE
S21403C6B004D040F62101114801F0C8F8104B1B883E
S21403C6C01B0704D440F622010C4801F0BFF80D4BBB
S21403C6D02A201978FFF7A8FF00210820FFF778FF24
S21403C6E00222094B1A70094B1868E3F7D5FDBDE81B
S21403C6F0084001F027B900BFB05B00209D7304001B
S21403C70016550020AD5B0020FD640020484D002038
S21403C71010B50E4C236823B940F6A3410C4801F02C
S21403C72095F82068013001F06FF900F00700032840
S21403C7300AD1246809220121204600F0E3FB205C8D
S21403C740031F5842584110BD0020FCE7384D002017
S21403C7509D73040038B50C4640B100210420FFF752
S21403C76037FF01F0EFF8012C1DD038BD244B1B8892
S21403C7709B07F6D50129234A2FD1117869B30139CE
S21403C780C9B2117011B92020FFF722FF0021022041
S21403C790FFF71EFF04221C4B00211C481A7000F0F2
S21403C7A05DFD01F0CFF81A4C2068013001F02CF93A
S21403C7B000F44060B0F5006F1FD124680121042205
S21403C7C0204600F09FFB204401F01EF90146BDE819
S21403C7D038400022202001F0E0B800210D4D022051
S21403C7E01170FFF7F5FE2B78FF2B04D040F299610A
S21403C7F0094801F02BF82C70B3E74FF6FF71E6E714
S21403C80016550020AF5B0020B05B00200C620020B2
S21403C810384D0020FE6400209D73040038B5134C89
S21403C82005462388580709D5FFF7F0FE014607207B
S21403C830FFF7FAFEFF210120FFF78CFF23889907F5
S21403C8400BD50B4B284619788A1F51425141FFF7E7
S21403C850EBFE01210020FFF77DFF23881B0703D58E
S21403C860BDE83840FFF720BF38BD00BF165500208F
S21403C870B05B0020F7B5124CD4E9006586EA020CDB
S21403C88085EA03070CEA000C0F405CEA070E15D096
S21403C89086EA0C067D40C4E90065CDE900230B4615
S21403C8A0084902460868FBF73AFE38B14FF4FD71B3
S21403C8B0054803B0BDE8F04000F0C8BF03B0F0BDC4
S21403C8C050160020484D00209D73040008B50A4BFF
S21403C8D01B88DB0604D440F64701084800F0B6FF81
S21403C8E000211020FFF774FE002000F06BFBBDE86C
S21403C8F0084001F027B800BF165500209D730400BA
S21403C9002DE9F04F5706804614461D4691B005D5CF
S21403C910FFF77CFE01460120FFF786FEEE0403D5F3
S21403C92000212D20FFF780FEA00224D54046FCF709
S21403C930E0FA0146F8B94020FFF74AFE40460AA946
S21403C940FBF7B4FEB8B99DF83030022B40F0D9801F
S21403C950BDF8280000F0B6FDFF2808D14046FBF7D7
S21403C960A3FE40B901214020FFF732FE03E000F0AA
S21403C970C3FD0028F2D1A10305D5FFF747FE014604
S21403C9800320FFF751FEE20104F0807640F1C080F9
S21403C990854B1B889B072DD5844E3068FBF71BFE03
S21403C9A040BB834B834F18703B78FF2B04D040F279
S21403C9B05761814800F04AFF4FF00009002102202A
S21403C9C0FFF706FE87F800907C4F3B78062B07D1CF
S21403C9D001210820FFF7FCFD49462820FFF724FE27
S21403C9E03B78052B06D100212B20FFF71DFE306870
S21403C9F0E3F752FC00F0A6FF220717D56B4F03217F
S21403CA00386805AAFBF701FE064620B940F2C9615D
S21403CA10694800F01BFF9DF81430072B00F0D08008
S21403CA20FFF7F4FD01460420FFF7FEFDE10505D5FB
S21403CA30FFF7ECFD01460420FFF7F6FD14F4863FEE
S21403CA4005D0FFF7E3FD01460220FFF7EDFDA20147
S21403CA5013D5FFF7DBFD01460820FFF7E5FD0021B0
S21403CA600420FFF7B5FD554B1B78012B03D14F4B25
S21403CA701868E3F711FC00F065FF14F0084F09D0BF
S21403CA80FFF7C4FD01460720FFF7CEFDFF21012077
S21403CA90FFF760FEA30009D5FFF7B8FD01460620A1
S21403CAA0FFF7C2FDFF210120FFF754FEA70705D5B8
S21403CAB03D4B1B881E0701D5FFF7F6FD6C0603D515
S21403CAC000210A20FFF7B0FD280602D50120FCF757
S21403CAD021FAE90540F1858140460AAA05A9FCF733
S21403CAE058F99DF81430222B00F06D8100F28281F4
S21403CAF0152B40F26A8140F60A112F4800F0A6FE75
S21403CB006FE1032B7FF437AF0AA801F067F830E72D
S21403CB1005F0020756EA07030DD0284B262019789E
S21403CB20A1F1060EDEF1000141EB0E01FFF77CFDDD
S21403CB300121304611E004F0805656EA07030FD071
S21403CB401E4B26201978A1F1060CDCF1000141EBFF
S21403CB500C01FFF769FD02213846FFF7FBFD4BE7A3
S21403CB6004F0884151EA060309D0144B27201978AC
S21403CB708F1F79427941FFF757FD0221D9E705F068
S21403CB8008030B4302D02320FFF74EFD680703D5A7
S21403CB9000212420FFF748FDE9077FF52DAF00218C
S21403CBA02520FFF741FD27E716550020484D0020B6
S21403CBB0AF5B0020FE6400209D730400B05B002082
S21403CBC0314638680AAAFBF726FD20B14FF4DA612E
S21403CBD09E4800F03BFEBDF81630386802330AA9BB
S21403CBE0ADF82C30FBF719FD20B140F2DF61974812
S21403CBF000F02CFE0023009331460423386804AA71
S21403CC00FBF70DFD042804D040F2E4618F4800F0E2
S21403CC101DFEDFF8589299F80030C3BB0DF11100E2
S21403CC2000F0F2FE00F00700022830D1FFF7EEFC1A
S21403CC3001460920FFF7F8FC854B1B78062B23D10A
S21403CC40844B9DF813201B789A421DD19DF83530EE
S21403CC5023B940F2FA617D4800F0F8FD0DF11100AA
S21403CC6000F0D2FEC0F3001631462920FFF7DCFCA5
S21403CC7000210820FFF7ACFC774B1E70FFF748FD3A
S21403CC8010B93868E3F708FB00F05CFECEE6BDF8A3
S21403CC9016000121083080B200F068FA039030B91C
S21403CCA0FFF7B4FC01460420FFF7BEFCECE700F0F8
S21403CCB0E9F905AA014606463868FBF7B8FC99F871
S21403CCC000A0BAF1000F22D106F1010B584600F07E
S21403CCD09BFE83065AD53868FCF70BF90746FFF721
S21403CCE095FC05370146F8B2FFF79EFC584600F060
S21403CCF08BFE00F007000328584F2DD00121042097
S21403CD00FFF766FC4FF0FF30FBF7B0FC38600022FD
S21403CD105349BDF816300978F718F1549DF83630A4
S21403CD20BB709DF83730FB700A9B190E3971190CCE
S21403CD307971FB71190A99F80030B97123B97378C0
S21403CD4092B343F020037370002000F069F9787003
S21403CD50039800F071FA97E701210922304600F0A4
S21403CD60D1F8305C01210428C9D1FFF731FC4FF01C
S21403CD70FF30FBF77BFC3B4B38601B885806C6D559
S21403CD8051464020FFF724FC0122C1E7FFF73EFC93
S21403CD9001460920FFF748FC2D4B1B78012BB6D123
S21403CDA03868E3F779FAB2E723F02003CBE70122EA
S21403CDB07E33DBB202FA03F313F00A1F31D113F00A
S21403CDC0011F3FF498AE27202CE0012202FA03F35A
S21403CDD0254A1A402ABB13F0041FF4D1DA077FF55D
S21403CDE08AAEAB052FD50121802011B0BDE8F04FE8
S21403CDF0FFF7EEBB652B1AD8622B12D8452B0CD83F
S21403CE00422B0ED8352B06D8322B0AD8252B08D919
S21403CE10322BD8D06FE6422BFBE7552B05D8522B87
S21403CE20F7D92620FFF7FAFCDBE7622BF1E7952B11
S21403CE303FF661AE812BBAD8722BC4D0733B022B5C
S21403CE403FF659AEEDE711B0BDE8F08F9D730400D1
S21403CE50B05B0020AC5B0020FD640020344D002056
S21403CE60FF640020165500203A003800B35B00200C
S21403CE70024B1878B0FA80F040097047B05B002088
S21403CE8008B5064B4FF0FF311868FBF7A8FF0028DC
S21403CE90B8BF033040F3870008BD00BF484D0020ED
S21403CEA008B5074B1868FBF7CFFA30B1054BB3FB51
S21403CEB0F0F083B20BB1184608BD0120FCE700BFB3
S21403CEC0484D002040420F0038B510200C46012183
S21403CED0FFF77EFB064B1D68FFF7E2FF012200FB10
S21403CEE004F1044B2846FBF75FFF002038BD00BF64
S21403CEF0484D0020CDC80300014800F0A7BC00BF82
S21403CF00B7730400032A70B5144602D82C4B985CFA
S21403CF1070BD81F0010519B90D2A07D1FF20F7E787
S21403CF200D2A03D100780538C0B2F1E7084400F0B3
S21403CF306BFDC5F1040110F440660246C9B209D17F
S21403CF40042C0846E4D0052C16D112F0400F18BF67
S21403CF500846DDE7C5F10603042CD8B2D8D0B6F5EB
S21403CF60006F03D1C5F10805E8B2ECE7B6F5406FEC
S21403CF70E9D1C5F10E05F7E712F4404107D1062CB7
S21403CF80C6D0072CC4D0082C13D10130CCE75506E5
S21403CF905CBF831CD8B2062CBAD0B1F5004F02D1C1
S21403CFA0831CD8B2EDE7B1F5404FEAD100F1080390
S21403CFB0F7E7130744BF0530C0B20C2CA8D9ADE77A
S21403CFC0A4BD0400AC2370B5094C054603FB00431F
S21403CFD05E6D26B940F2FD31064800F037FCAC23FF
S21403CFE003FB0544002363653346BDE870401847DA
S21403CFF04C4D0020F473040010B40C461146AC22CA
S21403D000064B02FB0033586D20B95C655DF8044B94
S21403D010FFF75ABF02205DF8044B70474C4D0020C3
S21403D020AC22034B02FB003393F8A800704700BF03
S21403D0304C4D002028B1034B1B68C01A401001302A
S21403D04080B270470C4E002030B1044B00F1004014
S21403D0501B68013803EB4000704700BF0C4E0020EE
S21403D060064B1B68834206D8054B1B68834294BF56
S21403D0700020012070470020704700BF0C4E0020A0
S21403D080084E002010B5044608B9002010BD00F075
S21403D09018FD20B940F2CD41074800F0D7FB2046E3
S21403D0A0FFF7D2FF0028F0D00388DB0B14BFD0F8BD
S21403D0B00A000830EAE700BFCB73040010B508B9CE
S21403D0C0002010BDFFF7C0FF044600F0F1FC20B9B6
S21403D0D04FF49D61064800F0B9FB002CF0D023887E
S21403D0E0DB0B0ABF60882089C0F30C00E9E700BFAA
S21403D0F0CB73040038B5FFF7A7FF0D46044650B1BF
S21403D10000F0D6FC20B940F24151034800F09EFBE4
S21403D110023534F8150038BDCB73040070B5FFF73D
S21403D12093FF0C4616460546B0B100F0C1FC20B985
S21403D13040F24D510C4800F089FB3046FFF784FF60
S21403D14000F0B6FC20B940F24E51074800F07EFBD3
S21403D150023425F8146070BD40F25251BDE87040A9
S21403D160014800F073BB00BFCB7304002DE9F843FE
S21403D1700746884600F00CFC20B940F28E512A4838
S21403D18000F064FBFC1CA408284B64000434B7F5C9
S21403D190005F1E68A4B204D340F29551224800F003
S21403D1A055FB00F061FA224981460B687BB9214B97
S21403D1B01D68761BC6F34F06B44227D9002548469A
S21403D1C000F04DFA2846BDE8F843FFF733BFB8F141
S21403D1D0000F11D0174A15685A1BC2F34F02944228
S21403D1E0ECD81448620005EB44040460B8F1000F61
S21403D1F00FD113440B600CE0F61AC6F34F0676B94C
S21403D20040F2A651084800F021FBD7E705EB44049B
S21403D2101C6000236F80AB80EB802B80CFE7B4428B
S21403D220CCD8044A1568DCE7CB730400104E002004
S21403D230F84D0020084E002038B5054600F014FAD5
S21403D240044629460448002200F048FC2046BDE870
S21403D250384000F004BA00BF1C55002082684B4BD0
S21403D2602DE9F0419A4204460E46056815D121B1D0
S21403D27040F21311464800F0E9FA00F0F5F9236985
S21403D2801BB92B682BB924612C60BDE8F04100F074
S21403D290E6B91A6922611C61F6E700F0D0FA804607
S21403D2A0FEF76AFA20B14FF49571394800F0CEFACA
S21403D2B06FF000439E4221694BD22B7B08EB06029C
S21403D2C0002B4DD0AB6893424AD1531C002949D05A
S21403D2D06169994242D01EB9521AB2F1004F3DD944
S21403D2E0636123696E689C4203D19D21284800F040
S21403D2F0ADFA2F460023B4420BD0002B41D17269FE
S21403D3006169891AB1F1004F32D8326937469442BF
S21403D3102CD12269BD420CBF6A603A617BB926698B
S21403D320B44203D1B8211A4800F090FA3B46012EC6
S21403D33005D062697169521AB2F1004F23D99D4232
S21403D3400BBF6B681A69236122610CBF6C601C619A
S21403D35004E0434431B162699342C1D1BDE8F08130
S21403D3601346B3E76A6822616C60B9E71646C6E7F8
S21403D370A8EB0202B2F1004FC7D93B4637463669DF
S21403D380B9E71F46F9E733463669D0E78D1D020035
S21403D390DF7304000823064A12F8011B814205D0F6
S21403D3A0013B13F0FF03F7D118467047012070477F
S21403D3B055BE04000823064A12F8011B814205D015
S21403D3C0013B13F0FF03F7D118467047012070475F
S21403D3D04DBE040010B5082207490446DCF7FCFDE1
S21403D3E0B0FA80F04FF6FF732289400940009A4254
S21403D3F008BF40F0010010BD66BE040030B5044609
S21403D4000D4685B002B9084A1068516801AB03C3DC
S21403D41001AB03CB20602046ADF80C501B8861603F
S21403D420238105B030BD00BF28FE0300002270B57F
S21403D4300A4B1C780A4BD5B2AC4202D800200C70BB
S21403D44008E01E880132864205D30D701B881B1A1E
S21403D4505842584170BD1233EDE700BF2D5B0020E4
S21403D460D4520020F8B5154B04461D680E46E5B1A8
S21403D470134B1F78874218D900EB400305EBC3050F
S21403D48026B92B69DA0712D42046F8BD082231469E
S21403D490281DDCF7A1FD50B92B69DB07F4D4013452
S21403D4A0E4B2A74205F11805F0D1FF24ECE70134F6
S21403D4B0E4B2A74205F11805E2D1F6E7744E002060
S21403D4C01D6500200A4B01461B6830B52BB1094A7F
S21403D4D014780022D0B2844201D8FF2030BD5D8884
S21403D4E08D4202D11D69ED07F8D401321833F1E7F6
S21403D4F0744E00201D6500200F4A03461068D0B105
S21403D5000E4A12789A4215D919B203EB430300EB7D
S21403D510C300036913F001000DD0094A126832F8FC
S21403D520112002F4E2622AB913F00C0F14BF012093
S21403D5300020704701207047744E00201D650020B0
S21403D540704E0020094B1B686BB1094A1278824261
S21403D55009D900EB4000C20003EBC0000169C9070C
S21403D56001D5985C7047FF20704700BF744E0020BB
S21403D5701D6500200C4A0346106890B10B4A1278CA
S21403D5809A420DD903EB430300EBC300D0E9043200
S21403D59013F001004FF0000104D0184611467047FF
S21403D5A000200146704700BF744E00201D65002012
S21403D5B010B5164B187860B1154C2368CBB14FF4F1
S21403D5C0707200201349FFF717FD2368013B2360A1
S21403D5D010BDFFF755FC1049104A91F90040136837
S21403D5E084420B4C03F1010313602368B8BF087031
S21403D5F053B90B4800F09AFA0028E9D1BDE8104069
S21403D60001460748FFF72ABE0822DAE70F5C002028
S21403D610904E0020B1D503000A5C0020884E0020FF
S21403D62018640020054B1B682BB9054B1868003897
S21403D63018BF012070470120704700BF804E0020AE
S21403D6407C4E002010B962B6BFF36F8F7047EFF3BE
S21403D650108072B67047302383F31188704780F3C7
S21403D6601188BFF36F8F7047EFF31180302383F376
S21403D67011887047002070474FF4004070474FF4FE
S21403D6807A7070470122417803788A4030214B43F1
S21403D69041F2100103F1A04303F570335A5070476B
S21403D6A0B0F5802F24D010D8B0F5003F22D006D88E
S21403D6B028B3B0F5803F14BF012048207047B0F56B
S21403D6C0403F14BF01202C207047B0F5302F13D0F5
S21403D6D008D8B0F5E02F11D0B0F5202F14BF0120E5
S21403D6E010207047B0F57F0F14BF01200620704747
S21403D6F04B2070472A20704711207047212070471F
S21403D70008B570B100F022F84FF098435A6CD20275
S21403D710FCD5586D10F4702004D0BDE80840FFF720
S21403D720BFBF212008BD08B528B128220021DCF799
S21403D73007F9002008BD2120FCE7036A042B9FBFDE
S21403D74000EB83020133D16003627047036A052B43
S21403D75014D84FF09842116CC902FCD504339B00D1
S21403D76013650168103B11604168116050F8081F8B
S21403D77011604FF098420344984200D1704750F826
S21403D780041F1160F8E7836813B9816070475B680C
S21403D7905A68012AFBD15960704709B100F005B8F1
S21403D7A022207047012100F043B870B506460D46A7
S21403D7B0FFF75AFF04461D2E37D8DFE806F00F188A
S21403D7C0361C1E203622243636362628362A2C2E9B
S21403D7D0303636363634363636363632FDF7DCFFF6
S21403D7E0002628602046FFF73AFF304670BD01202A
S21403D7F0CBF7BCFBF4E70320FAE70420F8E70C209A
S21403D800F6E70220F4E70620F2E70720F0E7082011
S21403D810EEE70520ECE70920EAE70A20E8E70D2013
S21403D820E6E71020E4E70B20E2E700202126D8E70E
S21403D8300020704708B5FEF733F880B208BD08B578
S21403D840FEF72EF808BD704742DE704738B504462B
S21403D8500D4600F008F8FFF7FEFE29462046BDE811
S21403D8603840FFF7F1BF704710B962B6BFF36F8F4A
S21403D8707047012070472DE9FF410D4616461F46A7
S21403D8800446A8B14FF00008C0F81C80FEF700FC61
S21403D890BDF82C30424602939DF828302946CDE940
S21403D8A0007320463346FEF7BBFB04B0BDE8F081A9
S21403D8B02220FAE7F0B51F46002387B00D4616462A
S21403D8C004468DF81730A8B1C3610DF11701FEF7B2
S21403D8D001FC9DF817207AB9BDF834302946029327
S21403D8E09DF830302046CDE900733346FEF798FBAB
S21403D8F007B0F0BD2220FBE70320F9E738B5FFF7B2
S21403D900B3FE054600F016F804462846FFF7A7FEC2
S21403D910204638BD4FF0B04301285B6904D0022887
S21403D92005D1C3F3C000704703F001007047002021
S21403D930704770474FF0B0439A6A1207FCD4186AD0
S21403D9407047704708B5FFF7FCFF00F01DF808BDE9
S21403D95010B5FFF77CFE012104460846FEF73CF8A7
S21403D9602046BDE81040FFF76DBE10B5044600F034
S21403D97012F82046FAF7E6FC2046F7F79CFDBDE8CA
S21403D9801040F9F7AEB9704708B5FFF7FCFF08BDBE
S21403D9900120704770470020704730B589B00446B1
S21403D9A0ADF806108DF81020FFF7F4FC0546204668
S21403D9B0FFF700FD03469DB1BDF80600ABB900F0C6
S21403D9C0BAF8FF2808BF00200DF10F038DF80F00EB
S21403D9D01A46204604990593FEF782FD09B030BD2A
S21403D9E00028F5D00DF10603F2E700F0A4F8FF28AF
S21403D9F008BF0020BDF806308DF80F00ADF81A30CA
S21403DA008DF8180006ABE3E7008870470170090A33
S21403DA1041707047012070470120704738B5DAF728
S21403DA20CFFE0446D0F73AFB051E18BF2546D0F7AF
S21403DA3007FC041E18BF2C46FFF7ECFF002818BF90
S21403DA40204638BD38B5FEF717F90446F6F7EFFE5D
S21403DA5004281ED002284FF0000508BF0124F7F75C
S21403DA60F9FD042817D0022808BF0124F7F710FB96
S21403DA70042812D0022808BF0124FFF7CDFF04288C
S21403DA800DD0022808BF0124002D18BF002420460D
S21403DA9038BD0125E3E70125E8E70125EDE7002486
S21403DAA0F5E7FF20704708B5FFF7FBFF002008BD2A
S21403DAB008B520B1FFF7D4FA00F0010008BD012035
S21403DAC0FAE708B5FFF7C0FABDE80840FFF7F0BF6E
S21403DAD0008810B1C9B2FFF70DBB70472DE9F041BE
S21403DAE0B0F8008006460C46D5B2B8F1000F11D048
S21403DAF029464046FFF7FEFA224607462946404691
S21403DB00FFF70CFB3A4629462046FFF707FB34800F
S21403DB10BDE8F0810F46F5E703461B8808468B42AF
S21403DB2002D00021FFF7E6BA0020704700690038EC
S21403DB3018BF0120704700207047F8B506460D460B
S21403DB40FFF748FC0328044621D02846FFF742FC8B
S21403DB50032807461BD010F0020318D1A0070DD5E3
S21403DB60F90716D401233C43E20704D431892A89F2
S21403DB70914218BF002303F00100F8BD082229468E
S21403DB803046DCF729FAB0FA80F35B09EBE70020AE
S21403DB90F3E71846F1E770B50D4600210646FFF792
S21403DBA097FF044630B1FFF76DFA01462846FFF7A4
S21403DBB0C4FF08B1204670BD21463046FFF7ACFFD0
S21403DBC0EFE707B50DF10701FFF730FC20B19DF82D
S21403DBD0070003B05DF804FBFF20FAE708B500F082
S21403DBE009F8FF2804D0FFF7C5FCC0F3C00008BD42
S21403DBF00120FCE701460020FFF734BC08B5FFF719
S21403DC0061FCFF3818BF012008BD2DE9F84307461D
S21403DC100846154688461C469DF82090FFF732FABC
S21403DC204619A4B19EB14046FFF748FA25448542FB
S21403DC300FDC2246B9F1000F06D131463846DBF732
S21403DC40D1FE0020BDE8F88339463046F7E72120A9
S21403DC50F8E71D20F6E700000000000000000000C3
S21403DC60F8B500BFF8BC08BC9E467047F8B500BFC1
S21403DC70F8BC08BC9E4670475FF800F0DD5D0020E8
S21403DC805FF800F0415D0020427574746F6E207675
S21403DC90616C7565206368616E67656420746F20C8
S21403DCA025640D0A0050726573732064657465639A
S21403DCB07465640D0A004D756C7469207072657323
S21403DCC0732064657465637465643A2025640D0A7D
S21403DCD00052656C6561736520646574656374657D
S21403DCE0640D0A004C6F6E67207072657373206450
S21403DCF0657465637465640D0A0072656C61795FAB
S21403DD00636C6561725F68616E646C65722025641E
S21403DD100D0A0072656C61795F73746172745F6C6F
S21403DD2061746368696E675F70756C73653A2061CA
S21403DD306E6F746865722070756C736520697320E6
S21403DD406163746976650D0A0072656C61795F7349
S21403DD50746172745F68616E646C65720D0A00723A
S21403DD60656C61795F6F6E0D0A0072656C61795F31
S21403DD706F66660D0A0072656C61795F746F67671C
S21403DD806C650D0A0057726974696E6720636F6E5F
S21403DD9066696720746F206E763A2025730D0A0035
S21403DDA053697A653A2025640D0A004661696C65F5
S21403DDB06420746F2077726974652044455649431E
S21403DDC0455F434F4E4649475F4441544120746F75
S21403DDD0204E562C207374617475733A2025642E76
S21403DDE0202862797465733A202564290D0A007326
S21403DDF0756363657373210D0A004661696C656418
S21403DE0020746F2072656164204E565F4954454DF9
S21403DE105F4445564943455F434F4E4649472C208A
S21403DE207573696E672064656661756C7420636FCD
S21403DE306E66696720696E73746561642C207374FB
S21403DE40617475733A2025642E202862797465738D
S21403DE503A202564290D0A005573696E6720636F9F
S21403DE606E6669673A20256420636861727320666C
S21403DE70726F6D0D0A25730D0A00747579613B7414
S21403DE807579612D33473B4C46303B534634753BDF
S21403DE905246353B4941333B534131753B52413240
S21403DEA03B4946323B53443135753B5241353B493A
S21403DEB041303B4D3B004E6574776F726B20737435
S21403DEC061747573206368616E67656420746F2080
S21403DED025640D0A004D616E75666163747572651F
S21403DEE07220746F6F206269670D0A004D6F646558
S21403DEF06C20746F6F206269670D0A00496E69743F
S21403DF0069616C697A696E67205A6967626565201C
S21403DF10776974682025642073776974636865730A
S21403DF2020616E642025642072656C6179730D0A26
S21403DF3000436F6E66696720706172736564207351
S21403DF4075636365737366756C6C790D0A00726529
S21403DF5061642076657273696F6E20666F726D20DA
S21403DF606E6577206C6F636174696F6E0D0A004689
S21403DF7061696C656420746F207772697465206CC0
S21403DF806173745365656E56657273696F6E20743C
S21403DF906F204E562C2073743A2025640D0A004FCA
S21403DFA06C642076657273696F6E3A2025640D0A79
S21403DFB00043757272656E742076657273696F6E50
S21403DFC03A2025640D0A00524553455420414C4CD3
S21403DFD0210D0A002F686F6D652F72756E6E657260
S21403DFE02F776F726B2F747579612D7A6967626507
S21403DFF0652D7377697463682F747579612D7A69F3
S21403E000676265652D7377697463682F73696C61DE
S21403E01062735F746F6F6C732F73696D706C696373
S21403E0206974795F73646B2F2E2E2F2E2E2F7372C7
S21403E030632F73696C6162732F68616C2F7A6967EB
S21403E0406265652E63004174747269627574652037
S21403E0506368616E6765642C2065703A2025642CBE
S21403E06020636C75737465723A2025642C20617482
S21403E07074723A2025640D0A00556E6B6E6F776EC8
S21403E08020636F6D6D616E643A2025640D0A004946
S21403E0906E64657820617420777269746520617494
S21403E0A074723A2025640D0A004E6F2073776974E4
S21403E0B0636820636F6E66696720696E204E562C10
S21403E0C0207573696E672064656661756C74730D7D
S21403E0D00A00496E76616C69642072656C61795FCB
S21403E0E0696E64657820256420696E204E562C2060
S21403E0F0726573657474696E6720746F20646566F1
S21403E10061756C740D0A003E2000556E6B6E6F775A
S21403E1106E206572726F7200496E70757420627538
S21403E120666665722069732046554C4C004D6178CF
S21403E130696D756D206E756D626572206F66206100
S21403E1407267756D656E747320657863656564655F
S21403E150640054686520617267756D656E74206926
S21403E16073206E6F7420666F726D617474656420BD
S21403E170636F72726563746C7900496E636F727253
S21403E18065637420617267756D656E74207479704B
S21403E1906500496E636F7272656374206E756D6297
S21403E1A06572206F6620617267756D656E747300A5
S21403E1B04E6F20636F6D6D616E6420666F756E645F
S21403E1C00075696E7438006164646974696F6E61A2
S21403E1D06C002A00756E6B6E6F776E0077696C64E1
S21403E1E063617264006865786F7074007374726933
S21403E1F06E676F70740075696E7433326F70740077
S21403E20075696E7431366F70740075696E74386F25
S21403E21070740068657800737472696E6700756958
S21403E2206E7431360075696E743332002E2E2E20CE
S21403E2300068656C70000A25730A2573257300252C
S21403E240732008002F686F6D652F72756E6E65728A
S21403E2502F776F726B2F747579612D7A6967626594
S21403E260652D7377697463682F747579612D7A6980
S21403E270676265652D7377697463682F73696C616C
S21403E28062735F746F6F6C732F73696D706C696301
S21403E2906974795F73646B2F706C6174666F726DEB
S21403E2A02F736572766963652F6C65676163795F43
S21403E2B068616C2F7372632F626173652D7265706C
S21403E2C06C6163656D656E742E63002F686F6D6594
S21403E2D02F72756E6E65722F776F726B2F747579EA
S21403E2E0612D7A69676265652D7377697463682F34
S21403E2F0747579612D7A69676265652D73776974BC
S21403E30063682F73696C6162735F746F6F6C732FCE
S21403E31073696D706C69636974795F73646B2F706E
S21403E3206C6174666F726D2F736572766963652FA1
S21403E330746F6B656E5F6D616E616765722F6C657A
S21403E340676163792F7372632F736C5F746F6B658A
S21403E3506E5F6D616E616765722E63002F686F6D09
S21403E360652F72756E6E65722F776F726B2F74756D
S21403E37079612D7A69676265652D73776974636859
S21403E3802F747579612D7A69676265652D73776970
S21403E3907463682F73696C6162735F746F6F6C73F9
S21403E3A02F73696D706C69636974795F73646B2F1F
S21403E3B0706C6174666F726D2F73657276696365D0
S21403E3C02F746F6B656E5F6D616E616765722F6C20
S21403E3D065676163792F7372632F736C5F746F6BFA
S21403E3E0656E5F6D616E75666163747572696E677F
S21403E3F02E630043757272656E7420436F6E666992
S21403E400673A202530780053657420434341206DD6
S21403E4106F646520746F2025643A20253078006584
S21403E4206E61626C65640064697361626C65640046
S21403E4306F757428636C69656E742900696E20288D
S21403E44073657276657229004D4647205374726968
S21403E4506E673A202573004170704275696C646577
S21403E46072204D464720436F64653A203078253046
S21403E4703458006E6F6465205B0041646469746998
S21403E4806F6E616C20696E74657266616365730096
S21403E490202025643A200070616765205B25645D53
S21403E4A0206368616E205B25645D20707772205B55
S21403E4B025645D006E6F742061637469766500651C
S21403E4C072726F72203078253038580070616E494A
S21403E4D044205B3078253034585D206E6F64654980
S21403E4E044205B3078253034585D20007870616EA8
S21403E4F0205B307800706172656E744944205B302F
S21403E50078253034585D20706172656E745273736B
S21403E51069205B25645D006E6F64655479706520C1
S21403E5205B005365637572697479206C6576656CF8
S21403E530205B253032585D006E6574776F726B20F2
S21403E5407374617465205B253032585D2000427514
S21403E550666665722062797465733A202564202F97
S21403E56020256400457020636E743A202564006598
S21403E57070202564205B656E64706F696E74202559
S21403E580732C206465766963652025735D20006EB1
S21403E590776B205B25645D2070726F66696C6520FF
S21403E5A05B3078253034585D206465764964205B9B
S21403E5B03078253034585D20766572205B307825B8
S21403E5C03032585D0020202020257320636C75733D
S21403E5D07465723A2030782530345820004E776BB5
S21403E5E020636E743A202564006E776B20256420C2
S21403E5F05B25735D005072696D61727920287072B5
S21403E6006F290020206E6F646554797065205B3037
S21403E61078253032585D00202073656375726974FF
S21403E6207950726F66696C65205B30782530325896
S21403E6305D0045502025643A2025732000457272FC
S21403E6406F723A2020556E6B6E6F776E20656E6420
S21403E650706F696E742E00456E61626C6520657618
S21403E660656E7420646562756720696E666F2069DF
S21403E6706E20436F726520434C4920636F6D706F45
S21403E6806E656E74006F6E6C7920636F6F7264696B
S21403E6906E61746F72732063616E20666F726D0AAB
S21403E6A0006A6F696E203078253038580A006C652A
S21403E6B0617665002573203078253032580A00725B
S21403E6C0656A6F696E446966664465766963655410
S21403E6D0797065006578742E2050414E2049443A7F
S21403E6E020004E574B206F70656E3A2025752073B9
S21403E6F06563004E574B20636C6F736564006669F1
S21403E7006E64206A6F696E61626C653A20307825A4
S21403E7103032580066696E6420756E757365643AA8
S21403E72020307825303258004368616E67696E671B
S21403E73020746F206368616E6E656C2025643A20D2
S21403E74030782530325800696E76616C6964206EC5
S21403E7506574776F726B20696E6465780053686FB3
S21403E76072742049443A203078253034582C20459A
S21403E770554936343A20002C2050616E2049443ADD
S21403E78020307825303458005374617274656420E1
S21403E7906D756C74692D70687920696E7465726620
S21403E7A0616365004661696C656420746F20257338
S21403E7B020257320307825303258005465726D69F1
S21403E7C06E617465642025732030782530325800D6
S21403E7D04B65657020616C69766520737570706F24
S21403E7E0727420656E61626C65642E006661696C86
S21403E7F0656420746F20736574206B656570206193
S21403E8006C697665206D6F64652E0073756363654A
S21403E810737366756C6C79207365742074686520F1
S21403E8206368696C642074696D656F7574206F70B6
S21403E83074696F6E206D61736B2E006661696C651B
S21403E8406420746F20736574207468652063686938
S21403E8506C642074696D656F7574206F7074696F6E
S21403E8606E206D61736B2E00646973636F766572D9
S21403E870004D61746368202573792066726F6D207E
S21403E8803078253034582C206570202564004E5788
S21403E8904B204164647265737320726573706F6E88
S21403E8A073653A203078253034580049454545206D
S21403E8B04164647265737320726573706F6E7365FB
S21403E8C03A20005365727669636520257379206460
S21403E8D06F6E652E00232020747970652020206ECD
S21403E8E0776B20206C6F6320202072656D202020BC
S21403E8F0636C75732020206E6F6465202020657519
S21403E90069002020256420202020307825303458C4
S21403E910202030782530345820203078253034585D
S21403E920203078253034582000736C5F7A6967622C
S21403E93065655F6765745F62696E64696E672045C7
S21403E94072726F723A203078253038580A00256480
S21403E950206F662025642062696E64696E67732083
S21403E9607573656400656E61626C656420707269B8
S21403E9706E740064697361626C6564207072696E9C
S21403E9807400616464206C696E6B206B6579004566
S21403E99052523A2043616C63756C6174656420431C
S21403E9A0524320646F6573206E6F74206D617463C9
S21403E9B068004552523A20496E7374616C6C20436A
S21403E9C06F6465206D75737420626520382C203162
S21403E9D0302C2031342C206F722031382062797429
S21403E9E0657320696E206C656E67746800455252C5
S21403E9F03A204145532D4D4D4F206861736820667C
S21403EA0061696C65643A2030782530325800536566
S21403EA1074206A6F696E696E67206C696E6B206B13
S21403EA206579007365742062696E642025643A20F4
S21403EA3030782530327800454D50545900554E49AC
S21403EA404341004D324F4E45004D554C5449003F0F
S21403EA502020202000496E646578204945454520DE
S21403EA6041646472657373202020202020202020B8
S21403EA704E574B496E6465782020496E20464320E6
S21403EA802020202054544C28732920466C6167208C
S21403EA902020204B6579202020200025642020207C
S21403EAA02020002020256420202020202020002055
S21403EAB02025303858202000203078253034582040
S21403EAC02000496E646578204945454520416464C5
S21403EAD072657373202020202020202020496E207A
S21403EAE046432020202020547970652020417574E9
S21403EAF06820204B6579002D2020202020002563E8
S21403EB0020202020202563202020202000696573F4
S21403EB10005741524E494E473A20205245414449F8
S21403EB204E47204F46204B45592056414C5545539A
S21403EB302044495341424C4544204259204D4647C0
S21403EB4020544F4B454E004E574B204B65790025BE
S21403EB5073206F75742046433A20253038580025B5
S21403EB607320736571206E756D3A203078253032C8
S21403EB7058002573206F75742046433A2025303895
S21403EB807800544320257320002573205461626C5B
S21403EB90650025642F256420656E7472696573208D
S21403EBA0757365642E005472616E7369656E7420A6
S21403EBB04B657900256420656E7472257320636F38
S21403EBC06E73756D696E67202564207061636B656F
S21403EBD0742062756666657225732E0057494C4C21
S21403EBE00057494C4C204E4F540054727573742092
S21403EBF043656E74657220257320616C6C6F772095
S21403EC0074727573742063656E7465722072656AB8
S21403EC106F696E73207573696E672077656C6C2DEC
S21403EC206B6E6F776E206B65792E00536574207458
S21403EC30696D656F757420666F7220547275737490
S21403EC402043656E7465722072656A6F696E732001
S21403EC507573696E672077656C6C2D6B6E6F776E58
S21403EC60206C696E6B206B657920746F2025642099
S21403EC707365636F6E64732E004552524F523A208B
S21403EC80002573737461636B206D757374206265FE
S21403EC9020646F776E2E0052656164696E6720414B
S21403ECA06C6C6F7765640048617368696E67206F84
S21403ECB06E6C7900736C5F7A69676265655F6B6516
S21403ECC0795F73657474696E67735F743A2030781E
S21403ECD0253034580020205065726D697373696F50
S21403ECE06E733A202573004572726F723A2046613E
S21403ECF0696C656420746F2067657420636F6E6645
S21403ED0069672C207374617475733A2030782530E4
S21403ED103858004661696C65643A20307825303887
S21403ED2058004D73673A20636C757320307825302E
S21403ED3034582C20636D64203078253032582C20CC
S21403ED406C656E202564006275666665723A2000FF
S21403ED50454D4245525F002573534543555249542A
S21403ED60595F4C4556454C3A20253032580025739A
S21403ED706572617365206B65792025643A20307867
S21403ED802530385800636D64206E6F742062756991
S21403ED906C740073726320657020253032782C20E3
S21403EDA0636C757320253034780073656E64696E02
S21403EDB06720746F206D756C746963617374206269
S21403EDC0696E640025733A2065703A2025642C200A
S21403EDD0636C3A203078253034582C206174747272
S21403EDE03A20307825303458002C207376723A2037
S21403EDF025630025733A20726561643A20307825CE
S21403EE00303278002C207376723A2025632C2064E7
S21403EE10747970653A20307825303258004172672D
S21403EE20756D656E7420617420696E6465783A202A
S21403EE302564206973206F7574206F662072616E77
S21403EE40676500436F6D6D616E6420616C7265610A
S21403EE506479206275696C742E202043616E6E6F30
S21403EE607420736574204D46472073706563696626
S21403EE70696320636F646520666F7220636F6D6DD0
S21403EE80616E642E004D464720436F6465205365CC
S21403EE907420666F72206E65787420636F6D6D6183
S21403EEA06E643A2030782530345800557365204E0A
S21403EEB06578742053657175656E63652053657454
S21403EEC020666F72206E65787420636F6D6D616E59
S21403EED0643A203078253032580044697361626C96
S21403EEE0652044656661756C7420526573706F6E39
S21403EEF073652053657420666F72206E6578742080
S21403EF00636F6D6D616E643A203078253032580039
S21403EF104552523A2072656164696E672061747463
S21403EF207269627574652025303278004552523A0C
S21403EF30206174747269627574652073697A6520DA
S21403EF40256420746F6F206C6172676520666F722C
S21403EF5020627566666572004572726F723A20614A
S21403EF60747472696275746520494420307825305C
S21403EF703458207265706F727461626C65206368C2
S21403EF80616E67652069732073697A65202564421C
S21403EF902C206275742025644220656E7465726544
S21403EFA0640A006E6F20636D64004572726F723A76
S21403EFB020434C492053656E64206661696C656422
S21403EFC02C207374617475733A2030782530385862
S21403EFD0004572726F723A202045554936342061D7
S21403EFE07267756D656E7420697320656D707479CC
S21403EFF020616E64206C6F6F6B7570206279206E73
S21403F0006F6465204944206661696C65642E004719
S21403F010726F757000556E696361737400556E6226
S21403F020696E6420257320257330782530325800A6
S21403F030526571756573743A20005A444F2073699C
S21403F0406D706C652064657363207265712025306E
S21403F0503278005A444F206E6F646520646573638C
S21403F060207265712025303278005A444F206D6136
S21403F070746368206465736320726571202530327B
S21403F08058005573696E67206D79206C6F63616CE9
S21403F09020455549363420666F72206465737420A4
S21403F0A0455549363420696E2062696E64696E6719
S21403F0B0005A444F2062696E6420726571202530C1
S21403F0C0327800636C7573746572206C696D69744D
S21403F0D0207265616368656400696E76616C696455
S21403F0E020706167653A202564206F72206368612B
S21403F0F06E6E656C3A202564004368616E67652012
S21403F1006368616E6E656C207374617475733A2000
S21403F110307825303278006475726174696F6E20BA
S21403F1206D75737420626520696E2072616E676503
S21403F1302030202D203500636F756E74206D757337
S21403F1407420626520696E2072616E6765203120C7
S21403F1502D2038007363616E207374617475732099
S21403F160307825303258006E6574776F726B207571
S21403F1707064617465207365742073746174757349
S21403F180203078253032580041637469766520450F
S21403F190502072657175657374207374617475732A
S21403F1A03A20307825303258004C51492054616259
S21403F1B06C6520726571756573743A2030782530F6
S21403F1C032580042696E64696E67205461626C65EA
S21403F1D020726571756573743A203078253032581D
S21403F1E0004C6561766520257330782530325800EB
S21403F1F0506F7765722044657363726970746F72BB
S21403F200202573307825303258005573696E672091
S21403F2106D79206C6F63616C2045554936342066E2
S21403F2206F72206465737420455549363420696EC1
S21403F23020756E62696E64696E6700526F757465D9
S21403F240205461626C65202573307825303258006F
S21403F2502F686F6D652F72756E6E65722F776F727E
S21403F2606B2F747579612D7A69676265652D73777F
S21403F270697463682F747579612D7A696762656549
S21403F2802D7377697463682F73696C6162735F7437
S21403F2906F6F6C732F73696D706C69636974795FD4
S21403F2A073646B2F70726F746F636F6C2F7A6967FA
S21403F2B06265652F6170702F6672616D65776F7218
S21403F2C06B2F636F6D6D6F6E2F736C5F7A696762FA
S21403F2D065655F73797374656D5F636F6D6D6F6E70
S21403F2E02E6300457874656E6465642052657365A5
S21403F2F07420696E666F3A2030782530345820289B
S21403F300257329002F686F6D652F72756E6E657293
S21403F3102F776F726B2F747579612D7A69676265C3
S21403F320652D7377697463682F747579612D7A69AF
S21403F330676265652D7377697463682F73696C619B
S21403F34062735F746F6F6C732F73696D706C696330
S21403F3506974795F73646B2F70726F746F636F6C0D
S21403F3602F7A69676265652F6170702F6672616DAB
S21403F37065776F726B2F636F6D6D6F6E2F7A69672C
S21403F3806265655F6170705F6672616D65776F72E7
S21403F3906B5F736C6565702E6300537461792061CF
S21403F3A077616B65207768656E206E6F74206A6F71
S21403F3B0696E65643A20257300466F726365642040
S21403F3C073746179206177616B653A202020202071
S21403F3D02020202020257300466F7263696E672005
S21403F3E064657669636520746F2073746179206140
S21403F3F077616B6500416C6C6F77696E6720646537
S21403F4007669636520746F20676F20746F20736C52
S21403F410656570002F686F6D652F72756E6E657209
S21403F4202F776F726B2F747579612D7A69676265B2
S21403F430652D7377697463682F747579612D7A699E
S21403F440676265652D7377697463682F73696C618A
S21403F45062735F746F6F6C732F73696D706C69631F
S21403F4606974795F73646B2F70726F746F636F6CFC
S21403F4702F7A69676265652F6170702F6672616D9A
S21403F48065776F726B2F636F6D6D6F6E2F7A69671B
S21403F4906265655F737461636B5F736C6565702E1D
S21403F4A0630052583A205265736574546F4661631D
S21403F4B0746F727944656661756C747343616C6CC2
S21403F4C06261636B00657A737020636F756E746533
S21403F4D07273206661696C656420257500657A73AE
S21403F4E070205265736574205468726573686F6C18
S21403F4F064206572726F7220257500657A737020BA
S21403F500536574205468726573686F6C6420657203
S21403F510726F72202575002575292025733A2025DC
S21403F520750053657474696E6720546872657368F2
S21403F5306F6C6420636F6D6D616E64003F3F3F00C8
S21403F5404D6163205278204263617374004D61639A
S21403F550205478204263617374004D6163205278AF
S21403F560205563617374004D61632054782055639E
S21403F570617374004D61632054782055636173741E
S21403F580205265747279004D616320547820556368
S21403F590617374204661696C004150532052782091
S21403F5A04263617374004150532054782042636170
S21403F5B0737400415053205278205563617374006E
S21403F5C041505320547820556361737420537563F8
S21403F5D063657373004150532054782055636173F9
S21403F5E07420526574727900415053205478205524
S21403F5F063617374204661696C00526F757465208D
S21403F6004469736320496E69746961746564004E66
S21403F61065696768626F72204164646564004E655D
S21403F620696768626F722052656D6F766564004E17
S21403F63065696768626F72205374616C65004A6F10
S21403F640696E20496E6469636174696F6E0043680E
S21403F650696C64204D6F76656400415348204F768D
S21403F6606572666C6F7700415348204672616D651C
S21403F670204572726F7200415348204F766572724E
S21403F680756E204572726F72004E574B20464320AC
S21403F6904661696C757265004150532046432046A7
S21403F6A061696C7572650041534820584F66660061
S21403F6B041505320556E617574686F72697A65643C
S21403F6C0204B6579004E574B2044656372797074FE
S21403F6D0204661696C75726573004150532044651A
S21403F6E06372797074204661696C75726573005035
S21403F6F061636B65742042756666657220416C6C47
S21403F7006F63617465204661696C75726573005238
S21403F710656C61796564205563617374005068791C
S21403F72020746F204D4143207175657565206C69A3
S21403F7306D69742072656163686564005061636B0C
S21403F74065742056616C69646174652064726F70B9
S21403F75020636F756E74004E574B20726574727912
S21403F760206F766572666C6F77004343412046616F
S21403F770696C757265730042726F6164636173745A
S21403F780207461626C652066756C6C005054412071
S21403F7904C6F2050726920526571005054412048C6
S21403F7A069205072692052657100505441204C6F95
S21403F7B0205072692044656E696564005054412088
S21403F7C04869205072692044656E69656400505428
S21403F7D041204C6F20507269205478204162727425
S21403F7E000505441204869205072692054782041C3
S21403F7F0627274004164647265737320436F6E664D
S21403F8006C6963742053656E740043534C205278BE
S21403F810207363686564756C65206661696C6564EE
S21403F820000D004465627567207072696E74206708
S21403F830726F75702025730A0057726F6E6720709B
S21403F8406172616D657465720A0046696E64206153
S21403F8506E642042696E6420496E69746961746FD0
S21403F860723A20436F6D706C6574653A2030782564
S21403F8703032580053746172742074617267657411
S21403F8800046696E6420616E642042696E6420548B
S21403F89061726765740025733A2025733A203078C1
S21403F8A02530325800467261676D656E74617469FF
S21403F8B06F6E2052582077696E646F772073697A6B
S21403F8C0652073657420746F202564002F686F6D40
S21403F8D0652F72756E6E65722F776F726B2F7475E8
S21403F8E079612D7A69676265652D737769746368D4
S21403F8F02F747579612D7A69676265652D737769EB
S21403F9007463682F73696C6162735F746F6F6C7373
S21403F9102F73696D706C69636974795F73646B2F99
S21403F92070726F746F636F6C2F7A69676265652F89
S21403F9306170702F6672616D65776F726B2F706C76
S21403F9407567696E2F667261676D656E746174693B
S21403F9506F6E2F667261676D656E746174696F6E24
S21403F9602E630052583A2041646447726F75705292
S21403F9706573706F6E7365203078253032582C208F
S21403F9803078253034580052583A20566965774700
S21403F990726F7570526573706F6E7365203078255D
S21403F9A03032582C203078253034582C2022005200
S21403F9B0583A2047657447726F75704D656D62657A
S21403F9C07273686970526573706F6E7365203078F2
S21403F9D0253032582C203078253032582C00205BC6
S21403F9E03078253034585D0052583A2052656D6F92
S21403F9F0766547726F7570526573706F6E736520A8
S21403FA003078253032582C2030782530345800652D
S21403FA10705B253032585D2069645B253034585D51
S21403FA2000436C656172696E6720616C6C20677257
S21403FA306F7570732E004552523A204661696C65A5
S21403FA406420746F206372656174652062696E64F6
S21403FA50696E67202830782530325829004552527F
S21403FA603A2042696E64696E67207461626C652031
S21403FA7069732066756C6C004552523A207772693A
S21403FA8074696E67206E616D6520737570706F7232
S21403FA907420253032580052583A20416464477225
S21403FAA06F7570203078253034582C2022007576F8
S21403FAB00052583A205669657747726F7570203042
S21403FAC078253034580075767300766965775F67F6
S21403FAD0726F75700047726F7570733A206661694E
S21403FAE06C656420746F2073656E642025732072C2
S21403FAF06573706F6E73653A203078253032580020
S21403FB006765745F67726F75705F6D656D6265724A
S21403FB107368697020726573706F6E7365006465D1
S21403FB206661756C745F726573706F6E7365005291
S21403FB30583A2047657447726F75704D656D6265F8
S21403FB407273686970203078253032582C007575CA
S21403FB50620047726F7570733A206661696C6564FC
S21403FB6020746F2073656E642025733A20307825E1
S21403FB703032580052583A2052656D6F7665477298
S21403FB806F757020307825303458004552523A202D
S21403FB904661696C656420746F2064656C65746582
S21403FBA02062696E64696E67202830782530325883
S21403FBB0290072656D6F76655F67726F75700052A8
S21403FBC0583A2052656D6F7665416C6C47726F7557
S21403FBD070730052583A2041646447726F757049D7
S21403FBE0664964656E74696679696E672030782540
S21403FBF03034582C202200616464004368616E6EC2
S21403FC00656C206E6F742076616C69643A20256497
S21403FC10005072696D617279002573206D61736B94
S21403FC20206E6F7720307825303858005365636F21
S21403FC306E64617279004D61736B206E6F7420760B
S21403FC40616C69643A202564007072696D6172792B
S21403FC50007365636F6E646172790025733A20538F
S21403FC606574202573206D61736B20746F20307864
S21403FC7025303858005374617475730025733A2021
S21403FC8025733A004368616E6E656C206D61736B15
S21403FC903A00202020202831292030782530385873
S21403FCA0205B002020202028322920307825303879
S21403FCB058205B0053746174653A203078253032DF
S21403FCC05820282573290043757272656E74206365
S21403FCD068616E6E656C3A20256400546F74616CBF
S21403FCE020626561636F6E733A202564004A6F690C
S21403FCF06E20617474656D7074733A202564004ECB
S21403FD006574776F726B2073746174653A2030780C
S21403FD10253032580053746F700025732053746F68
S21403FD20702E2020436C65616E696E672075702E99
S21403FD300042726F616463617374696E67207065F5
S21403FD40726D6974206A6F696E00547275737420DD
S21403FD5063656E746572206C696E6B206B657920C3
S21403FD6075706461746520737461747573002573AC
S21403FD703A205741524E494E473A20736C5F7A6990
S21403FD80676265655F7365745F696E697469616CE4
S21403FD905F73656375726974795F737461746520E4
S21403FDA06661696C65642E20436F6E74696E75694F
S21403FDB06E6720776974686F757420696E737461F3
S21403FDC06C6C20636F64652E004572726F723A2006
S21403FDD0696E7374616C6C20636F646520736574FD
S21403FDE07570206661696C65642E20497320616EA8
S21403FDF020696E7374616C6C20636F646520666C37
S21403FE006173686564206F6E746F20746865206420
S21403FE1065766963653F00D0D1D2D3D4D5D6D7D81B
S21403FE20D9DADBDCDDDEDF00FFFFFFFFFFFFFFFFCE
S21403FE30005A6967426565416C6C69616E6365303B
S21403FE40390025733A2069737375696E6720736387
S21403FE50616E206F6E202573206368616E6E656C1D
S21403FE607320286D61736B2030782530385829004D
S21403FE70257320697320616C726561647920696EED
S21403FE802070726F677265737300537461727400C7
S21403FE904578616D696E696E6720626561636F6E32
S21403FEA0206F6E206368616E6E656C202564207714
S21403FEB06974682070616E49642030782530345840
S21403FEC0005468697320626561636F6E20697320EE
S21403FED06E6F742070617274206F6620746865207C
S21403FEE063757272656E74206368616E6E656C20EE
S21403FEF06D61736B2028307825303858292E2047BB
S21403FF00657474696E67206E6578742062656163D4
S21403FF106F6E2077686F7365206368616E6E656CBD
S21403FF20206269746D61736B206973207365742E28
S21403FF30004572726F723A20257320636F756C6486
S21403FF40206E6F7420617474656D7074206A6F69B7
S21403FF506E3A20307825303258004E6F2062656145
S21403FF60636F6E73206C656674206F6E20637572A4
S21403FF7072656E74206D61736B2E204D6F76696E9D
S21403FF806720746F206E65787420737461746500DF
S21403FF902573206A6F696E696E6720307825303462
S21403FFA058206F6E206368616E6E656C2025640052
S21403FFB025732053746174653A2025730045727265
S21403FFC06F723A20257320636F756C64206E6F74AE
S21403FFD02073657475702073656375726974793AF6
S21403FFE020307825303258004572726F723A2053AB
S21403FFF063616E20636F6D706C6574652068616EF7
S214040000646C65722072657475726E6564203078EF
S21404001025303258002573207363616E20636F6D3C
S214040020706C6574652E20426561636F6E7320681C
S214040030656172643A2025640025732073746163D5
S2140400406B207374617475732030782530325800D1
S2140400502573206E6574776F726B206A6F696E65A0
S214040060642E00257320747279696E67206E657835
S21404007074206E6574776F726B2E004E6F6E65001B
S2140400805363616E205072696D61727920436861B2
S2140400906E6E656C7320616E642075736520436FA5
S2140400A06E66696775726564204B65790053636193
S2140400B06E205072696D617279204368616E6E6558
S2140400C06C7320616E642075736520496E73746169
S2140400D06C6C20436F6465005363616E20507269D4
S2140400E06D617279204368616E6E656C7320616E13
S2140400F064205573652043656E7472616C697A6515
S21404010064204B6579005363616E205072696D619B
S2140401107279204368616E6E656C7320616E64202C
S21404012055736520446973747269627574656420D6
S2140401304B6579005363616E205365636F6E64612B
S2140401407279204368616E6E656C7320616E6420FC
S21404015075736520436F6E66696775726564204BB8
S2140401606579005363616E205365636F6E646172D4
S21404017079204368616E6E656C7320616E642075C9
S214040180736520496E7374616C6C20436F646500FC
S2140401905363616E205365636F6E646172792043A6
S2140401A068616E6E656C7320616E6420557365209D
S2140401B043656E7472616C697A6564204B65790078
S2140401C05363616E205365636F6E64617279204376
S2140401D068616E6E656C7320616E6420557365206D
S2140401E04469737472696275746564204B6579003A
S2140401F05363616E205072696D6172792043686141
S2140402006E6E656C7320616E642055736520416C58
S2140402106C204B6579732028696E7374616C6C204E
S214040220636F64652C2063656E7472616C697A65AD
S214040230642C206469737472696275746564290039
S2140402405363616E205365636F6E646172792043F5
S21404025068616E6E656C7320616E642055736520EC
S214040260416C6C204B6579732028696E7374616CDD
S2140402706C20636F64652C2063656E7472616C69B0
S2140402807A65642C20646973747269627574656433
S21404029029004F6E2F4F6666207365742076616C56
S2140402A075653A202530325820253032580045529C
S2140402B0523A2072656164696E67206F6E2F6F66AE
S2140402C0662025303258004F6E2F6F666620616CAC
S2140402D072656164792073657420746F206E657727
S2140402E02076616C756500546F67676C65206F6E69
S2140402F02F6F66662066726F6D2025303258207424
S2140403006F2025303258004552523A20777269746D
S214040310696E67206F6E2F6F666620253032580030
S214040320496E7374616C6C6564205479706520281A
S21404033042617365293A20203078253032580043CC
S21404034061706162696C69746965733A2020202063
S2140403502020202020202030782530345800426F7A
S2140403606F746C6F616465722056657273696F6E24
S2140403703A202020202030782530345800536563F6
S21404038075726520426F6F746C6F61646572204B82
S21404039065793A20202020202000426F6F746C6F0D
S2140403A06164696E67206661696C65642100446FE8
S2140403B0776E6C6F6164206661696C65642E0044B8
S2140403C0656C6574696E67206661696C6564206433
S2140403D06F776E6C6F61642C207374617475733AF6
S2140403E02030782530325800496D61676520646F87
S2140403F06573206E6F7420636F6E7461696E20611E
S2140404006E205570677261646520496D616765206A
S2140404105461672028307825303458292E20536BB1
S214040420697070696E6720757067726164652E0006
S214040430457865637574696E6720626F6F746C6F58
S21404044061642063616C6C6261636B2E005374613B
S2140404507274696E672045424C20766572696669D7
S214040460636174696F6E0045424C206661696C6511
S2140404706420766572696669636174696F6E2E00BE
S21404048045424C20706173736564207665726966B4
S21404049069636174696F6E2E002573696E67204FF9
S2140404A0544120636C69656E7420737461746520AE
S2140404B06D616368696E650073746F707000457271
S2140404C0726F723A204E6F20696D616765206174A1
S2140404D020696E646578202564004E6F74207375F9
S2140404E070706F727465642E00436C69656E742058
S2140404F0696D61676520717565727920696E666FCE
S214040500004D616E75662049443A20202020202044
S21404051020202030782530345800496D61676520E6
S214040520547970652049443A2020202030782530BC
S21404053034580043757272656E742056657273691A
S2140405406F6E3A202030782530385800486172643F
S214040550776172652056657273696F6E3A20004E35
S214040560410051756572792044656C6179206D731C
S2140405703A202020202020202020202020256C64C3
S2140405800053657276657220446973636F7665728C
S214040590792044656C6179206D733A20256C64007B
S2140405A0446F776E6C6F61642044656C6179206D6E
S2140405B0733A202020202020202020256C6400521E
S2140405C0756E20557067726164652044656C617948
S2140405D0206D733A202020202020256C6400566568
S2140405E0726966792044656C6179206D733A2020BF
S2140405F0202020202020202020256C6400446F77B3
S2140406006E6C6F6164204572726F722054687265F6
S21404061073686F6C643A20202564005570677261B5
S21404062064652057616974205468726573686F6CDA
S214040630643A202020202564004F544120446F77DC
S2140406406E6772616465733A2044697361626C65AF
S21404065064004F544120446F776E6772616465731B
S2140406603A20456E61626C656400426F6F746C6F0D
S21404067061642073746174653A20257300496E764C
S214040680616C6964204550202564207768656E2077
S214040690747279696E6720746F2073656E64204F78
S2140406A05441206D6573736167652E0053656E64EF
S2140406B0696E67205570677261646520456E6420B4
S2140406C0726571756573742E0025733A20696E76AB
S2140406D0616C696420636D64496420307825303227
S2140406E058004572726F723A20204661696C6564E0
S2140406F020746F2073656E64204F544120636F6DC1
S2140407006D616E64203078253032582C2073746105
S2140407107475733A203078253032580053657276F3
S214040720657220756E6B6E6F776E2C2066616C6CCE
S214040730696E67206261636B20746F2064697363FB
S2140407406F766572792E004D6178696D756D2071CE
S21404075075657279206572726F7273206869742089
S214040760282564292C207374617274696E6720735B
S214040770656172636820666F72206E6577204F54D9
S21404078041207365727665722E0A004170706C792A
S214040790696E6720757067726164650025733A2018
S2140407A0696E76616C6964206F666673657420632F
S2140407B0757272656E7454696D65283078253038A4
S2140407C05829203E207570677261646554696D65AA
S2140407D02830782530385829004F544120436C750A
S2140407E0737465723A207761697420666F72202587
S2140407F064207300525865642074696D654F75747F
S2140408002030782530385820732C204D41582074D9
S214040810696D654F7574203078253038582073001C
S2140408204D6178696D756D207570677261646520B9
S2140408307265717565737473206D6164652028250F
S214040840642920776974686F757420726573706F95
S2140408506E73652066726F6D207365727665722E90
S21404086000557067726164696E6720616E7977619E
S21404087079004F5441205365727669636520646934
S21404088073636F766572792070726576656E7465CB
S21404089064202D20616E6F74686572206973206110
S2140408A06C726561647920696E2070726F67726518
S2140408B07373004661696C656420746F20696E69A1
S2140408C0746961746520736572766963652064690A
S2140408D073636F766572792E004F544120536572A8
S2140408E07669636520446973636F766572792069F7
S2140408F06E2070726F677265737300436C69656E01
S2140409007420766572696669636174696F6E2066C1
S21404091061696C65642E005369676E6174757265EF
S21404092000437573746F6D0070617373656400467D
S21404093041494C4544004E6F207369676E61747577
S214040940726520766572696669636174696F6E2084
S214040950737570706F72742C20617373756D696E25
S2140409606720696D616765206973206F6B61792EF6
S21404097000257320766572696669636174696F6EB3
S2140409802025733A20307825303258004D61786936
S2140409906D756D206E756D626572206F6620646F6E
S2140409A0776E6C6F6164206572726F727320726505
S2140409B061636820282564292C2061626F7274693B
S2140409C06E672E004F544120436C75737465723AFB
S2140409D02073657474696E672049454545206164D3
S2140409E06472657373206F66204F544120636C7580
S2140409F073746572005061727469616C2066696C08
S214040A006520646F776E6C6F616420666F756E64C4
S214040A102C20636F6E74696E75696E672066726FDC
S214040A206D206F66667365742030782530385800FC
S214040A30466F756E642066756C6C7920646F776E8D
S214040A406C6F616465642066696C6520696E2073EA
S214040A50746F72616765202876657273696F6E209D
S214040A60307825303858292E00466F756E64206617
S214040A70696C6520696E2073746F72616765207790
S214040A8069746820646966666572656E7420766546
S214040A907273696F6E202830782530385829207490
S214040AA068616E2063757272656E74207665727303
S214040AB0696F6E2028307825303858290046696CCE
S214040AC06520696E2073746F726167652069732090
S214040AD073616D652061732063757272656E742030
S214040AE072756E6E696E672076657273696F6E20B6
S214040AF02830782530385829004E6F20696D616794
S214040B006520666F756E6420696E2073746F7261FB
S214040B1067652E004F5441205365727669636520DD
S214040B20446973636F7665727920756E626C6F6361
S214040B306B65640049676E6F72696E6720736572D1
S214040B407665722066726F6D206C6F6F706261637B
S214040B506B20616464726573730049676E6F7269B3
S214040B606E6720307825303458204F544120736502
S214040B707276657220696E20736561726368206F91
S214040B80662054430053657474696E67204F54415D
S214040B902053657276657220746F20307825303461
S214040BA0580044656C6179696E6720256420736516
S214040BB0636F6E6473206265666F7265207374611A
S214040BC07274696E67204F544120636C69656E7455
S214040BD00054696D656F75742077616974696E6712
S214040BE020666F72206D6573736167652E004261BF
S214040BF064204F544120636F6D6D616E643A2030FB
S214040C007825303258004F544120636F6D6D616E05
S214040C10642030782530325820746F6F2073686FE4
S214040C20727420286C656E202564203C206D696EE5
S214040C3020256429004F544120636F6D6D616E64F6
S214040C402066726F6D20756E7265636F676E697A63
S214040C506564207365727665722030782530345862
S214040C602E20204D79204F5441207365727665728C
S214040C703A2030782530345800496D616765204E37
S214040C806F7469667900476F7420756E6578706551
S214040C90637465642025732E202053746172742057
S214040CA0646973636F766572792E00646566617530
S214040CB06C74004F54413A206661696C6564207414
S214040CC06F2073656E6420257320726573706F6E73
S214040CD073653A2030782530325800496D6167656F
S214040CE0206E6F7469667900476F7420756E657838
S214040CF07065637465642025732E202049676E6FC3
S214040D007265642E004F54413A2044656661756CE2
S214040D107420726573706F6E736520666F722049F7
S214040D206D616765206E6F746966792C20737461D3
S214040D307475732030782530325800496D616765C4
S214040D40206E6F7469667920636F6D6D616E6400E2
S214040D50257320756E69636173742C2071756572D2
S214040D6079696E6700496E76616C69640025732044
S214040D702573207061796C6F6164207479706520C6
S214040D803078253032580025732025733A206F7545
S214040D9074206F662072616E6765206A6974746574
S214040DA0722025640025732025733A207061796CBF
S214040DB06F6164206C656E67746820646F65736E1B
S214040DC02774206D617463682074797065203078A8
S214040DD02530325820282564203C20256429002507
S214040DE0732025732064756520746F206E6F6E2DD6
S214040DF06D61746368696E67206D616E75666163A4
S214040E007475726572204944002573202573206426
S214040E10756520746F206E6F6E2D6D6174636869DE
S214040E206E6720696D616765207479706520494432
S214040E300025732025732064756520746F206D610A
S214040E40746368696E67206669726D77617265207F
S214040E5076657273696F6E0025732025732C205295
S214040E60782764204A69747465722028307825309F
S214040E703258292C205069636B6564204A6974745F
S214040E8065722028307825303258290051756572ED
S214040E9079206E65787420696D6167652072657364
S214040EA0706F6E73650025732072657475726E6557
S214040EB064203078253032582E20204E6F206E6500
S214040EC07720696D61676520746F20646F776E6C38
S214040ED06F61642E00257320746F6F2073686F72C1
S214040EE07420282564203C202564290025733A2094
S214040EF04E657720696D6167652069732061766148
S214040F00696C61626C6520666F7220646F776E6CC4
S214040F106F61642E002573206973206E6F742075CC
S214040F2073696E67206D7920696D61676520696EE7
S214040F30666F2E004552524F523A204E6578742002
S214040F40496D61676520697320746F6F20626967F5
S214040F5020746F2073746F726520283078253038BB
S214040F6058203E20307825303858290025732072C2
S214040F70657475726E65642073616D652046696C70
S214040F806556657273696F6E20617320637572723D
S214040F90656E746C7920696E7374616C6C65642E0E
S214040FA0004F544120446F776E6772616465732006
S214040FB044697361626C65643A2046696C6556657B
S214040FC07273696F6E20626568696E6420637572F9
S214040FD072656E7420696E7374616C6C6174696F8B
S214040FE06E005374617274696E6720646F776E6CFA
S214040FF06F61642C2056657273696F6E2030782595
S214041000303858004572726F723A204661696C65D2
S2140410106420746F2064656C65746520696D61670F
S214041020652E004572726F723A204661696C65647B
S21404103020746F206572617365206F6C642074651C
S2140410406D7020646174612E00496D61676520626D
S2140410506C6F636B20726573706F6E7365004F54AC
S214041060413A20496D616765426C6F636B526570E7
S2140410706F6E736520636F6E7461696E7320696E3C
S21404108076616C6964206F7220696E636F6D706C34
S2140410906574652064617461005570646174696E7A
S2140410A067204D696E20426C6F636B2052657175C4
S2140410B065737420506572696F6420746F202564AC
S2140410C0206D7300446F776E6C6F61642064656C8A
S2140410D061792062792073657276657220256420B2
S2140410E06D7300446F776E6C6F61642061626F721B
S2140410F0746564206279207365727665722E005377
S214041100657276657220646F65736E2774207375D6
S21404111070706F7274207061676520726571756592
S21404112073742C206F6E6C79207573696E672062F9
S2140411306C6F636B20726571756573742E005365EE
S214041140727665722072657475726E656420277592
S2140411506E737570706F7274656420636C757374E7
S214041160657220636F6D6D616E64272E00556E6B1D
S2140411706E6F776E202573207374617475732063A5
S2140411806F646520307825303258002573206861F6
S2140411907320646174612073697A65202825642944
S2140411A020736D616C6C6572207468616E20616377
S2140411B07475616C207061636B65742073697A65FD
S2140411C020282564292E002573206572726F723AD2
S2140411D0204578706563746564206F66667365740D
S2140411E0203078253038582C2062757420676F7448
S2140411F0203078253038582E202049676E6F726963
S2140412006E6700257320696E666F20646964206EBD
S2140412106F74206D61746368206D792065787065DD
S2140412206374656420696E666F2E202044726F7046
S21404123070696E672E004661696C656420746F2061
S214041240777269746520746F2073746F7261676552
S214041250206465766963652100446F776E6C6F6100
S21404126064005570677261646520656E64207265FB
S21404127073706F6E73650053657276657220616273
S2140412806F7274656420757067726164652C207370
S21404129074617475733A203078253032580045727C
S2140412A0726F723A2025732068616420696E7661D5
S2140412B06C69642025733A200066696C652076653F
S2140412C07273696F6E00416464696E6720256420DA
S2140412D06D732E2064656C617920666F7220696D6B
S2140412E06D65646961746520757067726164652EE6
S2140412F000436F756E74646F776E20746F2075701C
S21404130067726164653A202564206D730020537407
S2140413106174653A2020202573002057616974693A
S2140413206E6720666F7220726573706F6E73653AAF
S21404133020257300204E657874204576656E7420EB
S21404134054696D65723A202564206D7300204375D8
S2140413507272656E7420446F776E6C6F6164204F92
S21404136066667365743A2030782530385820282508
S214041370642525290025733A206661696C65642016
S21404138070617273696E67204F544120636D6420E8
S214041390307825303258004F5441204465666175D4
S2140413A06C7420726573706F6E736520746F20633F
S2140413B06F6D6D616E642049442030782530325854
S2140413C02C2073746174757320307825303258007D
S2140413D0496D61676520626C6F636B207265717519
S2140413E06573742074657374206F6E6C7920776FE0
S2140413F0726B73207768656E2073746174652069F8
S2140414007320424F4F544C4F41445F53544154450C
S2140414105F4E4F4E450052616E646F6D2044656C9E
S2140414206179206265666F726520737461727400F8
S214041430446973636F766572696E67204F54412002
S21404144053657276657200476574204F5441205385
S214041450657276657220455549004F627461696EFF
S214041460206C696E6B206B657900517565727969BD
S2140414706E67204E65787420496D61676500446F19
S214041480776E6C6F6164696E6720496D616765008D
S214041490566572696679696E6720496D616765008D
S2140414A057616974696E6720666F7220557067723B
S2140414B0616465206D65737361676500436F756E5F
S2140414C074646F776E20746F2055706772616465FC
S2140414D00057616974696E6720746F20757067724F
S2140414E061646520766961206F75742D6F662D6260
S2140414F0616E64206D656368616E69736D00257343
S2140415003A202564252520636F6D706C657465002C
S214041510496D6167652025640020204552524F526C
S2140415203A20436F756C64206E6F74206765742070
S21404153066756C6C206865616465722100202048BD
S21404154065616465722056657273696F6E3A203001
S2140415507825303458002020486561646572204C34
S214041560656E6774683A2020256420627974657312
S2140415700020204669656C6420436F6E74726F6C3D
S2140415803A20203078253034580020204D616E757E
S214041590662049443A202020202020203078253018
S2140415A03458002020496D61676520547970653A87
S2140415B020202020203078253034580020205665FE
S2140415C07273696F6E3A2020202020202020307805
S2140415D0253038580020205A6967626565205665AC
S2140415E07273696F6E3A20307825303458002020A4
S2140415F048656164657220537472696E673A202088
S2140416002573002020496D6167652053697A653A21
S2140416102020202020256C642062797465730020C5
S21404162020536563757269747920437265643A2041
S2140416302030782530325800202055706772616457
S2140416406520446573743A2020200020204D696E7E
S2140416502E204857205665723A20202020307825C0
S2140416603034580020204D61782E20485720566587
S214041670723A202020203078253034580020205418
S2140416806F74616C20546167733A202564002020CF
S21404169020205461673A20307825303458002020C2
S2140416A0202020204C656E6774683A20256C640000
S2140416B04572726F723A20436F756C64206E6F7455
S2140416C0206F627461696E2074616720696E666F4C
S2140416D02066726F6D20696D6167652E000A256449
S2140416E020696D6167657320696E204F54412073CD
S2140416F0746F726167652E00496D61676520646565
S2140417006C65746525732E004572726F723A2020DC
S214041710436F756C64206E6F74207265616420621A
S2140417206C6F636B3A203078253032582E0A00539B
S21404173074617274696E672065726173652066727F
S2140417406F6D206F66667365742030782530385860
S21404175020746F2030782530385800436F756C64D9
S214041760206E6F7420737461727420455241534521
S2140417702120283078253032582900454550524FCC
S2140417804D20457261736520636F6D706C6574657A
S214041790002F686F6D652F72756E6E65722F776F8A
S2140417A0726B2F747579612D7A69676265652D731E
S2140417B077697463682F747579612D7A69676265D1
S2140417C0652D7377697463682F73696C6162735FE0
S2140417D0746F6F6C732F73696D706C696369747959
S2140417E05F73646B2F70726F746F636F6C2F7A699C
S2140417F0676265652F6170702F6672616D65776FBD
S214041800726B2F706C7567696E2F6F74612D7374AD
S2140418106F726167652D73696D706C652D65657093
S214041820726F6D2F6F74612D73746F726167652D9F
S214041830656570726F6D2D706167652D6572617375
S214041840652E63002F686F6D652F72756E6E6572F8
S2140418502F776F726B2F747579612D7A696762655D
S214041860652D7377697463682F747579612D7A6949
S214041870676265652D7377697463682F73696C6135
S21404188062735F746F6F6C732F73696D706C6963CA
S2140418906974795F73646B2F70726F746F636F6CA7
S2140418A02F7A69676265652F6170702F6672616D45
S2140418B065776F726B2F706C7567696E2F6F7461C6
S2140418C02D73746F726167652D73696D706C652D09
S2140418D0656570726F6D2F6F74612D73746F7261AE
S2140418E067652D656570726F6D2E630053746F7235
S2140418F0616765204472697665723A20202020204C
S21404190020202020202020204F54412053696D7031
S2140419106C652053746F7261676520454550524F5D
S2140419204D20506C7567696E0052656164204D6F7A
S2140419306469667920577269746520537570706F90
S21404194072743A20206E6F00534F4320426F6F74B8
S2140419506C6F6164696E6720537570706F72743A49
S2140419602020202079657300426F6F746C6F616469
S21404197065722053746F7261676520537570706F5B
S21404198072743A20446F206E6F74207573652073EA
S2140419906C6F74730043757272656E7420446F774F
S2140419A06E6C6F6164204F66667365743A202020FF
S2140419B0203078253038580045424C2053746172E4
S2140419C074204F66667365743A20202020202020F9
S2140419D02020202030782530385800454550524F76
S2140419E04D2053746172743A202020202020202039
S2140419F020202020202020307825303858004545E7
S214041A0050524F4D20456E643A202020202020203E
S214041A1020202020202020202020307825303858F0
S214041A2000496D61676520496E666F205374617264
S214041A30743A2020202020202020202020307825C2
S214041A4030385800536176652052617465202862E8
S214041A50797465732920202020202020202020202F
S214041A60307825303858004F6666736574206F6684
S214041A7020646F776E6C6F6164206F66667365743E
S214041A80202020307825303858004F6666736574F9
S214041A90206F662045424C206F66667365743A2054
S214041AA0202020202020307825303858004F6666C5
S214041AB0736574206F6620696D6167652073746151
S214041AC072743A20202020202030782530385800A0
S214041AD0736C5F7A69676265655F61665F6F746180
S214041AE05F73746F726167655F6472697665725F4F
S214041AF0726561645F63622829206661696C656447
S214041B002100426164206D61676963206E756D62B1
S214041B10657220696E2066696C653A2030782530D7
S214041B2032582030782530325820307825303258D4
S214041B30203078253032580042616420766572730E
S214041B40696F6E20696E2066696C65203078253072
S214041B503458004572726F723A2072656164416E41
S214041B606456616C696461746553746F7265644924
S214041B706D616765282920747269656420746F2016
S214041B8072656164206D6F7265206461746120748F
S214041B9068616E20697420636F756C6420686F6C6E
S214041BA0642E00736C5F7A69676265655F61665F61
S214041BB06F74615F73746F726167655F6472697670
S214041BC065725F726561645F6362282920464149D5
S214041BD04C454421004C617374206F6666736574CB
S214041BE020646F776E6C6F616465643A2030782584
S214041BF03038580053746F72616765204D6F647592
S214041C006C653A204F54412053696D706C652053BF
S214041C10746F7261676520506C7567696E00496DF4
S214041C20616765732053746F7265643A2020256477
S214041C30206F6620310A00253032583A006570203D
S214041C402530325820636C75732025303458206153
S214041C5074747220253034582073767220256300FD
S214041C60206D6667202530325800207265706F72CA
S214041C7074206D696E2025303458206D61782025D7
S214041C80303458207270742D6368672025303858B5
S214041C900020726563656976652066726F6D20251F
S214041CA030345820657020253032582074696D65AC
S214041CB06F757420253034580072656D6F76650034
S214041CC0636C656172696E67206C617374207265FB
S214041CD0706F72742074696D65206F6620616C6C19
S214041CE020617474726962757465730074657374C4
S214041CF0696E672074696D696E67206F6620766109
S214041D0072696F7573207265706F7274696E67207E
S214041D106F7065726174696F6E73002D2D2D2D2D95
S214041D202D2D2D2D2D2D2D2D2D2D2D2D2D2D2D2DDA
S214041D302D2D2D2D2D2D2D2D2D2D2D2D2D2D2D2DCA
S214041D402D2D2D2D2D2D2D2D2D2D002D2D74616237
S214041D506C65207265616473202D2066756C6C203A
S214041D607461626C652D2D00726573756C74203D0C
S214041D70202564206D73002D2D696E6974202F2034
S214041D807363686564756C65207469636B2D2D2DAB
S214041D90002D2D6C6F616420636F6E6669677572C3
S214041DA06174696F6E2064656661756C74732D2D3D
S214041DB0002F686F6D652F72756E6E65722F776F64
S214041DC0726B2F747579612D7A69676265652D73F8
S214041DD077697463682F747579612D7A69676265AB
S214041DE0652D7377697463682F73696C6162735FBA
S214041DF0746F6F6C732F73696D706C696369747933
S214041E005F73646B2F70726F746F636F6C2F7A6975
S214041E10676265652F6170702F6672616D65776F96
S214041E20726B2F706C7567696E2F7265706F727443
S214041E30696E672F7265706F7274696E672E6300C1
S214041E40524541445F5250545F43464700726561B1
S214041E50645F7265706F7274696E675F636F6E66D7
S214041E60696775726174696F6E005265706F72741B
S214041E70696E673A206661696C656420746F2073C6
S214041E80656E6420257320726573706F6E73653A91
S214041E9020307825303258004552523A2072656117
S214041EA064696E6720636C75737465722030782578
S214041EB030345820617474726962757465203078A1
S214041EC0253034583A20307825303258004552525E
S214041ED03A207265706F7274696E67206F66204C64
S214041EE04F4E4720737472696E672061747472690A
S214041EF0627574652074797065206E6F74207375CE
S214041F0070706F727465643A20636C75737465726E
S214041F102030782530345820617474726962757480
S214041F206520307825303458005265706F727469B5
S214041F306E6720456E7472792046756C6C202D2071
S214041F406372656174696E67206E6577207265706A
S214041F506F7274004346475F52505400202D20642D
S214041F606972656374696F6E3A253032582C206145
S214041F707474723A253034580020202074797065C1
S214041F803A253032582C206D696E3A253034582C58
S214041F90206D61783A25303458002020206368612B
S214041FA06E67653A0020202074696D656F75743A13
S214041FB02530345800636F6E6669677572655F72A4
S214041FC065706F7274696E67002054434C4B2075BD
S214041FD0706461746520616C726561647920696EF1
S214041FE02070726F6772657373004D616E75616CF5
S214041FF02054434C4B207570646174652066616997
S2140420006C65642E2573005374617274696E672060
S2140420107570646174652074727573742063656E7C
S214042020746572206C696E6B206B65792070726FB4
S2140420306365737300557064617465205443204C63
S214042040696E6B204B657900204E6577206B657949
S2140420502065737461626C69736865643A00204530
S21404206072726F723A00506172746E65723A200032
S2140420705A434C20676C6F62616C20636C75737492
S214042080657220636F6D6D616E647300646972655A
S2140420906374696F6E00646973632D636F6D2D6777
S2140420A0656E00646973632D636F6D2D72656300DE
S2140420B06578706563742D7265706F72742D6672C0
S2140420C06F6D2D6D6500757772697465006E777235
S2140420D0697465007265706F72742D726561640050
S2140420E073656E642D6D652D612D7265706F7274E7
S2140420F00043726561746573206120676C6F62616A
S2140421006C20646973636F76657220636F6D6D61AE
S2140421106E6420666F7220746865206173736F63E3
S21404212069617465642076616C7565732E00636CF2
S214042130757374657249641F617474726962757428
S2140421406549641F6D61784E756D626572546F5291
S21404215065706F72741F00437265617465732061E5
S21404216020676C6F62616C2073656E64206D6520F9
S21404217061207265706F727420636F6D6D616E643A
S21404218020666F7220746865206173736F6369617B
S2140421907465642076616C7565732E00636C757364
S2140421A074657249641F61747472696275746549F2
S2140421B0641F64617461547970651F6D696E52653D
S2140421C0706F727454696D651F6D61785265706FB7
S2140421D0727454696D651F7265706F727461626C97
S2140421E0654368616E67651F004372656174657355
S2140421F0206120676C6F62616C2072656164207276
S21404220065706F7274696E6720636F6D6D616E645E
S21404221020666F7220746865206173736F636961EA
S21404222074656420636C75737465722C20617474B1
S21404223072696275746520616E6420736572766572
S214042240722F636C69656E74206469726563746961
S2140422506F6E2E00636C757374657249641F6174C7
S2140422607472696275746549641F6469726563741F
S214042270696F6E1F00476C6F62616C207265706FC9
S2140422807274696E6720636F6D6D616E6400656E4F
S21404229064706F696E741F636C75737465724964D9
S2140422A01F61747472696275746549641F6D617325
S2140422B06B1F0043726561746573206120676C6FE1
S2140422C062616C207265616420636F6D6D616E641B
S2140422D0206D65737361676520746F207265616431
S2140422E02066726F6D2074686520636C7573746500
S2140422F07220616E642061747472696275746520FC
S2140423007370656369666965642E00636C757374BF
S214042310657249641F617474726962757465496490
S2140423201F0043726561746573206120676C6F6279
S214042330616C20777269746520636F6D6D616E647D
S214042340206D65737361676520746F207772697496
S2140423506520746F2074686520636C757374657289
S21404236020616E642061747472696275746520738A
S214042370706563696669656400636C757374657219
S21404238049641F61747472696275746549641F7464
S2140423907970651F646174611F00437265617465BA
S2140423A02061206578706563742D7265706F727431
S2140423B02D66726F6D2D6D65206D6573736167652F
S2140423C02077697468206173736F636961746564E8
S2140423D02076616C7565732E00636C757374657214
S2140423E049641F61747472696275746549641F7404
S2140423F0696D656F75741F0043726561746520614D
S21404240020446973636F76657220436F6D6D616EE9
S21404241064732047656E65726174656420636F6DCE
S2140424206D616E642077697468206173736F636985
S214042430617465642076616C7565732E00636C75D3
S2140424407374657249641F7374617274436F6D6D3F
S214042450616E6449641F6D6178436F6D6D616E646F
S21404246049641F0053657473207468652064697238
S214042470656374696F6E20666F7220676C6F626145
S2140424806C20636F6D6D616E64732C20656974686F
S214042490657220636C69656E7420746F2073657250
S2140424A0766572206F722073657276657220746F1B
S2140424B020636C69656E742E005365747320612006
S2140424C0666C616720736F20746861742074686535
S2140424D0206170706C69636174696F6E20667261E6
S2140424E06D65776F726B2057494C4C204E4F5420C5
S2140424F0726573706F6E6420746F20746865206EE6
S214042500657874205A434C206D6573736167652043
S2140425107468617420636F6D657320696E206F76CE
S214042520657220746865206169722E005365747341
S214042530206120666C616720736F20746861742064
S214042540746865206170706C69636174696F6E206D
S2140425506672616D65776F726B2057494C4C2072BA
S2140425606573706F6E6420746F20746865206E6582
S2140425707874205A434C206D6573736167652074C4
S21404258068617420636F6D657320696E206F76656D
S2140425907220746865206169722E00536574732016
S2140425A07468652044697361626C6520446566617D
S2140425B0756C7420526573706F6E73652046726115
S2140425C06D6520436F6E74726F6C2062697420743C
S2140425D06F2075736520666F7220746865206E655B
S2140425E0787420636F6D6D616E642069662074680C
S2140425F06520636F6D6D616E64206973206E6F7401
S21404260020616C7265616479206275696C742E0051
S21404261064697361626C6544656661756C74526561
S21404262073706F6E73651F005365747320746865EA
S21404263020666C616720746F207573652074686506
S21404264020696E6372656D656E746564207365716A
S21404265075656E6365206E756D6265722066726F51
S2140426606D20746865206672616D65776F726B2085
S214042670666F7220746865206E6578742072617760
S21404268020636F6D6D616E642E007573654E65789C
S2140426907453657175656E63651F00436C692063CA
S2140426A06F6D6D616E6420746F2063616C6C207353
S2140426B06C5F7A69676265655F61665F7365745FA0
S2140426C074696D652066756E6374696F6E20646FD9
S2140426D063756D656E74656420696E2061662E6828
S2140426E00075746354696D651F00536574732074B4
S2140426F068652074776F2062797465206D616E75E5
S2140427006661637475726572207370656369666961
S21404271063206964656E74696669657220746F20E7
S21404272075736520666F7220746865206E657874AC
S21404273020636F6D6D616E64206966207468652021
S214042740636F6D6D616E64206973206E6F742061B3
S2140427506C7265616479206275696C742E006D66AE
S21404276067537065636966696349641F00547275CC
S21404277073742043656E746572204A6F696E2048D0
S214042780616E646C65723A20737461747573203D6F
S2140427902025732C206465636973696F6E203D2061
S2140427A02573202825303258292C2073686F7274BC
S2140427B069642030782530345800554E7365637547
S2140427C0726564206A6F696E006465766963652065
S2140427D06C65667400554E73656375726564207225
S2140427E0656A6F696E0075736520707265636F6ED7
S2140427F066696775726564206B65790073656E64D7
S214042800206B657920696E2074686520636C656149
S214042810720064656E79206A6F696E006E6F20615F
S2140428206374696F6E00616C6C6F772072656A6F93
S214042830696E73206F6E6C79006E6F742000534C53
S2140428405F5354415455535F4E4554574F524B5F54
S21404285055502030782530345800547275737420DF
S21404286043656E746572204555492068617320255A
S214042870736368616E6765642E00534C5F535441FE
S2140428805455535F4E4554574F524B5F444F574E23
S21404289000534C5F5354415455535F4E4F545F4A54
S2140428A04F494E454400534C5F5354415455535F6F
S2140428B05A49474245455F4E4554574F524B5F4F22
S2140428C050454E45443A2025642073656300534CB6
S2140428D05F5354415455535F5A49474245455F4EEA
S2140428E04554574F524B5F434C4F53454400257352
S2140428F03A2025730064697374726962757465643A
S2140429000063656E7472616C697A656400466F7202
S2140429106D002573696E67206F6E206368202564DA
S2140429202C2070616E496420307825303458004578
S21404293072726F723A2044657669636520646F65C7
S21404294073206E6F7420737570706F7274202573A5
S214042950206E6574776F726B20666F726D61746932
S2140429606F6E004A6F696E00496E76616C6964200A
S21404297053656375726974792050726F66696C6505
S2140429803A2030782530325800704A6F696E2066D7
S2140429906F72202564207365633A203078253032C0
S2140429A058004C696D6974696E6720647572617449
S2140429B0696F6E206F66207065726D6974206A6F29
S2140429C0696E2066726F6D20666F7265766572201A
S2140429D0283235352920746F203235340052583A5F
S2140429E0205A444F2C20636F6D6D616E64203078DE
S2140429F0253034582C207374617475733A203078FB
S214042A00253032580053696D706C650052583A2070
S214042A10257320446573632052657370004D61749A
S214042A206368002C204D6174636865733A202564DE
S214042A300044657669636520416E6E6F756E6365E6
S214042A403A203078253034580052583A20494545C3
S214042A5045204164647265737320526573706F6EAB
S214042A6073650052583A2041637469766520455070
S214042A7020526573706F6E73652C20436F756E7489
S214042A803A202564004E6F6465002C204D61746303
S214042A906865733A2030782530345800737461635F
S214042AA06B207665722E205B25642E25642E2564A5
S214042AB000202573206275696C642025645D005AC5
S214042AC0444F00534500484100436C757374657267
S214042AD000476C6F62616C0025737478203078252B
S214042AE03038582C200050726F66696C653A202581
S214042AF0732028307825303458292C20436C75737D
S214042B007465723A203078253034582C2025642099
S214042B1062797465732C00205A434C202573204335
S214042B206D642049443A202564005072652D526530
S214042B306C6561736500416C706861203100416C9E
S214042B40706861203200416C706861203300426511
S214042B5074612031004265746120320042657461FC
S214042B60203300474100526573657420696E666FB2
S214042B703A20307825303258202825732900646599
S214042B806C6574652062696E64696E673A202530E8
S214042B90325820253032580001020304050607087F
S214042BA0090A0B0C000101010101010101010101E7
S214042BB001005752495445204552523A2000257385
S214042BC06570202530325820636C757320253034A8
S214042BD05820617474722025303458206E6F742027
S214042BE0737570706F72746564002573696E7661B0
S214042BF06C6964206461746120747970650025735F
S214042C0061747472206E6F74207772697461626C7A
S214042C10650057524954453A206E6F20777269749E
S214042C20652C206A75737420612074657374005271
S214042C304541443A20617474726962757465207300
S214042C40697A6520746F6F206C6172676520666FA1
S214042C50722063616C6C657200636C6E74007372D0
S214042C60767200525700524F00202052414D2020C9
S214042C700020746F6B656E200065787465726E2034
S214042C8000454E44504F494E542025303258006378
S214042C906C7573202F2073696465202F206174740B
S214042CA072202F206D666720202F74797065286C3B
S214042CB0656E292F207277202F2073746F726167D8
S214042CC065202F20646174612028726177290025AD
S214042CD0303458202F202573202F202530345820B8
S214042CE02F2000202F202530325820282530325817
S214042CF029202F202573202F202573202F200055D0
S214042D006E737570706F72746564004F5441205210
S214042D104541443A2065703A253032582063696448
S214042D203A253034582061747469643A253034582E
S214042D30206D736B3A25303258206D66636F646578
S214042D403A2530345800524541443A20636C757332
S214042D5020253034582C2061747472202530345861
S214042D60206661696C6564202530325800524541FE
S214042D70443A20636C757320253034582C206174D3
S214042D80747220253034582C20646174614C656E4E
S214042D903A20253032582C204F4B0028256329250D
S214042DA0303258253032582530325825303258259E
S214042DB030325825303258253032582530325800B3
S214042DC064697361626C65002573642C2064726F99
S214042DD07070696E67206570203078253032582010
S214042DE0636C75732030782530345820636D642006
S214042DF03078253032580047656E657261746564B4
S214042E0000526563656976656400446973636F762A
S214042E10657220436F6D6D616E64732072657370A6
S214042E206F6E73652028636F6D706C6574653A20E9
S214042E302563292C202573204944733A20003078D2
S214042E402530325820005F45585400524541445FAF
S214042E50415454520057524954453A20636C757392
S214042E60202530345820617474722025303458205C
S214042E70004641494C2025303258005752495445A3
S214042E803A20746F6F2073686F727400444953431A
S214042E905F4154545200257325733A20636C75734E
S214042EA020253034580053766320446973633A20EF
S214042EB000257357616974696E67202564207365FD
S214042EC06320666F7220646973636F766572792017
S214042ED0746F20636F6D706C6574650053746174F1
S214042EE06520636F72726573706F6E64696E6720B7
S214042EF0746F2074686520746865207265717565E2
S214042F007374206E6F7420666F756E640A00257382
S214042F10636F6D706C6574652E0A00257353657255
S214042F207669636520446973636F766572792053A6
S214042F3074617465206C696D69747320726561636D
S214042F406865640A002573496C6C6567616C206269
S214042F50726F616463617374206164647265737311
S214042F602C2072656D617070696E6720746F2076B0
S214042F70616C6964206F6E652E0025734661696C0A
S214042F80656420746F2073656E64206D6174636875
S214042F9020646973636F766572793A2030782530D9
S214042FA032580025735374617274696E67206469BD
S214042FB073636F7665727920666F7220636C7573BF
S214042FC0746572203078253034580025734661695C
S214042FD06C656420746F2073656E642073696D700D
S214042FE06C652064657363726970746F72207265B1
S214042FF071756573743A203078253032580025731D
S2140430004661696C656420746F2073656E6420493C
S21404301045454520616464726573732072657175F5
S2140430206573743A2030782530325800257346612B
S214043030696C656420746F2073656E64204E574B0C
S2140430402061646472657373207265717565737448
S2140430503A20307825303258004572726F723A2022
S2140430602573206261642073696D706C65206465E5
S2140430707363726970746F72206C656E6774682E01
S2140430800025734D65737361676520746F6F2073D5
S214043090686F72740025734D657373616765207479
S2140430A06F6F2073686F727420666F72206E756D12
S2140430B02E20656E64706F696E74730025734D619F
S2140430C0746368257320666F756E642066726F6D10
S2140430D0203078253034582E004572726F723A20AC
S2140430E0257320696E76616C6964206C656E6774FE
S2140430F0682028256420213D2025642920666F72D7
S2140431002041637469766520456E64706F696E74D9
S21404311020726573706F6E7365002573676F742015
S21404312061637469766520455020726573706F6EAE
S2140431307365005554432074696D653A2025642FE1
S21404314025642F25642025643A25643A25642028BE
S21404315025303858290028556E6B6E6F776E2063BD
S2140431606C75732E205B3078253034585D29000D3D
S2140431700A54253038583A005258206C656E20257B
S214043180642C20657020253032582C20636C7573AF
S214043190203078253034582000206D666749642036
S2140431A02530345800204643202530325820736595
S2140431B071202530325820636D6420253032582023
S2140431C07061796C6F61645B0042617369630025AA
S2140431D073525820706B7420746F6F2073686F720C
S2140431E0743A202564203C20256400257352582018
S2140431F0706B74206D616C666F726D65643A202521
S21404320064203C2025640020204861766520526FA7
S2140432107574657220537570706F72740020204543
S2140432206E6420446576696365204F6E6C79002071
S21404323020456E61626C6564002020446973616297
S2140432406C6564004572726F72207265747269658B
S21404325076696E6720696E666F20666F72206C6989
S2140432606272617279204944202564002573206CBB
S21404327069627261727925732070726573656E7403
S214043280005A69676265652050726F0042696E6411
S214043290696E6700536563757269747920436F724B
S2140432A065005365637572697479204C696E6B208A
S2140432B04B6579730043424B45203136334B31001E
S2140432C043424B4520445341205369676E004543AF
S2140432D0430043424B452044534120566572696679
S2140432E079005061636B65742056616C696461741F
S2140432F065005A4C4C0043424B45203238334B3120
S21404330000454343203238334B310043424B45207B
S214043310636F7265004E4350004D756C7469206E81
S2140433206574776F726B00456E68616E63656420C2
S214043330426561636F6E205265710043424B4520BF
S2140433403238334B312044534120566572696679CE
S214043350004D756C74692D50414E002F686F6D6575
S2140433602F72756E6E65722F776F726B2F74757908
S214043370612D7A69676265652D7377697463682F52
S214043380747579612D7A69676265652D73776974DA
S21404339063682F73696C6162735F746F6F6C732FED
S2140433A073696D706C69636974795F73646B2F708D
S2140433B0726F746F636F6C2F7A69676265652F73BB
S2140433C07461636B2F636F6E6669672F736C5F7AC5
S2140433D069676265655F636F6E6669677572617457
S2140433E0696F6E2E63002F686F6D652F72756E6E33
S2140433F065722F776F726B2F747579612D7A696792
S2140434006265652D7377697463682F747579612DA9
S2140434107A69676265652D7377697463682F736963
S2140434206C6162735F746F6F6C732F73696D706C0D
S21404343069636974795F73646B2F70726F746F63FA
S2140434406F6C2F7A69676265652F737461636B2F7F
S2140434506672616D65776F726B2F6165732D656338
S214043460622E63002F686F6D652F72756E6E6572BF
S2140434702F776F726B2F747579612D7A6967626521
S214043480652D7377697463682F747579612D7A690D
S214043490676265652D7377697463682F73696C61F9
S2140434A062735F746F6F6C732F73696D706C69638E
S2140434B06974795F73646B2F70726F746F636F6C6B
S2140434C02F7A69676265652F737461636B2F736502
S2140434D06375726974792F7A69676265652D736599
S2140434E06375726974792D6D616E616765722D6E90
S2140434F06F2D7661756C742E63004572726F723A26
S21404350020204661696C656420746F20726561646E
S2140435102066726F6D20454550524F4D20617420D1
S21404352030782534582C207374617475733A2025CA
S2140435306400454550524F4D20496E697469616C6C
S214043540697A65643A20256300454550524F4D20FC
S214043550427573793A202563005061727469616C10
S21404356020576F72642053746F7261676520436FCF
S214043570756E743A20256400416464726573733A08
S2140435802030782534582C205061727469616C2080
S214043590576F72643A203078255800636F6E6669F8
S2140435A0726D656400617373756D6564000A4545E4
S2140435B050524F4D20496E666F004E6F74206176F0
S2140435C061696C61626C6520286F6C646572206248
S2140435D06F6F746C6F616465722900506172742039
S2140435E04465736372697074696F6E3A2020202094
S2140435F02020202020202573004361706162696CBE
S21404360069746965733A2020202020202020202019
S21404361020202020307825325800506167652045E8
S214043620726173652074696D65202873293A2020B9
S2140436302020202025640050617274204572617336
S214043640652074696D65202873293A20202020207F
S214043650202564005061727420457261736520747D
S214043660696D6520286D73293A20202020202025A6
S2140436706400506167652073697A652028627974EE
S2140436806573293A202020202020202020256C0045
S214043690506172742073697A652028627974657340
S2140436A0293A202020202020202020256C00576F37
S2140436B072642073697A6520286279746573293A7E
S2140436C02020202020202020202564202825702942
S2140436D000454550524F4D20696E69743A20307843
S2140436E02558002F686F6D652F72756E6E65722F84
S2140436F0776F726B2F747579612D7A696762656569
S2140437002D7377697463682F747579612D7A696788
S2140437106265652D7377697463682F73696C61627B
S214043720735F746F6F6C732F73696D706C69636904
S21404373074795F73646B2F7574696C2F706C75671E
S214043740696E2F706C7567696E2D636F6D6D6F6E25
S2140437502F656570726F6D2F656570726F6D2E6361
S21404376000556E61626C6520746F20626F6F742002
S214043770696D61676520617420736C6F7420256CB5
S214043780640A00536C6F74204D616E616765722025
S2140437906661696C656420746F2065726173652068
S2140437A0736C6F740A004D61782072656164206CD6
S2140437B0696D69742073657420746F2025642062B3
S2140437C0797465730A0041646472657373202020FB
S2140437D020202020202020446174610A00307825AF
S2140437E0346C7820202020202020307825780A0089
S2140437F04661696C656420746F2072656164206636
S214043800726F6D20666C6173680A00536C6F742067
S214043810256C640A2020416464726573732020203A
S21404382020203A20307825346C580A20204C656EC7
S2140438306774682020202020203A20307825346CB5
S214043840582028256C64206279746573290A002040
S214043850205479706520202020202020203A200043
S2140438604E6F2047424C2070726573656E740A0072
S2140438705A69674265650A005468726561640A009D
S214043880436F6E6E6563740A00426C7565746F6F81
S21404389074680A00426C7565746F6F746820617092
S2140438A0706C69636174696F6E0A004D43550A0053
S2140438B04F7468657220283078256C58290A0020D1
S2140438C02056657273696F6E20202020203A2030BF
S2140438D078256C580A0020204361706162696C691F
S2140438E0746965733A20307825346C580A002020B1
S2140438F050726F6475637420494420203A20003067
S2140439007825582000536C6F74204D616E6167658E
S214043910723A206661696C656420746F20696E690A
S2140439207469616C697A6520626F6F746C6F616428
S214043930657220286572726F722030782534782973
S2140439400A0056657273696F6E20202020203A2084
S21404395025640A0050617274202020202020202034
S2140439603A2025730A004361706162696C69746960
S21404397065733A20307825780A0050617274207393
S214043980697A652020203A20256420420A00506186
S21404399067652073697A652020203A2025642042D2
S2140439A00A00576F72642073697A652020203A20D3
S2140439B0256420420A00536C6F7473202020202054
S2140439C020203A2025640A004661696C65642074E8
S2140439D06F20726561642066726F6D2073746F72F7
S2140439E061676520666C61736820286572726F7201
S2140439F0202564290A00496E76616C696420736C1C
S214043A006F7420256420286D617820736C6F742091
S214043A102564290A004661696C656420746F206712
S214043A20657420696E666F20666F7220736C6F749F
S214043A302025640A00536C6F74204D616E616765BF
S214043A40723A20736C6F74207772697465206661AD
S214043A50696C7572652E2041646472657373206F99
S214043A6066667365742028256429202B207772697E
S214043A707465206C656E6774682028256429206741
S214043A80726561746572207468616E20746F746107
S214043A906C20736C6F74206C656E677468202825C0
S214043AA064290A00536C6F74204D616E61676572F9
S214043AB0207761726E696E673A20736C6F74202586
S214043AC064206C656E6774682028256429206E6FF0
S214043AD07420616C69676E656420746F207061671A
S214043AE0652073697A6520282564292E2054686524
S214043AF020656E7469726520736C6F742077696CC8
S214043B006C206E6F74206265206572617365642E26
S214043B100A00536C6F74204D616E616765723A20BB
S214043B206661696C656420746F20657261736520D4
S214043B30256420627974657320696E20736C6F74D3
S214043B402025642061742061646472657373203078
S214043B507825347820286572726F7220307825783C
S214043B60290A0045726173656420256420627974AD
S214043B70657320696E20736C6F742025640A004692
S214043B8061696C656420746F2073657420736C6F50
S214043B907420746F20626F6F7420286572726F725F
S214043BA0203078253478290A004661696C656420DB
S214043BB0746F20736574206C697374206F66207349
S214043BC06C6F747320746F20626F6F742028657234
S214043BD0726F72203078253478290A004661696C41
S214043BE0656420746F20676574206E6577206C6941
S214043BF07374206F6620736C6F747320746F206206
S214043C006F6F7420286572726F722030782534784E
S214043C10290A00426567696E6E696E6720696D6180
S214043C20676520766572696669636174696F6E2E6E
S214043C302E2E002E6661696C6564212028457272FA
S214043C406F72203078253478290A002E70617373D9
S214043C5065642120426F6F74696E6720736C6F749D
S214043C602025640A00666E692B00666E69006E6124
S214043C706E00666E692D006C696273006273656E11
S214043C8064007265736574007261770073656E64B0
S214043C905F6D756C7469636173740073656E642D0F
S214043CA07573696E672D6D756C7469636173742DB5
S214043CB062696E64696E670074696D6573796E63B4
S214043CC0006765742D7074692D726164696F2D6365
S214043CD06F6E66696700636F6E6669672D636361FE
S214043CE02D6D6F6465006576656E74730073656329
S214043CF07572697479007A69676265655F7072695E
S214043D006E7400706C7567696E006E6574006B6522
S214043D107973006F7074696F6E00706C75670063FA
S214043D2068616E67656B6579006368616E67656B6D
S214043D30007A646F007072696E742072656C6174C8
S214043D40656420636F6D6D616E64732E00617474B8
S214043D5072005A646F2072656C6174656420636FC8
S214043D606D6D616E64732E00726F75746500706F8E
S214043D70776572006D676D742D6C7169006D676D83
S214043D80742D62696E64006E6F64650073696D708D
S214043D906C650069656565006E776B00756E6269B3
S214043DA06E64006E776B2D757064006F75742D638A
S214043DB06C2D6C69737400696E2D636C2D6C69735D
S214043DC074005A646F20696E2D636C2D6C6973746D
S214043DD02072656C6174656420636F6D6D616E64DA
S214043DE0732E005A646F206F75742D636C2D6C6986
S214043DF073742072656C6174656420636F6D6D61A5
S214043E006E64732E005A646F206E776B2D75706423
S214043E102072656C6174656420636F6D6D616E6499
S214043E20732E007363616E2D6368616E2D6D61730E
S214043E306B007363616E006368616E50670063684D
S214043E40616E005A646F20756E62696E64207265D6
S214043E506C6174656420636F6D6D616E64732E00AF
S214043E60756E6963617374006368616E67656B651C
S214043E70792072656C6174656420636F6D6D616E24
S214043E8064732E006C696E6B004F7074696F6E20DD
S214043E9072656C6174656420636F6D6D616E6473C6
S214043EA02E007265676973746572006469736300D3
S214043EB0696E7374616C6C2D636F64650062696E01
S214043EC064696E672D7461626C65007072696E74E5
S214043ED02D72782D6D7367730061707372657472DA
S214043EE0790041505320726574727920666C61675C
S214043EF020666F72636520636F6D6D616E64730018
S214043F00456E61626C65732F44697361626C657398
S214043F10207072696E74696E67206F66205278200E
S214043F206D657373616765732E00656E61626C659B
S214043F300042696E64696E67207461626C65207203
S214043F40656C6174656420636F6D6D616E64732E59
S214043F50005365637572697479206B657973207292
S214043F60656C6174656420636F6D6D616E64732E39
S214043F700064656C657465004E6574776F726B20BB
S214043F8072656C6174656420636F6D6D616E6473D5
S214043F902E00666F726D0072656A6F696E2D6469B5
S214043FA066662D6465766963652D7479706500654B
S214043FB0787470616E69640069736F70656E006210
S214043FC0726F61642D706A6F696E006368616E67F4
S214043FD0652D6368616E6E656C00696E6974006356
S214043FE068616E67652D6B6565702D616C697665B5
S214043FF02D6D6F64650074696D656F75742D6F70D3
S21404400074696F6E2D6D61736B006D756C74692DBC
S2140440107068792D7374617274006D756C74692D93
S2140440207068792D73746F700066696E64006E65CF
S21404403074776F726B2066696E6420636F6D6D6152
S2140440406E64732E006A6F696E61626C6500756ECD
S2140440507573656400736C6F742D6D616E6167654E
S2140440607200636F756E746572730066696E642D94
S214044070616E642D62696E6400667261676D656E5A
S214044080746174696F6E0067726F7570732D7365F3
S21404409072766572006E6574776F726B2D737465D5
S2140440A06572696E67006F74612D626F6F746C6FF2
S2140440B06164006F74612D636C69656E74006F745F
S2140440C0612D73746F726167652D636F6D6D6F6EAE
S2140440D0006F74612D73746F726167652D6565700A
S2140440E0726F6D0069646C652D736C656570007520
S2140440F070646174652D74632D6C696E6B2D6B65CD
S21404410079007570646174652D74632D6C696E6BCB
S2140441102D6B65792072656C6174656420636F6DC0
S2140441206D616E64730074696D6572006E6F7700FE
S214044130436F6D6D616E647320746F20636F6E746D
S214044140726F6C2069646C696E672F736C6565703A
S214044150696E67206F662074686520646576696397
S2140441606500666F7263652D6177616B65006177C4
S214044170616B652D7768656E2D6E6F742D6A6F6939
S2140441806E6564007265706F7274696E672072651E
S2140441906C6174656420636F6D6D616E64732E006C
S2140441A0636C6561722D6C6173742D7265706F72C9
S2140441B0742D74696D6500746573742D74696D6906
S2140441C06E67006F74612D73746F726167652D6519
S2140441D06570726F6D2072656C6174656420636FC0
S2140441E06D6D616E64732E0077697065006F74611F
S2140441F02D73746F726167652D636F6D6D6F6E20BE
S21404420072656C6174656420636F6D6D616E647352
S214044210007072696E74496D616765730072656CCF
S2140442206F61640073746F726167652D696E666F83
S21404423000646174612D7072696E74006F74612D10
S214044240636C69656E742072656C61746564206362
S2140442506F6D6D616E64732E0076657269667900A3
S214044260626C6F636B2D7465737400706167652D83
S2140442707265717565737400757067726164652D17
S214044280726571756573740064697361626C652D1B
S214044290646F776E67726164657300656E61626CE5
S2140442A0652D646F776E677261646573006F746101
S2140442B02D626F6F746C6F61642072656C617465D7
S2140442C06420636F6D6D616E6473006E6574776FE2
S2140442D0726B2D7374656572696E672072656C61A6
S2140442E074656420636F6D6D616E64732E00707206
S2140442F0652D636F6E666967757265642D6B657987
S2140443002D736574006D61736B2072656C617465E2
S2140443106420636F6D6D616E642E007375627472D3
S2140443206163740067726F7570732D73657276655A
S214044330722072656C6174656420636F6D6D616E66
S21404434064732E00667261676D656E746174696F5E
S2140443506E2072656C6174656420636F6D6D616E4A
S21404436064732E007365742D72782D77696E646F8E
S214044370772D73697A650061727469666963696129
S2140443806C2D626C6F636B2D64726F700046696E81
S2140443906420616E642062696E642072656C617468
S2140443A0656420636F6D6D616E64732E00696E695B
S2140443B0746961746F7200656E61626C655F7479AE
S2140443C0706500737461636B00617070007A636C6F
S2140443D0006C65676163795F61665F6465627567D3
S2140443E000636F756E746572732072656C617465B4
S2140443F06420636F6D6D616E64732E007072696EF7
S214044400742D636F756E7465722D747970650073A0
S214044410696D706C652D7072696E74007072696E69
S214044420742D7468726573686F6C64730073657456
S2140444302D7468726573686F6C6400726573657456
S2140444402D7468726573686F6C64730073656E644C
S2140444502D7265717565737400736563757269741E
S214044460792072656C6174656420636F6D6D616E2E
S2140444706473007365742D616C6C6F772D7472753C
S21404448073742D63656E7465722D72656A6F696EDA
S2140444902D7573696E672D77656C6C2D6B6E6F77F3
S2140444A06E2D6B6579007365742D616C6C6F772D5A
S2140444B074727573742D63656E7465722D72656A95
S2140444C06F696E2D7573696E672D77656C6C2D6BD1
S2140444D06E6F776E2D6B65792D74696D656F757467
S2140444E0007365742D6B65792D72657175657374CB
S2140444F02D706F6C696379006D66672D746F6B65DC
S2140445006E00617073005365637572697479206117
S21404451070732072656C6174656420636F6D6D6181
S2140445206E64732E004765742F736574204D46477A
S21404453020746F6B656E2E00656E64706F696E74A2
S2140445402072656C6174656420636F6D6D616E6462
S214044550732E00656570726F6D207574696C69746E
S214044560792072656C6174656420636F6D6D616E2D
S214044570647300536C6F74204D616E6167657220BE
S21404458072656C6174656420636F6D6D616E6473CF
S21404459000626F6F742D736C6F740065726173655F
S2140445A02D736C6F74006578742D666C6173682D5A
S2140445B0696E666F00736C6F74732D696E666F0038
S2140445C05072696E74732074696D652E005072693A
S2140445D06E7473206174747269627574652E004318
S2140445E06C6561727320746865205A444F206C6948
S2140445F07374206F6620636C69656E742028696E18
S2140446002920636C7573746572732E004164647339
S21404461020636C75737465727320746F2074686598
S214044620206B6E6F776E20636C69656E74202869E4
S2140446306E2920636C757374657273206F6E2074B4
S214044640686973206465766963652E00436C6561EA
S214044650727320746865205A444F206C6973742002
S2140446606F6620636C69656E7420286F75742920E4
S214044670636C7573746572732E004164647320638F
S2140446806C75737465727320746F20746865206B20
S2140446906E6F776E20636C69656E7420286F757410
S2140446A02920636C757374657273206F6E2074684A
S2140446B06973206465766963652E0053656E64735A
S2140446C020616E20757064617465206368616E6E27
S2140446D0656C20726571756573742E006368616E0F
S2140446E06E656C1F0053656E647320616E20757072
S2140446F064617465206368616E6E656C20706167C2
S21404470065207265712E2054686520737461636B2E
S2140447102073656E6473206E776B20656E68616EB9
S21404472063656420757064617465207265712066C3
S2140447306F72206E6F6E2D7A65726F20706167657A
S2140447402E006368616E6E656C1F706167651F007E
S214044750506572666F726D7320616E20656E657249
S2140447606779207363616E2E007461726765744E98
S2140447706F646549641F7363616E4475726174691E
S2140447806F6E1F7363616E436F756E741F004272A3
S2140447906F61646361737473207468652049442090
S2140447A06F6620746865206E6577206E6574776F13
S2140447B0726B206D616E6167657220616E64206144
S2140447C06374697665206368616E6E656C732E002B
S2140447D06E776B4D676549641F6368616E6E656CC2
S2140447E04D61736B1F00506572666F726D73206146
S2140447F06E20656E65726779207363616E206F6ED6
S21404480020676976656E206368616E6E656C206DE0
S21404481061736B2E007461726765744E6F646549CC
S214044820641F7363616E4475726174696F6E1F737F
S21404483063616E436F756E741F6368616E6E656C3C
S2140448404D61736B1F0053656E64732061206E6543
S21404485074776F726B20616464726573732072651B
S214044860717565737420666F722074686520676955
S21404487076656E20494545452061646472657373A8
S2140448802E00696565651F005265717565737473DE
S21404489020616E20494545452061646472657373E2
S2140448A0206261736564206F6E2061206769766597
S2140448B06E206E6F64652049442E006E6F646549F1
S2140448C0641F0053656E647320612073696D706C99
S2140448D0652064657363726970746F7220726571A3
S2140448E07565737420666F72207468652073686FCC
S2140448F07274206164647265737320616E642065EB
S2140449006E64706F696E742073706563696669653A
S214044910642E00646573741F746172676574456EF3
S21404492064706F696E741F0053656E647320612033
S2140449306D6174636844657363726970746F7273CF
S2140449405265717565737420746F2074686520678A
S2140449506976656E2064657374696E6174696F6EDA
S21404496020776974682074686520676976656E20A8
S21404497070726F66696C652E006E6F646549641F9D
S21404498070726F66696C651F0053656E6473206190
S214044990206E6F64652064657363726970746F72E9
S2140449A0207265717565737420746F206120676961
S2140449B076656E20746172676574206465766963D3
S2140449C0652E007461726765741F0053656E6473A8
S2140449D02061205A444F2042696E6420636F6D6DD7
S2140449E0616E6420746F2061206465766963652057
S2140449F073706563696669656420696E20746865AA
S214044A0020636F6D6D616E6420617267756D656E8F
S214044A1074732E0044657374696E6174696F6E1FD7
S214044A20536F7572636520656E64706F696E741F6C
S214044A3044657374696E6174696F6E20656E647024
S214044A406F696E741F636C757374657249441F7264
S214044A50656D6F746545554936341F6465737445D2
S214044A60554936341F0053656E647320616E2061A9
S214044A70637469766520656E64706F696E742072FF
S214044A8065717565737420746F2074686520646539
S214044A907669636520776974682074686520676939
S214044AA076656E2073686F72742049442E005365D1
S214044AB06E647320616E20756E62696E6420726522
S214044AC0717565737420666F72206120756E6963F4
S214044AD06173742062696E64696E6720746F2074F3
S214044AE068652074617267657420646576696365B9
S214044AF02E007461726765741F736F757263652028
S214044B0065756936341F736F7572636520656E64E8
S214044B10706F696E741F636C757374657249441F95
S214044B2064657374696E6174696F6E45554936348D
S214044B301F64657374696E6174696F6E20656E6454
S214044B40706F696E741F0053656E647320616E2007
S214044B50756E62696E64207265717565737420661D
S214044B606F722061206D756C746963617374206262
S214044B70696E64696E6720746F207468652074615A
S214044B8072676574206465766963652E0074617265
S214044B906765741F736F757263652065756936344F
S214044BA01F736F7572636520656E64706F696E74CB
S214044BB01F636C757374657249441F67726F7570F2
S214044BC0416464726573731F0053656E6473206179
S214044BD0205A444F204D616E6167656D656E742082
S214044BE04C6561766520636F6D6D616E6420746FCD
S214044BF020746865207461726765742064657669DC
S214044C0063652E007461726765741F72656D6F76D6
S214044C10654368696C6472656E1F72656A6F696E57
S214044C201F0053656E64732061205A444F204D471D
S214044C304D542D42696E64202842696E64696E671D
S214044C40205461626C652920526571756573742001
S214044C50746F207468652074617267657420646577
S214044C60766963652E007461726765741F73746178
S214044C707274496E6465781F0053656E64732061B0
S214044C80205A444F204D474D542D4C514920284C12
S214044C905149205461626C652920526571756573AB
S214044CA07420746F2074686520746172676574205C
S214044CB06465766963652E0053656E6473206120AF
S214044CC05A444F20506F7765722044657363726947
S214044CD070746F72205265717565737420746F20DA
S214044CE074686520746172676574206465766963A8
S214044CF0652E0053656E64732061205A444F2072FB
S214044D006F757465207265717565737420636F6D55
S214044D106D616E6420746F207468652074617267B8
S214044D2065742E007461726765741F696E646578B5
S214044D301F00696E6465781F65756936341F696E71
S214044D407374616C6C436F64651F00696E64657888
S214044D501F65756936341F6B65791F005443206CD4
S214044D60696E6B206B657920726571756573742046
S214044D70706F6C6963791F417070206C696E6B206C
S214044D806B6579207265717565737420706F6C69D4
S214044D9063791F00426F6F6C3A20616C6C6F7720EA
S214044DA074727573742063656E7465722072656AB6
S214044DB06F696E207573696E672077656C6C2D6BF2
S214044DC06E6F776E206B65791F0070726F66696C04
S214044DD06549641F636C757374657249641F007457
S214044DE0617267657449641F00456E61626C657321
S214044DF0207072696E74696E67206F662052782020
S214044E006D657373616765732E00536574732074E0
S214044E1068652062696E64696E67207461626C6599
S214044E2000696E6465781F636C75737465721F6CB5
S214044E306F63616C45701F72656D6F746545701F96
S214044E4065756936341F00436C6561727320746837
S214044E50652062696E64696E67207461626C652E93
S214044E60005072696E7473207468652062696E649B
S214044E70696E67207461626C6520746F207468655F
S214044E8020636F6D6D616E64206C696E652E0043E1
S214044E906C6561727320616C6C20736563757269EE
S214044EA07479206B6579732E0044656C657465208F
S214044EB074686520737065636966696564206C69E7
S214044EC06E6B206B657920696E6465782E0050726F
S214044ED0696E747320616C6C207365637572697493
S214044EE079206B6579732E005465726D696E6174F2
S214044EF0657320746865206D756C74692D50485907
S214044F0020696E7465726661636500557365642016
S214044F10746F207374617274206D756C74692D508F
S214044F20485920696E74657266616365206F74689B
S214044F306572207468616E206E617469766520619E
S214044F406E6420666F726D20746865206E65747773
S214044F506F726B2E2054686520737461636B2075C2
S214044F607365732073616D652050616E49642061BA
S214044F7073206E617469766520726164696F206E51
S214044F806574776F726B2E00706167651F63686166
S214044F906E6E656C1F706F7765721F6F7074696FC5
S214044FA06E734D61736B20284269742030203D2057
S214044FB0526F757465727320616C6C6F7765642CC0
S214044FC0204269742031203D2042726F616463611F
S214044FD0737420616C6C6F776564291F0041747468
S214044FE0656D70747320746F206368616E676520E6
S214044FF0746865206368696C642074696D656F7590
S21404500074206F7074696F6E206D61736B20746F9B
S2140450102066696C746572206F757420756E64659D
S21404502073697261626C652076616C75657320289D
S214045030652E672E206E6F206D6F72652074686112
S2140450406E20332064617973292E0074696D656F50
S2140450507574206F7074696F6E206D61736B1F00BA
S2140450605377697463686573206265747765656EE3
S21404507020646966666572656E74206B656570206B
S214045080616C697665206D6F6465732073757070E6
S2140450906F72746564206279206120726F7574651E
S2140450A0722E004B65657020616C697665206D6FA5
S2140450B064651F005072696E74732074686520639B
S2140450C0757272656E74204E6F64652049442C2098
S2140450D045554936342C20616E642050616E204953
S2140450E0442E00496E697469616C697A657320613F
S2140450F0206E6574776F726B3B20746869732069E1
S214045100732061207465737420636F6D6D616E64C3
S214045110207573656420666F722074632D737761DF
S214045120702D6F75742074657374696E672E0053E2
S21404513065747320746865206E6574776F726B206F
S214045140696E646578207573656420627920616C85
S2140451506C2066757475726520434C4920636F6DC8
S2140451606D616E64732E20204265666F72652065DD
S2140451707865637574696E67206120434C492063C3
S2140451806F6D6D616E642C20746865206672616D47
S21404519065776F726B2073776974636865732074C0
S2140451A06F2074686973206E6574776F726B2E2037
S2140451B02041667465722074686520636F6D6D6146
S2140451C06E642066696E69736865732065786563C6
S2140451D07574696E672C20746865206672616D65E7
S2140451E0776F726B20737769746368657320626186
S2140451F0636B20746F207468652070726576696FBF
S2140452007573206E6574776F726B2E2020546865F4
S21404521020434C4920757365732074686520736158
S2140452206D65206E6574776F726B20696E64657841
S21404523020756E74696C207468652064657669638D
S2140452406520726573657473206F722069742069B3
S21404525073206368616E676564207468726F75672F
S21404526068207468697320636F6D6D616E642E00C8
S214045270417474656D70747320746F206368616E16
S214045280676520646576696365206F766572207449
S2140452906F206120646966666572656E7420636853
S2140452A0616E6E656C20676976656E20696E207423
S2140452B06865206368616E6E656C20617267756DE3
S2140452C0656E742E00546865206368616E6E656C46
S2140452D020746F206368616E676520746F1F0066B4
S2140452E0696E64556E7573656450616E49640066D4
S2140452F0696E644A6F696E61626C654E6574776F39
S214045300726B005065726D697473206A6F696E699A
S2140453106E67206F6E20746865206E6574776F7292
S2140453206B20666F72206120676976656E206E75E5
S2140453306D626572206F66207365636F6E6473209A
S214045340414E442062726F616463617374732061BA
S214045350205A444F204D676D74205065726D6974F1
S214045360204A6F696E696E6720726571756573741D
S21404537020746F20616C6C20726F75746572732E66
S21404538000412073696E676C6520627974652069D4
S2140453906E6469636174696E6720686F77206C6FEA
S2140453A06E67207468652064657669636520736833
S2140453B06F756C642068617665207065726D6974BB
S2140453C0206A6F696E696E67207475726E656420F4
S2140453D06F6E20666F722E20412076616C75652094
S2140453E06F662030786666207475726E73206F6EF2
S2140453F0207065726D6974206A6F696E20696E64C8
S2140454006566696E6974656C792E1F00436865630A
S2140454106B73206E6574776F726B20706A6F696E3B
S214045420207374617475732E0057726974657320E3
S21404543074686520657874656E6465642070616E52
S21404544020494420666F7220746865206465766916
S21404545063652E0065787470616E69641F0052651A
S2140454606A6F696E7320616E206578697374696EFD
S21404547067206E6574776F726B20696E2061207387
S2140454806563757265206F7220696E7365637572E5
S21404549065206D616E6E6572207769746820612080
S2140454A0646966666572656E7420646576696365AC
S2140454B020747970652E00426F6F6C65616E206E85
S2140454C06574776F726B206B657920617661696CA1
S2140454D06162696C6974791F4368616E6E656C20DD
S2140454E06D61736B1F416E20656E756D65726174B8
S2140454F0696F6E20696E6469636174696E6720748F
S21404550068652064657669636520747970652074BF
S2140455106F2072656A6F696E2061732E5468652009
S214045520737461636B206F6E6C792061636365705E
S214045530747320534C5F5A49474245455F454E4471
S2140455405F44455649434520616E6420534C5F5A78
S21404555049474245455F534C454550595F454E447F
S2140455605F4445564943452E1F0052654A6F696E8F
S214045570732061206E6574776F726B2E00426F6FB6
S2140455806C65616E206E6574776F726B206B6579DF
S21404559020617661696C6162696C6974791F43681D
S2140455A0616E6E656C206D61736B1F004C65617671
S2140455B065732061206E6574776F726B2E00547568
S2140455C0726E73207065726D6974206A6F696E6995
S2140455D06E67206F6E20666F722074686520616D3A
S2140455E06F756E74206F662074696D6520696E64CD
S2140455F06963617465642E00412073696E676C6527
S214045600206279746520696E6469636174696E6783
S21404561020686F77206C6F6E6720746865206465F9
S214045620766963652073686F756C64206861766557
S214045630207065726D6974206A6F696E696E672082
S2140456407475726E206F6E20666F722E20412076FF
S214045650616C7565206F6620307866662074757296
S2140456606E73207065726D6974206A6F696E206946
S2140456706E646566696E6974656C792E1F004A6F80
S214045680696E732061206E6574776F726B206F6E1F
S214045690206120676976656E206368616E6E656C4E
S2140456A02C2077697468206120676976656E2054BB
S2140456B05820506F77657220616E642050414E20EA
S2140456C049442E00546865206368616E6E656C20DC
S2140456D06F6E20776869636820746F206A6F696EDE
S2140456E020746865206E6574776F726B1F4F6E65E5
S2140456F02D62797465207369676E65642076616CC3
S214045700756520696E6469636174696E6720746880
S2140457106520545820506F77657220746861742031
S21404572074686520726164696F2073686F756C6451
S2140457302062652073657420746F1F54686520505A
S214045740414E204944206F6E207768696368207450
S2140457506F206A6F696E20746865206E6574776F53
S214045760726B1F00466F726D732061206E657477CE
S2140457706F726B206F6E206120676976656E20639A
S21404578068616E6E656C2C2077697468206120678A
S2140457906976656E20545820506F77657220616E66
S2140457A0642050414E2049442E00546865206368A6
S2140457B0616E6E656C206F6E20776869636820740E
S2140457C06F20666F726D20746865206E6574776FDF
S2140457D0726B1F4F6E652D62797465207369676EF0
S2140457E065642076616C756520696E6469636174AE
S2140457F0696E672074686520545820506F77657208
S21404580020746861742074686520726164696F200E
S21404581073686F756C642062652073657420746F9A
S2140458201F5468652050414E204944206F6E2077EF
S2140458306869636820746F20666F726D207468658B
S214045840206E6574776F726B1F00546869732069E5
S2140458506E6974696174657320612054434C4B20EF
S2140458607570646174652070726F636564757265C3
S2140458702E00537065636966792074686520616DCF
S2140458806F756E74206F662074696D6520746F2062
S21404589077616974206166746572206F6E65205442
S2140458A0434C4B20757064617465206F706572613B
S2140458B074696F6E20636F6D706C657465732062B7
S2140458C065666F726520626567696E6E696E6720CD
S2140458D061206E65772054434C4B20757064617468
S2140458E065206F7065726174696F6E2E005468650A
S2140458F020616D6F756E74206F662074696D652007
S2140459006265747765656E20737562736571756517
S2140459106E742074727573742063656E7465722079
S2140459206C696E6B206B6579207570646174657341
S21404593020696E206D696C6C697365636F6E647341
S2140459401F00536574206F7220636C656172207348
S214045950746179206177616B65207768656E206E67
S2140459606F74206A6F696E656400536574206F7285
S21404597020636C65617220666F726365206177616F
S2140459806B6500446973706C617920746865207374
S2140459906C6565702073746174757300464F52208D
S2140459A054455354494E4720505552504F5345532F
S2140459B0202D206761746865722074696D696E674E
S2140459C0206D65747269637320666F7220726570E9
S2140459D06F7274696E67207461626C65206F70659F
S2140459E0726174696F6E732E00436C656172732006
S2140459F0746865206C617374207265706F727420AD
S214045A0074696D65206F662061747472696275745A
S214045A1065732E00416464732061206E657720658B
S214045A206E74727920746F20746865207265706F66
S214045A307274207461626C652E00546865206C6F05
S214045A4063616C20656E64706F696E742066726F35
S214045A506D20776869636820746865206174747261
S214045A606962757465206973207265706F727465F7
S214045A70641F54686520636C757374657220776858
S214045A8065726520746865206174747269627574E1
S214045A9065206973206C6F63617465641F54686560
S214045AA0204944206F6620746865206174747269A6
S214045AB062757465206265696E67207265706F72C0
S214045AC07465641F3020666F7220636C69656E743B
S214045AD02D73696465206174747269627574657384
S214045AE0206F72203120666F72207365727665723D
S214045AF02D73696465206174747269627574657364
S214045B001F546865206D696E696D756D20726570C9
S214045B106F7274696E6720696E74657276616C2C38
S214045B20206D6561737572656420696E20736563A4
S214045B306F6E64732E1F546865206D6178696D7589
S214045B406D207265706F7274696E6720696E746515
S214045B507276616C2C206D6561737572656420695C
S214045B606E207365636F6E64732E1F546865206DB4
S214045B70696E696D756D206368616E676520746F04
S214045B802074686520617474726962757465207423
S214045B906861742077696C6C20726573756C742008
S214045BA0696E2061207265706F7274206265696E1A
S214045BB0672073656E742E1F0052656D6F7665736D
S214045BC020616E20656E7472792066726F6D207423
S214045BD06865207265706F7274207461626C652EDD
S214045BE00054686520696E646578206F6620746862
S214045BF065207265706F727420746F2062652072FF
S214045C00656D6F7665641F00436C65617273206111
S214045C106C6C20656E74726965732066726F6D2095
S214045C20746865207265706F7274207461626C6546
S214045C302E005072696E74732074686520726570E5
S214045C406F7274207461626C652E00576970657398
S214045C5020616C6C206461746120696E20746865D0
S214045C602073746F72616765206465766963652E58
S214045C70005072696E747320617262697472617224
S214045C8079206279746573206F6620746865204F86
S214045C90544120696D616765206F6E206469736B7B
S214045CA02E0054686520696E646578206F662074DB
S214045CB0686520696D61676520746F207072696E0F
S214045CC0742069747320646174611F546865206F5E
S214045CD0666673657420696E746F20746865204FF9
S214045CE0544120696D616765207468617420776922
S214045CF06C6C206265207072696E7465641F005057
S214045D0072696E747320696E666F726D6174696F02
S214045D106E2061626F7574207468652073746F7288
S214045D20616765206465766963652E0052656C6FED
S214045D306164207468652073746F7261676520649B
S214045D4065766963652E0044656C657465732074B6
S214045D50686520696D6167652061742074686520D4
S214045D6073706563696669656420696E6465782E18
S214045D700054686520696E646578206174207768CD
S214045D8069636820746F20626567696E2064656C59
S214045D906574696E672074686520696D6167651F40
S214045DA0005072696E74732074686520696D61674B
S214045DB065732E00456E61626C6573204F544120F6
S214045DC0646F776E6772616465732E0044697361ED
S214045DD0626C6573204F544120646F776E677261FE
S214045DE06465732E0053656E647320616E2055706F
S214045DF06772616465456E64526571756573742077
S214045E00746F20616E204F544120736572766572FC
S214045E102E0043616E206265207573656420746F7E
S214045E202064796E616D6963616C6C792074757237
S214045E306E206F66662073656E64696E6720706197
S214045E406765207265717565737473206F6E207450
S214045E50686520636C69656E7420736964652C20BC
S214045E606966207468652073657276657220646F4F
S214045E7065736E277420737570706F7274207468FF
S214045E80697320666561747572652E00426F6F6C67
S214045E9065616E2076616C7565207475726E696EC8
S214045EA067206F6E20283129206F72206F66662067
S214045EB028302920746865207061676520726571D2
S214045EC07565737420666C61671F0053656E647332
S214045ED020616E20696D61676520626C6F636B205C
S214045EE07265717565737420666F722061206669C9
S214045EF06C652074686520736572766572207368B5
S214045F006F756C64206E6F7420686176652E202031
S214045F1054657374206861726E657373206F6E6C5B
S214045F2079202874657374206361736520392E356F
S214045F302E36202D204D697373696E672046696C72
S214045F406529005072696E747320696E666F726D8F
S214045F506174696F6E206F6E207468652063757255
S214045F6072656E74207374617465206F662074683D
S214045F7065204F544120636C69656E7420646F77A6
S214045F806E6C6F61642E0053746F70732074686552
S214045F90204F5441207374617465206D6163686991
S214045FA06E652E0053746172747320746865204F96
S214045FB0544120636C69656E742073746174652043
S214045FC06D616368696E652E20546865207374611C
S214045FD07465206D616368696E6520646973636FB8
S214045FE07665727320746865204F54412073657219
S214045FF07665722C207175657269657320666F729A
S214046000206E657720696D616765732C20646F77F1
S2140460106E6C6F6164732074686520696D61676572
S2140460207320616E6420776169747320666F7220D2
S2140460307468652073657276657220636F6D6D6132
S2140460406E6420746F20757067726164652E0050EC
S21404605072696E747320746865206D616E7566610E
S2140460606374757265722049442C20496D616765B6
S21404607020547970652049442C20616E642056654E
S2140460807273696F6E20696E666F726D6174696F84
S2140460906E2074686174206172652075736564206F
S2140460A07768656E2061207175657279206E6578F3
S2140460B07420696D6167652069732073656E74204A
S2140460C0746F2074686520736572766572206279D1
S2140460D02074686520636C69656E742E0050657262
S2140460E0666F726D73207369676E6174757265206E
S2140460F0766572696669636174696F6E206F6E2077
S21404610074686520696D61676520617420746865CC
S2140461102073706563696669656420696E64657872
S2140461202E0054686520696E646578206174207753
S2140461306869636820746F20626567696E20766597
S21404614072696669636174696F6E206F662074682D
S2140461506520696D6167651F00426F6F746C6F61BF
S21404616064732074686520696D61676520617420B6
S2140461707468652073706563696669656420696E12
S2140461806465782062792063616C6C696E6720743C
S2140461906865204F544120626F6F746C6F61642091
S2140461A063616C6C6261636B2E0054686520696E73
S2140461B064657820617420776869636820746F204A
S2140461C0626567696E20626F6F746C6F6164696E76
S2140461D0672074686520696D6167651F0050726981
S2140461E06E747320696E666F2061626F75742074B6
S2140461F0686520696E7374616C6C656420626F6F89
S214046200746C6F616465722E005375627472616398
S21404621074732061206368616E6E656C2066726FAD
S2140462206D2065697468657220746865207072698B
S2140462306D617279206F72207365636F6E6461722C
S21404624079206368616E6E656C206D61736B206F78
S2140462506620746865206E6574776F726B2D737430
S214046260656572696E6720636F6D706F6E656E74B8
S2140462702E00546865206368616E6E656C206D61DF
S214046280736B20746F207375627472616374207408
S2140462906865206368616E6E656C2066726F6D1F3C
S2140462A0546865206368616E6E656C20746F207335
S2140462B07562747261637420746865206D61736BB3
S2140462C02066726F6D1F00416464732061206368EA
S2140462D0616E6E656C20746F2065697468657220E3
S2140462E0746865207072696D617279206F722073AC
S2140462F065636F6E64617279206368616E6E656C47
S214046300206D61736B206F6620746865206E6574FB
S214046310776F726B2D7374656572696E6720636F31
S2140463206D706F6E656E742E0054686520636861C8
S2140463306E6E656C206D61736B20746F206164648F
S2140463402061206368616E6E656C20746F1F5468EC
S21404635065206368616E6E656C20746F206164648A
S21404636020746F20746865206D61736B1F0053651D
S2140463707473206569746865722074686520707229
S214046380696D617279206F72207365636F6E6461E4
S2140463907279206368616E6E656C206D61736B2E16
S2140463A000546865206368616E6E656C206D617369
S2140463B06B20746F207375627472616374207468E2
S2140463C065206368616E6E656C2066726F6D1F541F
S2140463D068652076616C756520746F20736574201B
S2140463E0746865206368616E6E656C206D61736B9E
S2140463F020746F2E1F0053657473207468652070B4
S21404640072652D636F6E66696775726564206B6569
S2140464107920736F207468617420746865206A6FCD
S214046420696E696E67206465766963652063616E6C
S21404643020656E74657220746865206E6574776F67
S214046440726B2E00536574732074686520707265D1
S214046450636F6E66696775726564206B65791F0085
S21404646053746F707320746865206E6574776F72EA
S2140464706B207374656572696E672070726F6365EE
S21404648073732E0053746172747320746865206E7F
S2140464906574776F726B207374656572696E6720B6
S2140464A070726F636573732E0041206D61736B2089
S2140464B06F66206F7074696F6E7320666F722069E2
S2140464C06E6469636174696E672073706563696678
S2140464D06963206265686176696F7220776974689B
S2140464E0696E20746865206E6574776F726B2D73A1
S2140464F074656572696E672070726F636573732E58
S2140465001F00446973706C61797320746865206336
S214046510757272656E7420737461747573206F6619
S21404652020746865206E6574776F726B207374656B
S2140465306572696E672070726F636573732E0043AD
S2140465406C65617273207468652067726F7570730A
S214046550207461626C65206F6E20657665727920A2
S214046560656E64706F696E74005072696E74732021
S214046570696E666F726D6174696F6E2061626F75A5
S214046580742074686520636F6E74656E7473206F10
S21404659066207468652067726F7570732074616214
S2140465A06C652E004172746966696369616C6C7906
S2140465B02064726F70732074686520626C6F636BFE
S2140465C0206E756D62657220646566696E6564200A
S2140465D062792074686520706173736564206172E3
S2140465E067756D656E74206F6E6C79206F6E63656B
S2140465F02C20616E64207468656E20616C6C6F7705
S214046600732069742075706F6E20612072657472D1
S214046610792E0054686520626C6F636B206E756D0E
S21404662062657220746F2061727469666963696159
S2140466306C6C792064726F7020746F20666F72635E
S214046640652061207265747279202D20736574202C
S214046650746F203078464620746F206469736162D4
S2140466606C651F00536574732074686520726563D7
S214046670656976652077696E646F772073697A65D5
S2140466802E2020427920646566696E6974696F6E8F
S21404669020696E2074686520536D61727420456E9F
S2140466A0657267792070726F66696C6520697420FC
S2140466B06D7573742062652073657420746F203161
S2140466C020627574207468697320616C6C6F7773CC
S2140466D020697420746F206265206368616E676544
S2140466E0642E00546865206D6178206E756D626551
S2140466F072206F662074686520626C6F636B73200B
S2140467007265636569766564206265666F72652086
S214046710616E204150532061636B20697320676566
S2140467206E6572617465641F004D616B65732074D9
S214046730686973206E6F646520737461727420696F
S21404674064656E74696679696E672061732061207A
S21404675074617267657420666F722062696E64691C
S2140467606E67207769746820616E20696E69746943
S21404677061746F72206E6F64652E005468652065C0
S2140467806E64706F696E74206F6E207768696368D4
S21404679020746F20626567696E2074686520466998
S2140467A06E64696E6720616E642042696E64696E09
S2140467B067207461726765742070726F63657373A3
S2140467C01F004D616B65732074686973206E6F6477
S2140467D0652073746172742074686520696E6974C8
S2140467E06961746F722070617274206F66207468B9
S2140467F0652066696E64696E6720616E64206269EE
S2140468006E64696E672070726F636573732E0054CE
S214046810686520656E64706F696E74206F6E20778D
S2140468206869636820746F20626567696E2074689F
S214046830652046696E64696E6720616E64204269ED
S2140468406E64696E6720696E69746961746F72201C
S21404685070726F636573731F00456E61626C652F9B
S21404686064697361626C6520646562756720606C38
S214046870656761637920617070206672616D657703
S2140468806F726B20646562756760207072696E74DF
S21404689020747970652E00456E61626C652F64699C
S2140468A07361626C651F00456E61626C652F646976
S2140468B07361626C6520646562756720607A636CD8
S2140468C060207072696E7420747970652E00456E4F
S2140468D061626C652F64697361626C6520646562CD
S2140468E07567206061707060207072696E742074C1
S2140468F07970652E00456E61626C652F64697361FC
S214046900626C652064656275672060636F7265609B
S214046910207072696E7420747970652E00456E61FD
S214046920626C652F64697361626C65206465627568
S214046930672060737461636B60207072696E742084
S214046940747970652E0053656E64732061207265D9
S214046950717565737420666F72204F544120636F9F
S214046960756E746572732E00526573657473206158
S2140469706C6C207468726573686F6C6473207661DF
S2140469806C75657320746F203078464646462E0034
S214046990536574732061207468726573686F6C64E1
S2140469A02076616C756520666F7220612070617256
S2140469B0746963756C61722074797065206F6620E3
S2140469C0636F756E7465722E0054797065206F66F9
S2140469D020636F756E7465721F5468726573686F92
S2140469E06C642056616C75651F005072696E747312
S2140469F020746865207468726573686F6C647320AD
S214046A006F6620616C6C2074686520636F756E74A5
S214046A106572732E00436C6561727320616C6C2022
S214046A20636F756E7465722076616C7565732E007F
S214046A305072696E747320616C6C20636F756E742B
S214046A4065722076616C7565732E005072696E747B
S214046A5073207468652076616C7565206F66207493
S214046A6068697320706172746963756C61722063FF
S214046A706F756E7465722E0054686520636F756E4C
S214046A80746572207479706520746F207072696EF4
S214046A90741F005072696E747320616C6C20636F8F
S214046AA0756E7465722076616C75657320616E64AC
S214046AB020636C65617273207468656D2E0053657F
S214046AC074204D464720746F6B656E2C2043414EF0
S214046AD04E4F5420424520554E534554204259208B
S214046AE0434C492E005072696E74204D46472074FC
S214046AF06F6B656E2E005072696E742061637469E4
S214046B007665206576656E74732E004469736162DB
S214046B106C652074686520656E64706F696E742099
S214046B20666F72205A434C206D6573736167657394
S214046B302E00456E64706F696E7420696E646578A5
S214046B401F00456E61626C65732074686520656E0F
S214046B5064706F696E7420666F72205A434C206DA1
S214046B60657373616765732E005072696E74207363
S214046B707461747573206F6620656E64706F696ED9
S214046B8074732E0053686F77732074686520766577
S214046B907273696F6E206F662074686520736F6603
S214046BA074776172652E005365742074686520637B
S214046BB06F6E66696775726564203830322E3135BB
S214046BC02E3420434341206D6F646520696E207423
S214046BD0686520726164696F2E2053656520646F52
S214046BE063756D656E746174696F6E207265676136
S214046BF07264696E67205241494C5F494545453881
S214046C0030323135345F4363614D6F64655F742E93
S214046C100041205241494C5F4945454538303231A0
S214046C2035345F4363614D6F64655F742076616CD1
S214046C3075651F0052657475726E73205054492032
S214046C40726164696F20636F6E66696720696E6639
S214046C506F726D6174696F6E20746F2064657465FD
S214046C60726D696E65207468652050485920747981
S214046C707065206265696E67207573656420627945
S214046C80205241494C2E2072657475726E207661CE
S214046C906C756520697320656E756D205241494C8C
S214046CA05F494545453830323135345F5074695252
S214046CB06164696F436F6E6669675F7420652E67EB
S214046CC020205241494C5F494545453830323135DC
S214046CD0345F5054495F524144494F5F434F4E46D8
S214046CE049475F32503447485A203D203078303088
S214046CF055205241494C5F49454545383032313577
S214046D00345F5054495F524144494F5F434F4E46A7
S214046D1049475F32503447485A5F414E54444956B7
S214046D20203D203078303155205241494C5F49454A
S214046D3045453830323135345F5054495F5241440A
S214046D40494F5F434F4E4649475F32503447485A8F
S214046D505F434F4558203D2030783032552052410D
S214046D60494C5F494545453830323135345F5054D7
S214046D70495F524144494F5F434F4E4649475F324D
S214046D80503447485A5F414E544449565F434F4532
S214046D9058203D2030783033550053656E64732098
S214046DA0612072656164206174747220666F72205B
S214046DB07468652074696D65206F66207468652044
S214046DC0646576696365207370656369666965647E
S214046DD02E2049742073657473206120666C616785
S214046DE020736F207768656E2069742067657473F6
S214046DF02074686520726573706F6E73652069749D
S214046E0020777269746573207468652074696D658B
S214046E1020746F20697473206F776E2074696D65B3
S214046E2020617474722E0049641F737263456E6425
S214046E30706F696E741F64657374456E64706F69F1
S214046E406E741F005768656E2073656E64696E679E
S214046E50207573696E6720612062696E64696E6767
S214046E602C2073706563696669657320776865743A
S214046E706865722061206D756C7469636173742033
S214046E8062696E64696E672073686F756C642062ED
S214046E906520757365642E007573654D756C74692D
S214046EA06361737442696E64696E671F0053656E2E
S214046EB064732061207072652D62756666657265FE
S214046EC064206D756C746963617374206D65737387
S214046ED061676520746F206120676976656E206738
S214046EE0726F75702049442066726F6D206120674A
S214046EF06976656E20656E64706F696E742E0067C1
S214046F00726F757049641F7372632D656E64706F5B
S214046F10696E741F00437265617465732061206D29
S214046F20657373616765206279207370656369664B
S214046F3079696E6720746865207261772062797457
S214046F4065732E20557365207468652073656E64BA
S214046F5020636F6D6D616E6420746F2073656E645C
S214046F6020746865206D657373616765206F6E6352
S214046F706520697420686173206265656E2063729B
S214046F8065617465642E2045783A207261772030F6
S214046F907830303046207B3030203041203030206E
S214046FA031312032322033332034342035357D20BD
S214046FB073656E64732061206D6573736167652005
S214046FC0746F20636C7573746572203135202830B5
S214046FD0783030304629206F66206C656E6774689A
S214046FE0203820776869636820696E636C75646509
S214046FF07320746865205A434C2068656164657222
S2140470002E00436C757374657249641F4461746121
S2140470101F0052657365747320746865206E6F6410
S214047020652E005772697465732061206D657373ED
S2140470306167652E00456E64706F696E741F436CDD
S21404704075737465722049441F417474726962755D
S21404705074652049441F4D61736B1F44617461203D
S214047060747970651F4461746120627974651F00C9
S21404707052656164732061206D6573736167652E64
S21404708000456E64706F696E741F436C7573746527
S214047090722049441F41747472696275746520498C
S2140470A0441F3120696620736572766572206469B0
S2140470B072656374696F6E2C203020696620636C79
S2140470C069656E7420646972656374696F6E1F0007
S2140470D053656E64732061206D6573736167652EF6
S2140470E00044657374696E6174696F6E1F536F75BF
S2140470F072636520656E64706F696E741F44657391
S21404710074696E6174696F6E20656E64706F696E03
S214047110741F00536F7572636520656E64706F69C3
S2140471206E741F004C6973747320776869636820F3
S2140471306F7074696F6E616C206C696272617269DB
S2140471406573206F662074686520737461636B20B2
S21404715061726520696D706C656D656E746564201A
S2140471606F6E2074686973206465766963652E00A3
S2140471705072696E747320696E666F726D6174699D
S2140471806F6E2061626F757420746865206E657416
S214047190776F726B2073746174652C20636C7573DF
S2140471A0746572732C20616E6420656E64706F69FA
S2140471B06E74732E006F66667365741F0050726972
S2140471C06E747320696E666F726D6174696F6E207B
S2140471D0666F7220616C6C20617661696C61626CAA
S2140471E06520736C6F74732E00526561647320722D
S2140471F0617720646174612066726F6D20666C61CD
S21404720073682073746F726167652E0041646472DC
S21404721065737320746F20726561641F4E756D62AA
S2140472206572206F6620627974657320746F2072AD
S2140472306561641F005072696E747320666C6173B6
S214047240682073746F7261676520696E666F726D0D
S2140472506174696F6E2E004572617365732074687D
S214047260652073706563696669656420736C6F7402
S2140472702049442E0053746F7261676520736C6FE7
S21404728074206E756D6265721F00426F6F74732092
S21404729074686520696D61676520696E2074686529
S2140472A02073706563696669656420736C6F742007
S2140472B049442E00434C4920696E7374616E6365BD
S2140472C0206578616D706C650064756D6D795F69B5
S2140472D06E7374005A434C20636F6D6D616E6473F5
S2140472E000626173696300676C6F62616C006D664F
S2140472F0672D636F6465007573652D6E6578742DF0
S21404730073657175656E636500782D646566617571
S2140473106C742D7265737000746573742D72657366
S214047320706F6E73652D6F6E00746573742D726561
S21404733073706F6E73652D6F6666005A434C2062D9
S2140473406173696320636C757374657220636F6D13
S2140473506D616E6473007274666400436F6D6D6174
S2140473606E6420746861742072657365747320613A
S2140473706C6C206174747269627574652076616CD5
S21404738075657320746F20666163746F7279206408
S214047390656661756C742E005241494C006C6F77BB
S2140473A065722D6D61632D7261696C2D3830322ED5
S2140473B031352E342E63006C69627261696C2E61FD
S2140473C000756E636C61696D6564006275666665FA
S2140473D0722D6D616E6167656D656E742E630065F2
S2140473E076656E742D71756575652E63007A6967AA
S2140473F06265652D75707065722D6D61632E630010
S2140474006E65696768626F722E63006173736F637B
S214047410696174696F6E2E630031383231730031DE
S214047420343232310031323100327300313232318B
S21404743031320031323231310032383100383131B4
S2140474400031383231310031323131313231323279
S214047450323173003132320031323131323231005E
S214047460313131310032323800726F7574652D74E3
S21404747061626C652E63006D61632D6D756C746955
S2140474802D6E6574776F726B2E63006C656761632F
S214047490792D7061636B65742D6275666665722EF0
S2140474A06300000102030E312E312E322D64636612
S2140474B0333866663500010001000203030003004A
S2140474C00000000013B779FAC925DDB7ADF3CFE0A5
S2140474D0F1B614B80102000000000000FFFFFFFF31
S2140474E00100000001000000000000000000000091
S2140474F00000000000000000000000000000000083
S2140475000000000000000000000000000000000072
S21404751000000000033F1F00133903000F39030067
S214047520ED380300BB3803004B3903001D39030054
S214047530BD3803002C000000020202030000000015
S21404754001020000000801B4EC7504000008015AAA
S214047550A8750400000800406475040000000000DC
S214047560000000000000FCFEFFFF0000000000001A
S214047570FFFF000000000000FFFF00000000000006
S214047580FFFF00000000000040001806F4D20000D0
S2140475902C00B0023DBE00001700F2000C7C000078
S2140475A00C0041009E4200006400FCFEFFFF000049
S2140475B000000000FFFF0000000000005A00F30671
S2140475C0A554FEFF2100A301A1FEFFFF1100A600A3
S2140475D0832700000A006100DC26000006003B004A
S2140475E0F820000003001500AD130000C800FCFEE0
S2140475F0B4008B087BC0FBFF4D00E402E756FFFF98
S2140476002C00A20183EBFFFF1A000301B31A00004B
S2140476101100A300552900000A005E005A28000045
S21404762006003A0021220000040018007316000029
S214047630B12B04000AE103000AE103000AE1030097
S2140476400AE103000AE103000AE103000AE1030079
S2140476500AE103000AE103000AE103000AE1030069
S2140476600AE103000AE103000AE103000AE1030059
S2140476700AE103000AE103000AE103000AE1030049
S2140476800AE103000AE103000AE103000AE1030039
S2140476900AE103000AE103000AE103000AE1030029
S2140476A018E103000AE103002DE103000AE10300E8
S2140476B00AE1030052E103000AE103000AE10300C1
S2140476C00AE103000AE103007AE103000AE1030089
S2140476D00AE103000AE103000AE1030092E1030061
S2140476E00AE10300B0E103000B0000000B000000F9
S2140476F0020000000000202000000000030000003C
S2140477008C8C3C000000000000000000000000001C
S214047710000000581200000000000000FFFFFFFFFA
S214047720FFFFFFFF554E4B00474F200042544C00CE
S214047730474F3200474F3300474F3400474F35001A
S214047740474F3600474F3700474F3800474F3900FA
S214047750474F4100474F4200474F4300474F4400BE
S214047760474F4500474F46004A4D5000424452009A
S2140477705550520042544D004D534D0046544C0053
S214047780554E4B00474F200042544C0042414400A3
S21404779046544C00465243004F54410044534C0058
S2140477A04241500055504700544D4500464155004F
S2140477B0545A4600554E4B0050494E00454D340031
S2140477C0554E4B0048562000554E4B004558500029
S2140477D04C574D00554E4B005242540044534C00F7
S2140477E0454D3400554E4B0041535400554E4B0006
S2140477F056465900494E4800554E4B004C434B00E4
S21404780058544C004F424600554E4B0048524400D4
S2140478104D454D00425553005553470044424700DA
S214047820444D410056435400554E4B0055502000DD
S2140478305250200041503000415031004150200049
S214047840445020004445430024770400287704006D
S21404785080770400B4770400C0770400C877040077
S214047860D4770400E4770400EC770400F877040087
S2140478700878040028780400554E4B004649420018
S21404788042544C0045585400505752005744470041
S2140478902053570043525300465348004241440085
S2140478A0464C540042524F000104010303060105EE
S2140478B0010501090600060B0000070B050B000076
S2140478C000000000000000000400E40C0A000104AC
S2140478D0100100000005000200000300647B0400A1
S2140478E0607B04004C7B0400487B0400447B04005B
S2140478F0407B04002E7B04001E7B0400047B0400F3
S214047900FC7A0400F27A0400F07A0400D87A0400C0
S214047910D57A0400CD7A0400BC7A0400AC7A04005C
S2140479209A7A0400807A0400787A04006C7A040058
S214047930687A0400647A0400567A04004B7A0400D9
S214047940327A0400197A0400BD790400BC79040074
S214047950AC79040084790400797904007879040009
S214047960647904000000000000000000000000002D
S21404797000000000000000000F00000000000000EF
S21404798000000000000000000000000000000000EE
S21404799000000000000000000000000000000000DE
S2140479A000000000000000000000000001000000CD
S2140479B00000000000000000000000000F000000AF
S2140479C000000000000000000000000000000000AE
S2140479D0000000000000000000000000000000009E
S2140479E0000000000000000000000000000000008E
S2140479F0000000000000000000000000000000007E
S214047A00000000000000000000000000000000006D
S214047A10000000000000000000000000000000005D
S214047A20000000000000000000000000000000004D
S214047A30000000000000000000000000000000003D
S214047A40000000000000000000000000000000002D
S214047A50000000000000000000000000000000001D
S214047A60000000000000000000000000FFFFFFFF11
S214047A70FFFFFFFFFFFF0000000000000000000003
S214047A8000000000000000000000000000000000ED
S214047A9000000000000000000000000000000000DD
S214047AA000000000000000000000000000000000CD
S214047AB000000000000000000000000000000000BD
S214047AC000000000000000000000000000FFFFFFB0
S214047AD0FFFFFFFFFF9C0000FF0000000000000007
S214047AE0000000000000000000000000800000000D
S214047AF00000FFFFFFFFFFFFFFFFFFFF0000000087
S214047B00FFFF00000000000000000000000000006E
S214047B100000000000000000000000000000FFFF5E
S214047B20FF0000000000000000000000000000004D
S214047B30000000000000000000000000000000003C
S214047B40000000000000000000000000000000002C
S214047B50000000000000000000000000000000001C
S214047B6000000000FC030101010101010101010103
S214047B7001010101010000000000000100200600D0
S214047B800000060101000020020411040402111082
S214047B901A080A021801081110111A080A04020D1C
S214047BA00B19195C0110280B0114000000000000DA
S214047BB000000000000000000001010101010100B6
S214047BC001010101010101000001010100010001A0
S214047BD0010000000000000000000000000000009B
S214047BE0000100000000000000000000000000008B
S214047BF001FF010023E1010075E4010063E20100D6
S214047C0063E5010062E1010079EB010064EE010026
S214047C1024E1010025E1010026E1010027E101003D
S214047C2028E1010029E101002AE101000000010029
S214047C308000010000010100800101000002010033
S214047C408002010020E2010000030100000501009B
S214047C5080050100000601002C8901008006010051
S214047C600007010001E5010002E50100000801002B
S214047C70800801000040010086321010FFFFFFFF5D
S214047C80FFFFFFFF37EA03003DEA030043EA030071
S214047C9049EA03004FEA03005A6967426565416C86
S214047CA06C69616E636530394E574B205374656555
S214047CB072696E67000095969595950507090D00FF
S214047CC00000000000010203040600007B0004001C
S214047CD01614040030140400471404005A14040054
S214047CE06A1404007E14040090140400A014040013
S214047CF0BC140400D11404000208010D0D01010196
S214047D0012010000FFFFFFFFFFFFFFFF000000005F
S214047D100000000001090501000200000000000345
S214047D201EF1EE0B347D040070200400B12B040019
S214047D30FE0000008C200400947E04000000000076
S214047D4096200400847E040000000000A3200400A3
S214047D50747E040000000000B0200400647E04006A
S214047D6000000000CE200400507E04000000000046
S214047D70C62004003C7E040000000000CD20040061
S214047D80287E040000000000DB200400187E0400A7
S214047D90000000004D1F0400047E040000000000E4
S214047DA0D4200400F47D040000000000E020040059
S214047DB0E07D04000000000068E80300D07D0400B5
S214047DC000000000000000000000000000000000AA
S214047DD0E74F0300F12004002E210400010100FFF8
S214047DE0FDD50000572104009C2104000101000178
S214047DF00107FF00B9D50000E9210400542204005D
S214047E00010100FFF9D40000752204008E2204004C
S214047E1000010100FF000000F94F0300B322040034
S214047E200B2304000101FF00E14F0300222304009A
S214047E307923040001010207FF000000DB4F030062
S214047E40222304007923040001010207FF00000036
S214047E50D54F0300222304007923040001010207FE
S214047E60FF000000ADD400009A230400D9230400C8
S214047E70010101FF4DD40000F82304003D24040052
S214047E80010000FF09D40000F82304003D24040088
S214047E90010000FF91D40000642404006A22040058
S214047EA000FF0000CF4F0300B9240400DB4F04009A
S214047EB0FF000000C94F03002C250400DB4F04001C
S214047EC0FF000000E9D300009B25040010260400F0
S214047ED000FF0000C1D30000282604008A26040000
S214047EE000FF0000BB4F03009B260400E1260400AD
S214047EF002FF000089D30000EA2604005E2704007F
S214047F0001FF0000D7270400BA270400C92704008D
S214047F10D5270400E6270400FC27040012280400E2
S214047F201C28040026280400000000002A2B040055
S214047F3011000000362B0400120000003E2B040043
S214047F4013000000462B0400210000004E2B040002
S214047F5022000000552B0400230000005C2B0400C4
S214047F60AA000000632B0400FF00000000000000CD
S214047F70FFFFFFFFFFFFFFFF000000000000000000
S214047F80000001080109020A030B040C050D060E85
S214047F90070F081001180119021A031B041C051DFB
S214047FA0061E071F08200121022203230424052598
S214047FB00626072708280129022A032B042C052D48
S214047FC0062E072F08300131023203380239043AEC
S214047FD008E004E104E204E802E902EA04F008F135
S214047FE01000000000000000020500004C800400A1
S214047FF0010000006080040001000000748004009A
S2140480000100000088800400010000009C80040039
S21404801001000000B080040001000000C4800400D9
S21404802001000000D880040001000000EC80040079
S2140480300100000000810400010000001481040017
S2140480400100000028810400010000000000000078
S2140480503C81040003000000400000000000000013
S214048060000000003C810400030000004000000003
S21404807000000000000000003C8104000300000033
S2140480804000000000000000000000003C810400E6
S2140480900300000040000000000000000000000094
S2140480A03C810400030000004000000000000000C3
S2140480B0000000003C8104000300000040000000B3
S2140480C000000000000000003C81040003000000E3
S2140480D04000000000000000000000003C81040096
S2140480E00300000040000000000000000000000044
S2140480F03C81040003000000400000000000000073
S214048100000000003C810400030000004000000062
S21404811000000000000000003C8104000300000092
S2140481204000000000000000000000003C81040045
S21404813003000000400000000000000000002001D2
S2140481402000000008000000040042213000000067
S2140481508881040000FF4200300000000000000098
S21404816004004100BDF00000060041005B58030017
S21404817019008100AD0D01001900840039180100B2
S214048180008000000000000006435553544F4D0085
S21404819000000000000000000000000000000000D6
S2140481A000000000000000000000040104010401B7
S2140481B0040104010401040104010401040104018E
S2140481C00401FFFFFFFFFFFFFFFFFFFFFFFFFFFFAF
S2140481D0FFFFFFFFFFFFFFFFFFFF00010203040591
S2140481E0060708090A0B1F1C1F1E1F1E1F1F1E1F23
S2140481F01E1F07021F012F0037013F005701DF0231
S214048200E700FF020000000000000000000000007D
S2140482100000000000000000000000000000000055
S2140482200000000000000000C9310400FFFF000049
S21404823000000000813204008C320400B12B0400DC
S21404824094320400A2320400B12B0400B5320400B8
S214048250C0320400CE320400D2320400E2320400FB
S21404826083010400F2320400F632040001330400F1
S2140482700B330400153304001933040027330400B9
S2140482803B3304005133040000800000000000006B
S2140482900000000000000000FFFFFFFFFF000000DA
S2140482A00000000041990100000000000000F03FBB
S2140482B000000000000024400000000000005940B8
S2140482C00000000000408F40000000000088C3400B
S2140482D000000000006AF8400000000080842E4180
S2140482E000000000D01263410000000084D79741CC
S2140482F00000000065CDCD41FC040400E8980400AD
S21404830000000000773C0400D89804000000000039
S2140483107C3C0400C8980400000000007D3C040077
S214048320B898040000000000DB200400A4980400B1
S21404833000000000CE200400909804000000000016
S214048340823C04008098040000000000883C04007E
S21404835070980400000000008C3C04006098040040
S214048360000000009B3C040050980400000000003D
S214048370B83C04004098040000000000C13C04001F
S2140483803098040000000000D63C04002098040046
S21404839000000000BE120400109804000000000054
S2140483A0E63C0400D097040000000000DD40040012
S2140483B05C8F040000000000B23004001C8F040030
S2140483C000000000ED3C04005C8E04000000000089
S2140483D0F63C0400608D040000000000033D040029
S2140483E054890400000000001F3304002C88040095
S2140483F0000000000A3D04002C8804000100000070
S2140484000E3D0400EC87040000000000133D040049
S214048410B086040000000000FCE10300B0860400FF
S21404842001000000033D040054890400000000001D
S2140484301A3D040054890400010000001F3D040096
S2140484407C86040000000000293D04007C860400AD
S21404845001000000313D0400AC840400000000006C
S2140484606DE90300788404000000000000000000AA
S214048470000000000000000088840400353D04006D
S214048480B12B0400FE0000004D3D040004900400DF
S21404849000000000B2410400F48F04000000000055
S2140484A0000000000000000000000000BC8404007F
S2140484B0523D0400B12B0400FE000000683D040099
S2140484C084910400000000006E3D040074910400D2
S2140484D000000000743D04006491040000000000E5
S2140484E07D3D04005491040000000000AEE6030045
S2140484F04491040000000000B8E403000C9104005A
S21404850000000000BFED0300F89004000000000027
S214048510873D0400E890040000000000ACE9030076
S214048520D8900400000000008C3D0400C8900400AD
S21404853000000000933D0400B89004000000000012
S214048540983D0400A8900400000000009C3D040030
S2140485504886040000000000A33D0400F0850400E3
S21404856000000000AB3D0400BC85040000000000D1
S214048570B73D0400888504000000000000000000E9
S214048580000000000000000098850400C23D0400BE
S214048590B12B0400FE000000F7FB03002490040047
S2140485A0000000000C2804001490040000000000E2
S2140485B0000000000000000000000000CC8504005D
S2140485C0E33D0400B12B0400FE000000F7FB0300AB
S2140485D044900400000000000C28040034900400BA
S2140485E00000000000000000000000000000000082
S2140485F000860400053E0400B12B0400FE000000C3
S214048600233E04009490040000000000014304008C
S2140486108490040000000000323E040074900400BD
S21404862000000000373E04006490040000000000D0
S2140486303E3E0400549004000000000000000000C9
S214048640000000000000000058860400433E0400BA
S214048650B12B0400FE000000B9FB030030910400B7
S21404866000000000603E04001C91040000000000AE
S2140486700000000000000000000000008C860400DB
S214048680683E0400B12B0400FE000000843E040093
S214048690C4910400000000001F330400B4910400D9
S2140486A000000000000000000000000000000000C1
S2140486B0C0860400893E0400B12B0400FE000000BE
S2140486C0A23E040074920400000000007AF803003E
S2140486D06492040000000000AB3E040054920400C0
S2140486E000000000843E0400A49104000000000082
S2140486F0B03E04009491040000000000BD3E040057
S214048700AC87040000000000CB3E04007887040019
S21404871000000000D93E0400388704000000000072
S214048720ED3C04005C8E0400000000000000000025
S214048730000000000000000048870400E23E040039
S214048740B12B0400FE0000002673040044920400CB
S2140487500000000037730400349204000000000098
S214048760AB0C04002492040000000000000000008B
S214048770000000000000000088870400003F04009A
S214048780B12B0400FE0000002A3F0400949204006B
S21404879000000000C02D04008492040000000000C5
S2140487A0000000000000000000000000BC87040079
S2140487B0313F0400B12B0400FE0000006DE9030005
S2140487C0C8920400000000000C280400B8920400BC
S2140487D00000000001430400A4920400000000000E
S2140487E0000000000000000000000000FC870400F9
S2140487F0513F0400B12B0400FE0000006DE90300A5
S214048800F892040000000000713F0400E89204009F
S214048810000000000C280400D892040000000000A9
S2140488200000000000000000000000003C88040077
S214048830783F0400B12B0400FE000000923F0400C1
S2140488402C94040000000000C42704001C940400B8
S21404885000000000C53F04000C9404000000000063
S214048860AEE60300FC93040000000000DF270400CB
S214048870EC93040000000000973F0400DC9304001F
S21404888000000000AF3F0400CC930400000000008A
S214048890B83F0400BC93040000000000BF3F04007F
S2140488A0AC93040000000000CB3F04007C9304005B
S2140488B000000000014304006C9304000000000064
S2140488C0DA3F04005C930400000000006A0D040014
S2140488D04C93040000000000DF3F04003C930400B7
S2140488E000000000F63F04002C9304000000000083
S2140488F00A40040018930400000000001A40040014
S21404890008930400000000002940040020890400A5
S214048910000000000000000000000000000000004E
S214048920308904002E400400B12B0400FE00000031
S214048930454004009C930400000000004E400400E0
S2140489408C930400000000000000000000000000FB
S2140489500000000064890400B12B0400B12B04005D
S214048960FE000000554004009C8F04000000000038
S21404897062400400E08D0400000000006B40040028
S2140489802C8D04000000000079400400F88C0400DC
S2140489900000000087400400C48C040000000000AF
S2140489A0954004002C8C040000000000A64004003F
S2140489B0048C040000000000B3400400648B040030
S2140489C000000000BE4004000C8B04000000000001
S2140489D0D1400400E48A040000000000BF1F040025
S2140489E0808A040000000000E4400400408A04007A
S2140489F000000000EF4004000C8A040000000000A1
S214048A000000000000000000000000001C8A0400B3
S214048A1002410400B12B0400FE00000026410400BD
S214048A204C940400000000002C4104003C94040014
S214048A30000000000000000000000000000000002D
S214048A40508A040030410400B12B0400FE000000EC
S214048A5067FD03007C9404000000000062410400EB
S214048A606C940400000000006E4104005C94040052
S214048A7000000000000000000000000000000000ED
S214048A80908A040084410400B12B0400FE00000018
S214048A906DE90300E0940400000000000C280400C4
S214048AA0D094040000000000B91C0400C094040024
S214048AB000000000F7FB0300AC9404000000000074
S214048AC0A04104009C94040000000000B741040088
S214048AD08C94040000000000000000000000000069
S214048AE000000000F48A0400C3410400B12B040013
S214048AF0FE000000E8410400F094040000000000BA
S214048B000000000000000000000000001C8B0400B1
S214048B10ED410400B12B0400FE00000011420400E5
S214048B204095040000000000713F040030950400E6
S214048B30000000001D420400209504000000000010
S214048B402442040010950400000000003142040092
S214048B500095040000000000000000000000000073
S214048B6000000000748B04003C420400B12B040097
S214048B70FE000000AA400400F09504000000000077
S214048B8059420400E095040000000000FC040400C0
S214048B90D0950400000000002A140400C0950400C8
S214048BA00000000024400400B0950400000000000B
S214048BB067FD0300A0950400000000006042040066
S214048BC090950400000000006B42040080950400A9
S214048BD000000000784204007095040000000000C5
S214048BE08842040060950400000000009B420400D4
S214048BF05095040000000000000000000000000083
S214048C0000000000148C0400AD420400B12B0400E4
S214048C10FE000000FC0404000096040000000000AF
S214048C200000000000000000000000003C8C04006F
S214048C30CB420400B12B0400FE00000067FD0300D5
S214048C4070960400000000002A14040060960400D5
S214048C5000000000244004005096040000000000B9
S214048C60EE42040040960400000000002D3E04007E
S214048C70848C0400000000000000000000000000D7
S214048C8000000000948C040005430400B12B04008B
S214048C90FE000000014304003096040000000000BB
S214048CA0F7FB030020960400000000001B430400AA
S214048CB01096040000000000000000000000000001
S214048CC000000000D48C040024430400B12B0400EC
S214048CD0FE0000006DE9030090960400000000000A
S214048CE00C28040080960400000000000000000029
S214048CF00000000000000000088D04004443040047
S214048D00B12B0400FE00000064430400B096040087
S214048D100000000077430400A09604000000000052
S214048D200000000000000000000000003C8D04006D
S214048D308D430400B12B0400FE000000AD43040084
S214048D40D0960400000000007AF80300C0960400E1
S214048D50000000000000000000000000000000000A
S214048D60708D0400B12B0400B12B0400FE0000003B
S214048D70B7430400888D04000000000000000000D3
S214048D800000000000000000988D0400B12B0400D1
S214048D90B12B0400FE000000C34304002097040027
S214048DA000000000103304001097040000000000C8
S214048DB0C94304000097040000000000CD430400EB
S214048DC0F096040000000000D1430400E09604007E
S214048DD0000000000000000000000000000000008A
S214048DE0F08D0400E1430400B12B0400FE000000F3
S214048DF06DE90300A097040000000000FC43040093
S214048E0090970400000000000F44040080970400BC
S214048E10000000000C280400709704000000000006
S214048E201C44040060970400000000002D44040065
S214048E3050970400000000003B44040040970400E0
S214048E40000000004C4404003097040000000000BA
S214048E500000000000000000000000006C8E04000B
S214048E6059440400B12B0400FE00000073440400BF
S214048E70F491040000000000A6440400E4910400F9
S214048E8000000000E1440400D49104000000000047
S214048E90F8440400E88E04000000000002450400C4
S214048EA0B48E040000000000000000000000000073
S214048EB000000000C48E040006450400B12B040024
S214048EC0FE00000026730400149204000000000054
S214048ED03773040004920400000000000000000041
S214048EE00000000000000000F88E04002545040081
S214048EF0B12B0400FE00000092F80300C0970400A3
S214048F000000000001430400B097040000000000C5
S214048F100000000000000000000000002C8F040089
S214048F2038450400B12B0400FE0000006DE9030080
S214048F3000980400000000002A3F0400F097040094
S214048F4000000000C02D0400E097040000000000AC
S214048F500000000000000000000000006C8F040009
S214048F6053450400B12B0400FE0000003142040007
S214048F70189904000000000067FD03000899040027
S214048F8000000000FC040400F89804000000000040
S214048F90000000000000000000000000AC8F040089
S214048FA073450400B12B0400FE0000009145040044
S214048FB068990400000000009B45040058990400CA
S214048FC000000000A64504004899040000000000C4
S214048FD0DB2004003899040000000000B5450400B6
S214048FE028990400000000000000000000000000B3
S214048FF000000000AD4F0300C0450400B12B040080
S214049000FF000000A94F0300CD450400B12B040067
S214049010FF000000FDDA0000DF450400B12B040069
S214049020FF00000099DA00000C460400D44D04004A
S21404903001FF0000FDDA00004C460400B12B0400DA
S214049040FF00000099DA00007A460400D44D0400BC
S21404905001FF000031DB0000BB460400DC460400D0
S21404906000FF000031DB0000E54604004247040030
S2140490700000FF00ADDB0000504704006947040011
S214049080010001FF19DC00008E470400D0470400ED
S2140490900102FF00ADDB0000E647040015480400AB
S2140490A001000102FF00000029D900004648040020
S2140490B08248040007FF000049D9000088480400DD
S2140490C0BB48040001FF00005DD90000C34804004B
S2140490D0134904000100FF00B9D900002849040020
S2140490E0794904000101FF008DD900008949040074
S2140490F0C349040001FF00000DDA0000CB49040058
S214049100144A0400010000010707FF0049DC0000C0
S214049110664A0400BB48040001FF000049DD000065
S214049120AE4A0400F24A0400010700010700FF00EB
S2140491300B500300474B04008D4B0400010700014D
S21404914001FF0000D1DC0000C94B0400044C0400FD
S214049150010000FFA1DC0000224C0400664C040061
S2140491600100FF0071DC0000794C0400664C04002A
S2140491700100FF0019DD0000B84C0400C3490400D8
S21404918001FF000089DD0000F34C0400244D0400B8
S2140491900100FF00B9C60000B12B0400324D0400E4
S2140491A0000707FF5DC60000B12B04004B4D04000A
S2140491B0000707FF69CB0000B12B0400574D0400DD
S2140491C007FF000069CB0000B12B0400574D0400D4
S2140491D007FF00005D4F0300B12B04005C4D040044
S2140491E00000FF0045CB0000B12B0400EF23040071
S2140491F001FF00000DCB0000B12B0400944D0400C9
S21404920000FF00003DC60000B12B0400B12B040093
S214049210FF0000003DC60000B12B0400B12B040083
S214049220FF000000334F0300B12B0400B12B0400F1
S214049230FF000000334F0300B12B0400B12B0400E1
S214049240FF000000334F0300B12B0400B12B0400D1
S214049250FF0000000DC60000B12B0400CA4D040038
S2140492600101FF00F9C50000B12B0400DF4D040026
S21404927001FF00002F4F0300B12B0400B12B0400A4
S214049280FF000000C1C50000083F0400B12B040025
S214049290FF000000C1C50000E94D0400B12B040026
S2140492A0FF00000041C700000A4E0400214E0400DF
S2140492B00001000007FF00002B4F0300474E040088
S2140492C0B12B0400FF000000BDC40000614E040082
S2140492D0B12B0400FF000000A54F03008F4E0400CE
S2140492E0B12B0400FF000000974F0300A94E0400B2
S2140492F02B4D040000FF00003DCE0000CE4E0400BF
S214049300B12B0400FF00000091C30000E84E0400E7
S214049310B12B0400FF00000025C300000B4F04001F
S214049320884F040000000310FF00000001C4000082
S214049330DD4F04004B50040001FF0000D5C30000BD
S21404934060500400A350040000FF0000E9C20000BF
S214049350B4500400B12B0400FF000000294F0300A2
S214049360E3500400B12B0400FF000000C5C2000057
S2140493702F5104002B4D040000FF000091C2000092
S21404938070520400C552040000FF000075C20000BD
S214049390DF520400B12B0400FF00000059C2000095
S2140493A0EF520400B12B0400FF000000194F030025
S2140493B0035304008153040000FF000029C2000088
S2140493C00C540400B12B0400FF000000E5C10000AB
S2140493D0295404005454040007FF0000A5C10000EB
S2140493E05E540400B7540400000500FF5DC100008D
S2140493F06A5504007D5504000002FF0039C10000D0
S214049400AC550400B12B0400FF000000194F030004
S214049410BE550400F855040000FF0000CDC000004F
S2140494207E560400C4560400000301FFBDC00000BD
S21404943064570400AA570400000301FF0535010021
S2140494404A580400B12B0400FF000000215D03000D
S21404945072580400ED58040002FF000069E10000A1
S21404946042590400DB4F040000FF000035E1000011
S2140494706A590400DB4F040000FF0000E5E000002A
S21404948083590400B12B0400FF00000011270100DB
S2140494909C590400B12B0400FF000000E9260100DB
S2140494A0E9590400B12B0400FF00000075260100F2
S2140494B0145A04003A5A040000010100010102FF94
S2140494C04D260100B95B0400E15B040000FF0000C8
S2140494D02D260100085C0400B12B0400FF000000E8
S2140494E075250100325C0400B12B0400FF00000067
S2140494F0EB5A03004B5C0400B12B0400FF00000091
S214049500F11B0100715C0400A25C04000002FF0071
S2140495104D590300FF5C0400B12B0400FF0000005B
S214049520495903002C5D0400B12B0400FF00000021
S214049530A51B0100475D0400715D040000FF0000E8
S21404954065190100A15D0400B12B0400FF000000B2
S214049550E1040100B45D0400B12B0400FF00000028
S214049560C9040100CC5D0400B12B0400FF00000018
S214049570C9580300E55D0400B12B0400FF00000099
S214049580B5580300125E04008C5E040000FF000061
S21404959071180100CB5E0400B12B0400FF0000002C
S2140495A061170100435F0400B12B0400FF000000B4
S2140495B085030100875F0400B12B0400FF00000050
S2140495C069030100A45F0400B12B0400FF0000003F
S2140495D0E10301004F600400B12B0400FF0000000B
S2140495E0D5030100DD6004002261040000FF0000D2
S2140495F0A103010059610400AA61040000FF0000F1
S214049600CD010100DD610400B12B0400FF00000061
S21404961065F6000009620400726204000000FF00A0
S21404962065F60000C7620400296304000000FF001A
S21404963005F700006E630400A16304000002FF0047
S21404964023580300F66304004464040007FF000084
S21404965039F8000060640400B12B0400FF00000029
S2140496604DF6000084640400A964040000FF0000B2
S21404967059F7000002650400B12B0400FF00000047
S2140496801DF000003F650400B12B0400FF0000003D
S214049690E5EF000069650400B12B0400FF0000003C
S2140496A0FB560300A46504001366040000FF0000D4
S2140496B041E9000064660400E366040000FF00005D
S2140496C0ED560300296704007B67040000FF0000D2
S2140496D0CD560300C26704000F68040000FF0000B4
S2140496E0C3560300596804009768040000FF00008E
S2140496F0BD560300A76804009768040000FF000036
S214049700B7560300CE6804009768040000FF000004
S214049710B1560300F56804009768040000FF0000D3
S214049720AB5603001D6904009768040000FF0000A0
S2140497308756030046690400B12B0400FF000000AE
S2140497408D56030068690400B12B0400FF00000076
S214049750E9E3000090690400C96904000001FF0001
S21404976015E40000EA690400B12B0400FF000000C1
S21404977089560300156A0400B12B0400FF0000009C
S214049780D1E30000306A0400B12B0400FF0000009F
S2140497908DE300004B6A0400786A040000FF0000B2
S2140497A075E30000936A0400B12B0400FF00000078
S2140497B0BDCB0000BE6A0400B12B0400FF0000000D
S2140497C0BDCB0000E56A0400B12B0400FF000000D6
S2140497D0ADC00000F66A0400B12B0400FF000000D0
S2140497E079C000000B6B0400326B040000FF00001D
S2140497F079C00000426B0400326B040000FF0000D6
S21404980011C00000696B0400B12B0400FF000000C7
S214049810114F0300846B0400B12B0400FF0000000A
S2140498206DBC0000A76B0400116C040000FF000070
S2140498304DBC0000346C0400B12B0400FF00000093
S21404984035D800009A6D0400276E0400010000FF5E
S21404985019D70000446E0400986E040000FF000050
S2140498604DD70000AD6E0400FF6E04000100FF003B
S214049870B9D60000156F0400027004000107FF004B
S214049880154F030012700400B12B0400FF00000003
S21404989019D0000023700400357004000001010094
S2140498A00007FF0011CF00007070040081700400F0
S2140498B000010100FF0000004DD70000D070040036
S2140498C0E1700400010000FF89CE0000D07004009F
S2140498D01371040000FF00002566010024710400D3
S2140498E0B12B0400FF000000A1BC0000707104004E
S2140498F0B12B0400FF000000AB7D0300B12B040075
S214049900B12B0400FF00000049740100B12B0400D1
S214049910B12B0400FF0000000D740100B12B0400FD
S214049920B571040002FF0000B97B0100BD7104009C
S214049930B12B0400FF000000457B0100E971040020
S2140499400C7204000200FF002D7E03003572040032
S214049950B12B0400FF000000217B010057720400B5
S2140499607572040002FF0000F97A01008A7204008E
S2140499707572040002FF0000010000003445002058
S2140499800000000000000000FFFF00006756030010
S2140499900000000003000000FFFF0100DB56030088
S2140499A00000000004000000FFFF010069570300E8
S2140499B00000000004000000FFFF0000ED57030055
S2140499C00000000006000000FFFF00005F580300D0
S2140499D00000000019000000FFFF0100F15803001A
S2140499E0CD43040040610020000000000000000099
S2140499F00000000000000000E1720400649A040005
S214049A0000000000E7720400247D0400000000004B
S214049A10EE720400F47E040000000000B24104006C
S214049A20E47E040000000000F7720400D47E040004
S214049A300000000009730400C47E04000000000057
S214049A4018730400B47E04000000000029730400A8
S214049A50A47E0400000000000000000000000000D7
S214049A6000000000749A04003B730400B12B040049
S214049A70FE000000567304008C9A040000000000E8
S214049A800000000000000000000000003F82030009
S214049A905B730400B12B0400FF03010001013F04C3
S214049AA00201003F040202003D040202003D0401DC
S214049AB0020001020003010002023D04020100024A
S214049AC002020100020200000020202020202020A4
S214049AD02020282828282820202020202020202055
S214049AE02020202020202020208810101010101065
S214049AF010101010101010101004040404040404B1
S214049B00040404101010101010104141414141414A
S214049B10010101010101010101010101010101012C
S214049B20010101011010101010104242424242423C
S214049B3002020202020202020202020202020202FC
S214049B4002020202101010102000000000000000A4
S214049B5000000000000000000000000000000000FC
S214049B6000000000000000000000000000000000EC
S214049B7000000000000000000000000000000000DC
S214049B8000000000000000000000000000000000CC
S214049B9000000000000000000000000000000000BC
S214049BA000000000000000000000000000000000AC
S214049BB0000000000000000000000000000000009C
S214049BC0000000000000000000000000000000008C
S214049BD0A00100002814002000021000D049002034
S214049BE0C81500200000020800000000FFFFFFFF69
S214049BF0FFFFFFFFFFFFFFFF000000000000000064
S214049C00000000000000000000000000000000004B
S214049C102000000091A701001000000071A80100B8
S214049C2000000001000001010001010120C001B88C
S214049C300000000000000000FFFFFFFFFFFFFFFF23
S214049C40FFFFFFFFFFFFFFFFFFFFFFFFFFFFFFFF1B
S214049C50FFFFFFFFFFFFFFFF0001020203030405EF
S214049C6006080C0C0C00010203040707C8C8C8C881
S214049C70C8C8C8C8C8C8C8C8030404080808080868
S214049C8000B801B802B800B06CB8040054B80400B8
S214049C90030404080805000000000000000000009B
S214049CA00000000000000000EA06000048704C0FA8
S214049CB044700E0E30707E1302989A173870340F64
S214049CC034705A0F307048102C7048102870D01119
S214049CD02470E81120703E0F1C70901218700C133C
S214049CE014703A0FB110086001D80A7104B87F786E
S214049CF0020C7E78641000C6881F00A01DB8707819
S214049D0003B018600F3027B30F330111C04806980C
S214049D107C0229B0086001D8087109DD047109BB0A
S214049D2011101660A048086004100112FF3221507A
S214049D300860D048086000880698381400C4441F99
S214049D4000A000BA03DF107109DF0672029836031A
S214049D501DB8507800A044132814411581100860DB
S214049D6002D8147110880698201900C014C000B8D0
S214049D700698861B0091069892020160B83020D897
S214049D8006711EBC637C784D5412F03240DE0472B9
S214049D90404804DB08720DDD0C72044BEF301448A7
S214049DA00698F20400C4E0400054441208620132EB
S214049DB02140087C811140D91C72B1123032CF4A3E
S214049DC0013AB1DA107208D8067104D80871804CCA
S214049DD0237C5670684C441200C4A41E00A044148D
S214049DE0413AF3240164415C412A047580B800C4F6
S214049DF06040005481D8367140D90472237C084BE5
S214049E000698F20404BA1CB9767900C1204001B859
S214049E1035797F216121007906B906A901D8067132
S214049E2002981002804C307C0298640208D86A714A
S214049E3000C1544000B8141110D95E71584C441235
S214049E4080BDA26DFF25784C4412FC22513A28149A
S214049E50104C00C20CC101B824122814086228143D
S214049E600862281408622814304C304C00C11C4088
S214049E7000B814111814086100C5284001B8541518
S214049E80FF35047110491814B04C441208620132AC
S214049E90067102980401804C08D80C7107BA24D8BD
S214049EA0047106BA187004D80C7101BA40D80E7141
S214049EB002BA0A7005BA20D8047203BA204C4411B8
S214049EC0C04C1814086118149111383111429111BC
S214049ED0186110D90472EF3200C1084001B8141199
S214049EE010311E6111422814A11108611814069835
S214049EF06C1B181400C1084001B814111861FF3116
S214049F00181400C1448001B81411181408611814F8
S214049F103088024806989403009308DB047101F81D
S214049F2000A027B00F3000A01088B111186180D9A6
S214049F300A7100C1884000B80811009100A000C44E
S214049F40684000B8441000A000C0884000500411C7
S214049F508261041082601050F07200A054155045BF
S214049F601271069802050698920407B8707802B82B
S214049F7041781EBA5B7A5C7A5D7A00C220C001B86A
S214049F80241206982A1900C5481F00A05415511417
S214049F9000C3FF010000313D09647F3406989C022B
S214049FA0015851280475015841280E75811108611D
S214049FB002D90472FF0FCC7007B8727800F8EBBDB4
S214049FC000C0441F00A00411113D10D91271FF33C4
S214049FD0186300C1781002B8381107B9747958109C
S214049FE000A0069892020D300472044809DC04723C
S214049FF0084800C11CC101B8141100C3D01E00A03B
S21404A000911504351A7218131CBB08D804716C7B9E
S21404A01004D804716A7B1DBB2F7C5B7B1670044BD3
S21404A02018131CBB08D804716F7B04D804716D7BAD
S21404A030217C0C30026006987E040698C40B00B897
S21404A040B111186140D906720298580401BC00C2C6
S21404A050084001B800DC0A7124150265604A0A70DB
S21404A0602C4A241508654C4A043508D90471202462
S21404A07000C13C1F00A0141200DC327120D8067107
S21404A08001B80C70F0DA0C720CDB087102B8069892
S21404A0908604482400C3384101B834138F7B0E71FC
S21404A0A002B9911308DB047203B928707C491411B1
S21404A0B01110FD300DDC1C7200C0A01E00A00410A0
S21404A0C080D8107100C0448001B80410E5200475DF
S21404A0D0804900C3884000B8FFB8012011410871C8
S21404A0E0014118130824014200C1284000B8141185
S21404A0F001411C655141911520351E6551411813C7
S21404A1002813481300C3844000B8341003D81671CB
S21404A110073005DC1071B1108F780A7200C384C44E
S21404A1200350217B1DB8507800B800C13C1F00A026
S21404A13014121C602150F0300152281100A0402453
S21404A140076400C0FFFF0100013C17B0022001585D
S21404A1504028067518AC01EC00A0208800C020C07A
S21404A16001B8041217B4211304123052F87119649A
S21404A170402400C35C1F00A0341014110698F60D8A
S21404A1801961009211592129067600BB11590698C7
S21404A190D60D8762313B0472215A412A00A000C2C0
S21404A1A0686000B8B8B91F610D49181200A030885D
S21404A1B001B9116100C30000C0FF3110312800BC92
S21404A1C0002D0C75115418AC01EC312DF470196483
S21404A1D051134155312C009300A000C3C00FFEFF5D
S21404A1E050B2313A014250AA00A006983E07FFB08A
S21404A1F0867808715CB86B786E7800C2548001B8B3
S21404A20000C0D81F00A004100812B822217A237AAE
S21404A21052B8417801B80C6021A809B819604CA856
S21404A22000C0FFD1C1FF4FB2013A00C0002E30007B
S21404A23001424FAA24B86E78ACB9FFB004D80471B2
S21404A2404CB923A90698A80500C0139001000698E7
S21404A2502E0500A00698020519B81460FFB28C6299
S21404A2600F32826A214006982E0549BC21B952B89D
S21404A27049B207DE2A7105DE0871627C607C1D0C1B
S21404A2806179677864786B786278657863786078E3
S21404A290617C010C010C6878020C69786C78020CFD
S21404A2A000C22C8001B8277A287A267A6A78050CA8
S21404A2B041790A0CB11040D806710298BA06784A59
S21404A2C02B7A327A584A247A00C400011100404A94
S21404A2D000C0108400000812508800C584100100D5
S21404A2E0FBAD10BD01BB8A6B21B9FAA9C44A18128A
S21404A2F0217A227A00C0341F00A00410FCA88264CD
S21404A300411030300129F9A9F8ADFBB08260FBA8F2
S21404A3100330A0652110044820EC237A0410037A45
S21404A320184A2411DC4A01580029241004753150B7
S21404A330F8B1115081632A71514031400812FCB1C2
S21404A3408461FCA90F310E7117B0112817B1115989
S21404A3501028FA76C44AF9B11812217A227AA07023
S21404A36000950812F8A800C20C8001B8207A844A26
S21404A37000B80812020CA44A087A020C21B84178E4
S21404A380784A0B7A127A00C2C81F00A0FFB008D819
S21404A3900472184A241000DC0A7140A8042224100F
S21404A3A041A806989C0200C2481F00A02410015130
S21404A3B000C4FF01000041391150081200A006989D
S21404A3C03E0700BC00C20C8001B8217A52B8497816
S21404A3D0020C4878020C49B8417852AC21AC204AA9
S21404A3E0087A067A077A49AC00A059B840785AB178
S21404A3F001D9FC72427857B8407858B101D9FC723A
S21404A400427800A000C20C8001B8217A227A21B8D2
S21404A410547852B8BC4A24119979127107B9156157
S21404A4204CA9617800BB03BC0C64147009B91961AB
S21404A4304CA9417801BB126300C4002E300000C052
S21404A440FFD1C1FF4FB1013941414FA9E44AC8B811
S21404A450081224AB4CB823A80698A80500C004909C
S21404A4600100FFB186790471084806982E0500C0DD
S21404A4708009004040A809B8FFB108D9047103B8A0
S21404A48053A8B11004D80C7156BB607B57BA627AD5
S21404A490607A02D80C7156BB607B59BA627A607ACD
S21404A4A004B86E783DB8607800C05638000000C125
S21404A4B0B08001B814119979087200C0D60400005F
S21404A4C000C124C000B814119F79047208484CA82F
S21404A4D02EB8FFB108D906714AA804704BA80FB865
S21404A4E034A800C00C5E000046B2014246AA00C171
S21404A4F02C4001B8141108610631087100B9069899
S21404A500501106983E14B11101D90E710698921B8B
S21404A51002D906720698A00C0698381451140698A8
S21404A520920406982A110698641700A006984E17F7
S21404A53001D80A711CB85B7807B8757800B84CA8BF
S21404A5404AA84BA800C0F321FFFF46B1013946A92B
S21404A55004B86F7800A0FABC1964415C512C00C0A2
S21404A560581F00A00410012C06750698920406983D
S21404A570780FB110186005D8327140BA06980E14D8
S21404A58004B86578911004D816711CB86E7800C0AB
S21404A590684000B821780698781101400A721DB800
S21404A5A0427806984A1402985E0B1DB8717804B86F
S21404A5B06C7841B8427863784478FFB104D906725F
S21404A5C00298CA0900C004900100FFB1867904719C
S21404A5D0084806982E0500C32C1F00A000C274C0AD
S21404A5E000B82414481300BC48121C4B1C4A2414FC
S21404A5F0481300BC4812084B584A2414481301BC9C
S21404A60048124ABA447A427A4BBA447A427AFFB03B
S21404A61086780472617A4CBA647A657A3DBA607A4E
S21404A6204DB942B83FBB5B7966796179020C6479AF
S21404A630050C63796079050C627965795A7900C2EC
S21404A640340102B8241305B819603140081242B820
S21404A6506A78020C4A78020C40BCFFB208DA06712B
S21404A6604ABA06704BBA627A657A677A667A6A7903
S21404A670667B0298A40A00C32C1F00A000C274C004
S21404A68000B8241448131C4B1C4A241448133FBC1B
S21404A69048121C4A00BC4812084B444A2414481367
S21404A6A001BC48124ABA647A627A4BBA647A627A0D
S21404A6B0FFB3867B0472617A4CBA647A657A3DBAD3
S21404A6C0607A01D94E71647800C1708001B800C008
S21404A6D08000080008110698860B42B861784DB9C8
S21404A6E07F797E796A7868786278020C7B790F0CB9
S21404A6F07A79140C7479417860787579050CFFB210
S21404A70008DA06714AB804704BB8657801BC16645A
S21404A710407002D93C710698860B42B84DB96878E9
S21404A720407841787F797E797B790F0C7A79140C9E
S21404A730FFB208DA087171794ABA067070794BBAB2
S21404A7407279657A6A78020C4A78050C01BC16643C
S21404A750020C417940790C0C00C04C0102B8481038
S21404A7600698F20400C4784000B8007C00C0A01E1E
S21404A77000A0041180D93271911104D92C727F2063
S21404A78021200411FD310DDD207200C0448001B883
S21404A7900411E521147600C0244001B804118A7916
S21404A7A00871207C104C207C2AB86278511400C0B2
S21404A7B0581F00A00410012C17B001118768015817
S21404A7C041280E7605218769415C412D112D0670BE
S21404A7D00698920442B84DBB7C7B6478020C29B878
S21404A7E068785114404406750698920442B8447832
S21404A7F02AB84278FFB101D90C7100C1548001B85F
S21404A800CBB80811911004D8147100C0A01E00A083
S21404A810041080D8067107B8537800F807B800C14A
S21404A820CC1E00A000C220C001B8241228117778DC
S21404A83000F8B1109478387106989C02E4B911595E
S21404A8401128067600B80C70A0B9115901290475B0
S21404A850A0B8826000C3C01F00A03413012B3410BC
S21404A86000C3FFFF00FF42B13139114042A800A0E7
S21404A8701DB09178FA7142B86478020C00BA29AA1D
S21404A88000C4548001B842B84DB900C3C04001B8F2
S21404A8903413977B047240EC020C44785C7953AA18
S21404A8A00A0C281442B84DB9FFB301DB2671244CB8
S21404A8B000C3FF0FFF013814547940784178557966
S21404A8C0020C5B795A79140C5F795E794A7842787F
S21404A8D0347002DB1471527951795079020C5B7929
S21404A8E05A795F795E791E7004DB1A7100C4FF071B
S21404A8F0000000C3342102B848133FBB467B020C59
S21404A9005B795A793DBB407B4CBB447B457B00C39B
S21404A910301F00A03414403C207100C068C000B84A
S21404A920481028131C4B1C48341448102813144B86
S21404A93044483414481028134AAA4BAA04B86D781D
S21404A9401DB851785CB84B784E7800A000C074C02F
S21404A95000B80411108800B918106848041110884B
S21404A96001B90B6118102C4804111088008800C126
S21404A970231C000018104AB864784BB86478260C78
S21404A98028B000C1FFFF0FF0113871B90B611140F8
S21404A99028A828B97379747900C21010303045AAF3
S21404A9A054790E0C00C0E84001B8041100C23030DF
S21404A9B0101045AA0E0C0410008810880698620D24
S21404A9C00091009020888F618F600698620D009039
S21404A9D0886A21400112906A035800C13F3F000074
S21404A9E01138FFBC022441281138014245AA28B96F
S21404A9F053794AB844784BB84478009000911810BC
S21404AA0000912C48181000916848181000A091680E
S21404AA10436091694361115B012B11284160312821
S21404AA20315B00BA302806763128204A4163302844
S21404AA3006763128104A4163302806763128084ABB
S21404AA404163302806763128044A41633028067666
S21404AA503128024A416330280476014A00A011597D
S21404AA6010D906710860086008D90471086004D912
S21404AA700471046002D90471026001D90471016092
S21404AA8000A000BA01D806710148112A1F610160AE
S21404AA9001D8F6720138F67200A000C220C001B8D0
S21404AAA0241211592129127300210E7100C238C0D4
S21404AAB001B824120121212900A002B020D8147163
S21404AAC000C0B01E00A0041002B94579069876139B
S21404AAD0EA7003B09F78087200B806A800F80698D3
S21404AAE03E0700C5641F00A05088044D1CBC00C06F
S21404AAF0B41E00A0811101D91E71407C0095011579
S21404AB000C4D5088044DFFBB1863315B0411069846
S21404AB10EE0D3129F8750698681A54150698921B96
S21404AB2001D908720698580706700698F4071CBBE5
S21404AB30547B06984E1701D8067202981A0FFFB96E
S21404AB4001211038F67281129B7AF07100C244809B
S21404AB5001B8241400C0C01E00A004100113002075
S21404AB60041040500C7200B90698280F18B90A70E1
S21404AB7018B90698280F00B900B806981E0F704A30
S21404AB8008B806981E0F00C2284000B814B80698E5
S21404AB901E0F00C2EC4001B80CB806981E0F202207
S21404ABA010B806981E0F1088308806985807009329
S21404ABB000910698280F00C0C41E00A00412FFB916
S21404ABC0012121411810009500F83128112804109D
S21404ABD0081200A004B831281128F8B1181000A0F3
S21404ABE0069880080E700698C40B06988008069887
S21404ABF07212069812079112211900C02C4001B84F
S21404AC000A78097800F810B901BA06980414069868
S21404AC102A110698641700C5641F00A081109D7849
S21404AC20FC7200F8911203321CB900C3A01E00A0E7
S21404AC30341300C4B04000541DB84278707903DE63
S21404AC40067144783A707179A11020D8067102987A
S21404AC50541080DB1C7102D8187205B80814A110B1
S21404AC6010300248081400B808149110086008143C
S21404AC701DB86278A11000DC0676517900BA0698F1
S21404AC804E1701D82272911120311D61911004D8FB
S21404AC900E7200C1501F00A0141101D90A71208839
S21404ACA006985011009200C1204000B801DB1871CC
S21404ACB0084C03DE0471904C441400C3FF1F0000CC
S21404ACC0413BFF233811944900C3384101B834137B
S21404ACD0086380DB0C7103BA186206983C1008708F
S21404ACE0186206983C100C4908790979141021401A
S21404ACF0081100A000BD0698760210B903DC0471A2
S21404AD0000B901BA0698041402D9067100404E72BE
S21404AD1003B118610F3106987811FFD82872811094
S21404AD2008D8187106DD0A710698760203DC0C72E0
S21404AD300698BC1106984A140C7006DD1071069825
S21404AD40C211487020B804A806DD10720698800860
S21404AD500698120701F840B804A800F800C0A01E20
S21404AD6000A00413086301DB22719110011118611D
S21404AD7011381DB910D8087144790298541002DBB2
S21404AD80FA72A11328DBF47203BD06981E11069806
S21404AD9080081DBA7F7A0698F20400C5681F00A0D2
S21404ADA00698760200BA03DC1672044DA11002D887
S21404ADB004711C4D00C10CC101B80698AE045415AC
S21404ADC0212D06983E050298AA08911001550335D0
S21404ADD05150011900A000C14C1F00A0141001D846
S21404ADE0427101480860FE200E75811020D8087153
S21404ADF000C1501F00A0141101D9287100C02C40B6
S21404AE0001B80412215108610F311861115228103B
S21404AE1000C0084001B8041191122151203111528A
S21404AE20211900A0811380DB067201B800A000C3BC
S21404AE3014C001B8341006302E726C4B34121C4BFE
S21404AE403410186002302072811080D8DE713410FD
S21404AE50014A08620460803021508C480A717F23BE
S21404AE604D233410013000A000BD06981E111CB8F6
S21404AE7047784578437802B8447800A00698800856
S21404AE800698BC1100C5741F00A0541506983E050C
S21404AE900298AA08B1138F7B0A7200C384C40350B5
S21404AEA0017B06983E1400C1384101B814118F790D
S21404AEB00E7100C1B84000B800BA06983C1050BAEB
S21404AEC006980E1406987811FFD84A71911004D883
S21404AED04872811008601CD8407220D9387211124A
S21404AEE0FF322151347180218021111400C0D81EF4
S21404AEF000A00413FFBA3151113A215111531DB960
S21404AF0038107B7940440E7200B900C2AC1E00A013
S21404AF101812067004B860780698381400F800B959
S21404AF2000C2A44000541812644A0AB918121CBA83
S21404AF30507A517A1DB942795F7900A00698760254
S21404AF4007DC1072911000200A7506987212029897
S21404AF50660F0698120701B9911004D8047100B957
S21404AF6010BA0698041400BA0040347100C0A01E3B
S21404AF7000A00411086101D9127104D9E27281108B
S21404AF80086001D8DA711DB8647800C11CC101B824
S21404AF900698AE0401B81160002A047600BA00C50B
S21404AFA0781F00A05415212D06987212069858078B
S21404AFB000C57C1F00A000F800BC811108D91672D9
S21404AFC080D9207201B910BA0698041400400E7194
S21404AFD001BC10700698BC1106984A1420B804A840
S21404AFE000F80698721281110231127100B900C27B
S21404AFF0144000541812244A02B918120698BC11B8
S21404B00000C5801F00A054150698F01A0298AA08D6
S21404B0100411012114711CBA737A04200412281135
S21404B020042004110121F47200A00698F20401F829
S21404B03006984E1701D81671FFB9012110380E7202
S21404B04081109B78087104B9677900F8911010D8BC
S21404B050287100C51CC101B854110698EE0D00C530
S21404B060C81E00A054155129EA7507B876781DB88D
S21404B070447801B804A800F8B110186010D82E71EE
S21404B08000C05040005400C3084000B83114984C27
S21404B09044113411086101D9FA7144122810086267
S21404B0A028100862281008622810E8700298B00277
S21404B0B006989202113804721E6202BB00C1D81EA2
S21404B0C000A0141120390C72911210DA0672417B1A
S21404B0D000A006983E1400C2A01E00A0241220DA87
S21404B0E00472617B1CBA527A00A01CBA727A81126E
S21404B0F004DAFC7200A01CB86B7800C0684000B884
S21404B1002F7800A006984E1701D83A7100C22C403A
S21404B11001B82410036091112031015138311150C7
S21404B1201D6008121DB9457900C2448001B8241276
S21404B13000C0C01E00A004101820002004102050D8
S21404B1400471657910631EB9637900B902EC00CD09
S21404B150114502EC00CC01DB087100BB0298D6183E
S21404B16003B841110731FA211C760621911210DA30
S21404B170087102DD10721E7020B80698B20D3038C1
S21404B180147208B806987E0400C02C4000B82978CB
S21404B190207800F8056020D8067102980C1602EC98
S21404B1A000CA05B823DA187104DBDA7120DAD6711E
S21404B1B010DAD2721EB8617800B801DA067202ECB0
S21404B1C000C8911110D9267100C1B81E00A0141130
S21404B1D01150FF300C720761A110115002300A7131
S21404B1E080DB0A720AB89E701DB97C7918609111CA
S21404B1F011402111C031114001191EB8411108D95E
S21404B2000471667820D904726578A11002D8067293
S21404B210C0DA1E711EB8273123DD087210DB1072E7
S21404B220607825DD0A7121DD087208DB0471627816
S21404B23003B8411107310872A1152035AA7102DD41
S21404B2402072A11120D9A07102D91672CCDA987294
S21404B250411140D9927206B8054D5A720298AE143E
S21404B26021114049C0D94C71A031411540350265C1
S21404B27051410461086308DA1E7204DA3672104912
S21404B280A1150235067110DB0E7201340A7108DB53
S21404B29022711EB86778CC3211101A300ADC087294
S21404B2A0CCDE0471FD3100C00D0F0C0D216001D8F9
S21404B2B05C7207B80298D81400BA411108D90C7108
S21404B2C002EC00CA05B830DAEC720734F0310361D8
S21404B2D001DA0471014900C0F300A3E3216001D838
S21404B2E0D27100C09814406821604030014440DAAE
S21404B2F00471204C04320262204A111006301F608A
S21404B300014218311D6111420298F614204A00C009
S21404B310051708502160113001422088FFBB0DDA62
S21404B320507100C1DE1B250180BC04DA107208DAF5
S21404B3300A7200C120841000E024A024086341435C
S21404B340026401DA06711E49024B00C0201F00A0E9
S21404B35008633810BC2002DA127101B91159A1131E
S21404B36080DB087100C100FCFF0118100298621807
S21404B37000C4A01E00A0441080D87C710092D0DACD
S21404B38006710DDA0C711EBD437DEFBD06981403DD
S21404B39004620DDA8672A11105D95C7100C24040C0
S21404B3A0005424121424281401D9067202D93271C6
S21404B3B040D91E7102EC00CA211018320471FA2218
S21404B3C020D804720822FE22087502EC00C8F87021
S21404B3D001D90E7102EC00C802D9067204DC187298
S21404B3E000C0A01E00A004101D6001D806711EB87F
S21404B3F0647807B873780298D61800C0A01E00A018
S21404B400041080300A7100C0C41E00A0041000A0FE
S21404B41006984E1701D82E71911010D828728110F4
S21404B420A0D8227203B084781C7200C12C4001B8E4
S21404B43014100DBA487A697A6B7A08111CB87B78AE
S21404B44007B8757800A0641000C6881F00A0C3B8AB
S21404B45006987C0200C4441F00A014BA281400B83E
S21404B460011AB1108F780A7200C084C403500178A0
S21404B47091101030011905BA06980E1402D90671F7
S21404B48001B804A800C0A01E00A004130698641106
S21404B49080DB0671029858141DBA7C7A01DB6A7147
S21404B4A000C2241F00A024111114FF3402EC00C8AB
S21404B4B0FF24FA7608610698C20D046111380F302D
S21404B4C004611114011141100698C20D01D80872C6
S21404B4D003B80298D8140C4A01DB227124101128F0
S21404B4E01128041202300471106200C0FFFF00002D
S21404B4F0213800C2204000B8FF200812411008601E
S21404B5000698C20D01D87C7120BC1033767100BB3E
S21404B51000C1201F00A01415C021112C511218625E
S21404B5200F320E71408851140698FA18414300945D
S21404B530511208651C620F320E714111511406989F
S21404B540FA181C6441430865513B00C1DC1E00A088
S21404B5501411111231100F30127100BA056101D89E
S21404B5600471114201600FD8F472311003601E306A
S21404B570047201B8003A087204B80298D814029803
S21404B580C41600C0384101B804118F7914717F20A5
S21404B590692004110861303110DD06711DBA637A22
S21404B5A00698120300F830885088FF34087102ECBD
S21404B5B0FF24F87002EC00CD141059500144042105
S21404B5C0FF22F2720F4C0095009300A000C1A81E43
S21404B5D000A0141100A030880698421B811108614F
S21404B5E002D906720298061A1CBB557B086120D93C
S21404B5F006710298F6190088A1101860069820199A
S21404B60008211415FC251EBB5C7B5D7B00C108402D
S21404B61001B814110731FE21307608D82A72511366
S21404B620FC23341304DB20711863FF33315B00C141
S21404B63010C000B81411086180490C71FF3130291C
S21404B64054751EBB7B7B10707B7B7C7B00DD04719A
S21404B6507D7B01BB3815EC25541300DF547104259B
S21404B66005DF54715415211120880698EE0D0092BA
S21404B67051293E7500C1084001B8141102DB0C7153
S21404B6800731315B31292A760C7004DF08720161B8
S21404B69080D91E720698201900C010C000B80698FB
S21404B6A0861B069820191411FFD9607202984C1A4A
S21404B6B00090009300A05415A111186110D9A67229
S21404B6C0082508D8A071082510D89A712088211159
S21404B6D00698EE0DFC255412112AF82554110C2553
S21404B6E020D80871F02554111025202904762159F4
S21404B6F0181500920298B81907B97179811010D8F4
S21404B7000A711CB8447802B841781CB9747904B933
S21404B710677900F88110A0D808711CB9497900A08F
S21404B720086002D8FA7106982019108806983E1404
S21404B730106210DA087108211415F025541100C29D
S21404B7400020FEFF202912750698921B01D90A7262
S21404B750069880080698120700941CBB41100C201B
S21404B76006986413411108211410069864133128AE
S21404B770441111120861FF31FF3201221052107277
S21404B7801861181404244413042438140C70186123
S21404B79021411814082408140298381440441471DB
S21404B7A000C1AC1E00A0141551131C630FDB0C72F1
S21404B7B0196506980205411500A000C3784000B834
S21404B7C03413807B06720698120706983E1408BB4C
S21404B7D051140698B01A4415FC25541500C3784035
S21404B7E000B83413807B047100A002983E051CB98F
S21404B7F000C3A01E00A03413086308DB1A7181136B
S21404B800A0DB0671497910706979086302DB087257
S21404B81004B9677900F800A08111086102D9107193
S21404B8201CB97579069820191411FF3100A0FFB9C8
S21404B83000A0041008211411F421081100A081119D
S21404B840106110310E710698201908211411F82180
S21404B850141100A0ACBA04000000000084B8040070
S21404B860010000000000000000F04902ACBA040029
S21404B87000000000A8B8040001000000000000005A
S21404B88000F04902CCB804004063598F404B4C008A
S21404B8900B000B001A00FF7FD4610020000000009C
S21404B8A04EBD040000000000BCB904004063598F7C
S21404B8B0404B4C000B000B001A00FF7FD4610020A5
S21404B8C0000000004CBD040000000000FC1F010343
S21404B8D0ACBC04001CC0011000F807001CC00130FA
S21404B8E01402080050C001008741300424400601B9
S21404B8F0070062003870000000000000000000032B
S21404B9000068010F40B8244058400101FC0069005B
S21404B910804005012363E0119BC34A74F0030000D2
S21404B92003800000BE0A0000E0400101330000006E
S21404B930F0400401590B0000640483078813C83AD6
S21404B94090200A0028410101001E00003C410B0122
S21404B95000148C00141A21282E343B4249504355B7
S21404B9607698BA0C286900000100000007212864B4
S21404B97014171A002004C869A1203A093C420101A0
S21404B98029000000A080020170780300D5C00000E2
S21404B990A8800111F0010000A88001310542CB0106
S21404B9A0AC800111F0010000AC80013105228D004D
S21404B9B0B080010100030002FFFFFFFFFC1F01032C
S21404B9C0FCBC04001CC0011000F807001CC00130B9
S21404B9D0F502080050C001008741300C24400601DF
S21404B9E007C0520000000000000000000000000332
S21404B9F00000000000000000584001016402FF003F
S21404BA00804005014B01A0089BC34A74F003000064
S21404BA100000000000000000E040010133000000C8
S21404BA20F040040100000000640483078813C83A49
S21404BA309C200A0028410101031000003C410B0130
S21404BA4000000000000000000000000000000000ED
S21404BA5000000000000000000100000000000000DC
S21404BA600000000000000000000000003C4201014D
S21404BA7000000000A080020170780300D5C000001A
S21404BA80A8800111F0010000A88001310542CB0115
S21404BA90AC800111F0010000AC80013105228D005C
S21404BAA0B080010100030002FFFFFFFF0C4002000C
S21404BAB0018014007F4000002040020000000000C7
S21404BAC000000000304007000000000000000000F6
S21404BAD0000000000000000000000000000000005D
S21404BAE0A007000050400100000000005C40020077
S21404BAF00000000000000000A8400100070000004D
S21404BB00B440040000400000FF4C00000041000068
S21404BB10FF4D000008C001000000000020C0011016
S21404BB20FF00000020C001300043000024C00400D1
S21404BB30EC80B3034375A802000000002E02000048
S21404BB4054C003000E2D09E654060708D1B60200B9
S21404BB5064C008000430000040201006C8F24818EC
S21404BB601FE8F600BD4B721511A318051032547663
S21404BB70980A000088C001000000000008000101C7
S21404BB800407000018000101000000002000010165
S21404BB90088400001C4002011000000020F9130471
S21404BBA05C4005014108000001000000B0070800E1
S21404BBB0A7000000000000009440070101011030B7
S21404BBC050707F7F000000000000000000000000AE
S21404BBD00000000000000000E44001010000000036
S21404BBE0EC4001017DA8D98B0041020100612000D0
S21404BBF0B75635120C410301F954120020300429BB
S21404BC0088BB4000244101010000000030410301CC
S21404BC106406660C0C010000E853FA006841030150
S21404BC206404830788138200000000003042030186
S21404BC30000000000000000E000000004442010165
S21404BC40000000001080010103000000388002019B
S21404BC501149100001000000888001010000000066
S21404BC609C800101EB400200B48001013700000112
S21404BC7088000202000C00044C000000940001023C
S21404BC8000040000D00002020E0000009002960895
S21404BC90E40001023D094204F40001020000000031
S21404BCA01801010260005102FFFFFFFF12000000AE
S21404BCB0666666000000000060BD040050BD040017
S21404BCC000000000001A9A00005A620280841E00D7
S21404BCD00420FE001149500200000000000000008D
S21404BCE0000000000000000000000000B1841E00F8
S21404BCF00000000000000000000000001200000029
S21404BD00666666000000000060BD040050BD0400C6
S21404BD10000C0000001A9A00005A620280841E007A
S21404BD20042000001149500200000000000000003A
S21404BD30000000000000000000000000B1841E00A7
S21404BD4000000000000000000000000005040000E1
S21404BD50E1190000E11900000000000000000000E6
S21404BD60193F010604100100000101060010270017
S21404BD70000900000000000000000000D5B001002B
S21404BD8085B0010091B0010081B10100E587030090
S21404BD907F8D0300838D0300878D03008B8D030046
S21404BDA08F8D03000001030464EE01001000000000
S21404BDB024E101001A00000079EB010011000000E4
S21404BDC075E401001100000063E5110004000000A2
S21404BDD023E111000400000025E101000800000032
S21404BDE026E101000A00000027E10100020000002D
S21404BDF0000000000000000068BF040057BF0400F5
S21404BE000000000069BF04009382040000000000E4
S21404BE108D8204008F8204000000000091820400DA
S21404BE2035BF04007EBF0400948204008E820400A2
S21404BE3000000000928204004CBE04008B820400C2
S21404BE408C820400908204008A82040000020304A8
S21404BE500508090A0B0001020304051D2000B401AD
S21404BE6008020200AA00FFFFFFFFFFFFFFFFFFFF1D
S21404BE70D1EE0200090E0200753D0200F521030012
S21404BE8085400200B1940300B3940300B594030004
S21404BE90B7940300BDB802002D8E0200D5D502006B
S21404BEA0911B0300952D0200AD940300B992020085
S21404BEB0450C0300A91E0200AF940300617D030035
S21404BEC0A12502007F5103000000000000130000BB
S21404BED00000000000000000000000000100000058
S21404BEE0A19602000200000027A60300030000003B
S21404BEF0F995020004000000A1A503000500000057
S21404BF009995020000000000000000000023001BBA
S21404BF102200FF00000000000C09020200000000DE
S21404BF201C1A0B0303FF06080402020204020A0B8F
S21404BF30030302030480FF0204FF01010101080059
S21404BF40000000000000005A6967426565416C6C99
S21404BF5069616E636530398000001838103000005F
S21404BF60000000008F8E8C8081815A696742656567
S21404BF70416C6C69616E6365303906080C1080008C
S20C04BF805C8DFB7F010000004C
S21004BF8894BF0400505E0020B7010000C7
S21404BF940000000000000000FFFF00000100000095
S21404BFA40000000000000000000000000000000084
S21404BFB40000000000000000000000000000000074
S21404BFC40000000000000000000000000000000064
S21404BFD40000000000000000000000000000000054
S21404BFE40000000000000000000000000000000044
S21404BFF40000000000000000000000000000000034
S21404C0040000000000000000000000000000000023
S21404C0140000000000000000000000000000000013
S21404C0240000000000000000000000000000000003
S21404C03400000000000000000000000000000000F3
S21404C04400000000000000000000000000000000E3
S21404C05400000000000000000000000000000000D3
S21404C06400000000000000000000000000000000C3
S21404C07400000000000000000000000000000000B3
S21404C08400000000000000000000000000010000A2
S21404C0940000F0010800000008100020010023013D
S21404C0A40400000010100020060030010100000007
S21404C0B414100020DB2E0300000000000000000023
S21404C0C40000000000000000000000000000000063
S21404C0D4000000000000000000000000FFFFFFFF57
S21404C0E4C0EA2101C0EA21010080000000F04902F0
S21404C0F4B45F002000600B0000800000182E0020AF
S21404C104C8000000FE0000000000000018750400CB
S21404C11418100020FFFFFFFFC87804003300000057
S21404C124B5DF000033000000515603003CF503005D
S21404C13440F503004DF503005AF5030067F50300C4
S21404C14474F5030087F5030099F50300A6F50300C8
S21404C154B3F50300C0F50300D5F50300E8F50300C2
S21404C164FAF503000FF603001EF603002FF6030089
S21404C1743EF603004EF603005AF6030067F6030081
S21404C18477F6030089F6030098F60300A7F603007F
S21404C194B0F60300C5F60300DAF60300EFF6030070
S21404C1A40FF703001DF703003CF7030057F70300DB
S21404C1B46AF7030077F703008CF703009BF7030082
S21404C1C4AAF70300BCF70300CEF70300E1F7030065
S21404C1D4F4F703000AF80300000000000F00000050
S21404C1E4FF00000000000000000000000000000043
S21404C1F40000000000000000000000000000000032
S21404C2040030E70400C818037B0004008000040020
S21404C214AD000400D8000400060104003401040040
S21404C2246301040090010400C0010400F00104004A
S21404C23440020400FFFFFFFF005C260500610020A7
S21404C244060000008099040000000000F83D002069
S21404C2540000000000000000F882040034450020BA
S21404C26424610020F4470020C9720400060000007C
S21404C274000000000000000000000000E099040034
S21404C284F8990400D4720400B12B0400FE000000E4
S21404C2945461002000000000044800206C4800207C
S21404C2A4D448002000000000000000000000000045
S21404C2B40000000000000000000000000000000071
S21404C2C40000000000000000000000000000000061
S21404C2D40000000000000000000000000000000051
S21404C2E477830300CC9B0400FFFFFFFFBB86030099
S21404C2F4B7860300FFFFFFFFBF860300FFFFFFFFB1
S21404C30401DC0100FFFFFFFFFFFFFFFFFFFFFFFF4E
S21404C314FFFFFFFFFFFFFFFFFFFFFFFF000000001C
S21404C32420A107000000000001C90300000000006B
S21404C33400000000000000000000000000000000F0
S21404C344000000000000000000000000144E00205E
S21404C354FD0302008D1D0200B12B04000000000042
S21404C364000000000000000000000000144E00203E
S21404C374950A020000000000B12B0400000000002F
S21404C384000000000000000000000000144E00201E
S21404C394D91402008D1D0200B12B04000000000015
S21404C3A4000000000000000000000000C173040048
S21404C3B4144E00203122020000000000B12B0400B9
S21404C3C40000000000000000000000000000000060
S21404C3D4144E0020B536020000000000B12B040001
S21404C3E40000000000000000000000000000000040
S21404C3F4144E0020253C020000000000B12B04006B
S21404C404000000000000000000000000000000001F
S21404C414144E00202151020000000000B12B040039
S21404C42400000000000000000000000000000000FF
S21404C434B80B0000144E00209156020000000000C1
S21404C444B12B0400000000000000000000000000FF
S21404C45400000000144E0020F161020000000000F9
S21404C464B12B0400000000000000000000000000DF
S21404C47400000000144E0020B56302000000000013
S21404C484B12B0400000000000000000000000000BF
S21404C49400000000144E0020A99B030000000000C6
S21404C4A4B12B04000000000000000000000000009F
S21404C4B400000000144E0020DD69020000000000A5
S21404C4C4B12B04000000000000000000000000007F
S21404C4D400000000144E00204D700200000000000E
S21404C4E4B12B04000000000000000000000000005F
S21404C4F400000000144E00202BA8030000000000D7
S21404C504B12B04000000000000000000000000003E
S21404C51400000000144E002085D502000000000030
S21404C524B12B04000000000000000000000000001E
S21404C53400000000144E0020F5ED02000000000088
S21404C544B12B0400000000000000000000000000FE
S21404C5540000000033B10300144E0020011C030045
S21404C5648D1D0200B12B0400000000000000000032
S21404C5740000000000000000144E0020C522030042
S21404C58400000000B12B04000000000000000000BE
S21404C5940000000000000000FFFFCEFAEFBEFFFF1D
S21404C5A4FDFFFDFF2C01001E2C0140068000102711
S21404C5B4FFFF04F8FFFF0C0000000000000040002A
S21404C5C4FDFF2C019C000000FFFFFDFFFFFFFFFFA3
S21404C5D460EA8000800010C1CDAB01FFFFFFFFFFBF
S21404C5E4FFFFFFFFFFFFFFFFFFFFFFFFFFFFFFFF4E
S21404C5F4FFFFFFFFFFFFFFFFFFFFFF01FF05FFFF36
S21404C604FF0101FFFF0201FFFF640250FF0F010256
S21404C61408031E0605021601010A0C052007051068
S21404C62410010F080410010601010104FF030101AF
S21404C634FF0C01FF405AB47F0150403000FFFFFF57
S21404C6440B03FF050B0101FF03010305020201FFAF
S21404C654FFFFFFFFFFFFFF010102FFFFFF40FF0193
S21004C66401000000BD4C0000954C0000D6
S804006D117D
